| date | open | last | high | low | volume | amount | exchange |
| --- | --- | --- | --- | --- | --- | --- | --- |
| 2026-08-14 | 2931.94 | 2924.61 | 2932.84 | 2922.87 | 16029764 | 63083973814 | 0.10 |
| 2026-08-13 | 2945.5 | 2928.12 | 2960.24 | 2925.8 | 519644 | 190177260000 | 0.32 |
| 2026-08-12 | 2931.32 | 2938.39 | 2944 | 2925.04 | 441655 | 155842130000 | 0.27 |
| 2026-08-11 | 2956.6 | 2929.93 | 2971.4 | 2928.19 | 495977 | 181512240000 | 0.31 |
| 2026-08-10 | 2963.24 | 2967.73 | 2980.64 | 2954.62 | 479158 | 209769470000 | 0.30 |
| 2026-08-07 | 2917.44 | 2960.42 | 2960.94 | 2913.59 | 513407 | 203484740000 | 0.32 |
| 2026-08-06 | 2913.41 | 2920.13 | 2925.67 | 2906.45 | 578737 | 193831270000 | 0.36 |
| 2026-08-05 | 2882.51 | 2924.06 | 2932.4 | 2882.51 | 658928 | 237116400000 | 0.41 |
| 2026-08-04 | 2890.99 | 2878.67 | 2892.4 | 2867.93 | 610348 | 195111350000 | 0.38 |
| 2026-08-03 | 2908.51 | 2887.05 | 2912.21 | 2873.56 | 569229 | 185011290000 | 0.35 |
| 2026-07-31 | 2944.94 | 2922.97 | 2946.17 | 2919.41 | 710934 | 240401380000 | 0.44 |
| 2026-07-30 | 2902.38 | 2926.48 | 2932.72 | 2881.52 | 679338 | 237811810000 | 0.42 |
| 2026-07-29 | 2948.71 | 2915.19 | 2948.71 | 2885.19 | 591016 | 219910760000 | 0.37 |
| 2026-07-28 | 2921.31 | 2923.21 | 2931.15 | 2901.73 | 575734 | 180631700000 | 0.36 |
| 2026-07-27 | 2976.92 | 2950.43 | 2976.92 | 2919.46 | 509140 | 174000930000 | 0.32 |
| 2026-07-24 | 2971.51 | 2956.35 | 2971.95 | 2941.3 | 583549 | 189578560000 | 0.36 |
| 2026-07-23 | 3003.5 | 2978.77 | 3003.5 | 2966.9 | 574874 | 204207140000 | 0.36 |
| 2026-07-22 | 2954.88 | 2991.05 | 3008.38 | 2954.88 | 689325 | 268344450000 | 0.43 |
| 2026-07-21 | 2953.01 | 2973.81 | 2973.83 | 2904.48 | 818479 | 291847860000 | 0.51 |
| 2026-07-20 | 2852.25 | 2912.85 | 2912.85 | 2852.25 | 890295 | 283178170000 | 0.55 |
| 2026-07-17 | 2887.09 | 2827.67 | 2890.1 | 2814.36 | 714407 | 257315960000 | 0.44 |
| 2026-07-16 | 2927.32 | 2904.12 | 2948.95 | 2892.05 | 560284 | 232326670000 | 0.35 |
| 2026-07-15 | 2955.76 | 2967.07 | 2983.41 | 2948.09 | 619485 | 250453300000 | 0.39 |
| 2026-07-14 | 2909.93 | 2955.55 | 2955.55 | 2875.36 | 669982 | 260712820000 | 0.42 |
| 2026-07-13 | 2931.5 | 2913.19 | 2952.93 | 2901.46 | 637243 | 255468210000 | 0.40 |
| 2026-07-10 | 2996.84 | 2955.52 | 3026.43 | 2955.49 | 603409 | 302407180000 | 0.38 |
| 2026-07-09 | 2926.14 | 2995.79 | 2999.49 | 2921.88 | 572884 | 265882290000 | 0.36 |
| 2026-07-08 | 2929.9 | 2920.84 | 2955.52 | 2915.8 | 514382 | 210009500000 | 0.32 |
| 2026-07-07 | 2932.81 | 2921.89 | 2952.49 | 2910.66 | 520009 | 205659680000 | 0.32 |
| 2026-07-06 | 2949.92 | 2957.97 | 2966.28 | 2920.83 | 601192 | 247672500000 | 0.37 |
| 2026-07-03 | 2917.52 | 2931.28 | 2957.26 | 2917.48 | 598874 | 249211060000 | 0.37 |
| 2026-07-02 | 2938.77 | 2912.28 | 2957.88 | 2905.85 | 658604 | 276810190000 | 0.41 |
| 2026-07-01 | 2976.36 | 2985.24 | 3015.63 | 2966.36 | 632714 | 299913090000 | 0.39 |
| 2026-06-30 | 2972.35 | 2989.4 | 2993.48 | 2963.45 | 601194 | 273985140000 | 0.37 |
| 2026-06-29 | 2911.34 | 2991.08 | 2991.52 | 2904.93 | 645646 | 293638490000 | 0.40 |
| 2026-06-26 | 2961.04 | 2906.94 | 2965.41 | 2887.76 | 637825 | 264764550000 | 0.40 |
| 2026-06-25 | 2944.45 | 2977.57 | 2993.02 | 2942.55 | 704425 | 299492830000 | 0.44 |
| 2026-06-24 | 2919.85 | 2943.9 | 2948.06 | 2919.85 | 642398 | 266134740000 | 0.40 |
| 2026-06-23 | 2998.03 | 2926.83 | 3019.34 | 2913.24 | 781881 | 288935600000 | 0.49 |
| 2026-06-22 | 2929.73 | 3012.65 | 3015.16 | 2915.54 | 812298 | 308371280000 | 0.51 |
| 2026-06-18 | 2926.49 | 2928.75 | 2956.23 | 2924.34 | 709136 | 289737910000 | 0.44 |
| 2026-06-17 | 2905.21 | 2934.47 | 2936.61 | 2901.42 | 534829 | 225869570000 | 0.33 |
| 2026-06-16 | 2933.96 | 2913.99 | 2936.7 | 2904.36 | 572440 | 203894420000 | 0.36 |
| 2026-06-15 | 2919.69 | 2938.65 | 2946.02 | 2915.15 | 774842 | 246129270000 | 0.48 |
| 2026-06-12 | 2864.99 | 2890.8 | 2901.65 | 2851.54 | 802826 | 219301720000 | 0.48 |
| 2026-06-11 | 2842.67 | 2845.92 | 2852.21 | 2827.86 | 518435 | 143823680000 | 0.31 |
| 2026-06-10 | 2829.65 | 2850.37 | 2859.92 | 2826.86 | 589772 | 173632880000 | 0.35 |
| 2026-06-09 | 2830.88 | 2842.69 | 2844.23 | 2814.83 | 540307 | 146467480000 | 0.32 |
| 2026-06-08 | 2818.68 | 2825.01 | 2846.51 | 2806.33 | 645883 | 165621410000 | 0.39 |
| 2026-06-05 | 2883.28 | 2865.87 | 2908.68 | 2859.21 | 533247 | 164168810000 | 0.32 |
| 2026-06-04 | 2902.27 | 2891.35 | 2918.66 | 2884.2 | 446587 | 143030390000 | 0.27 |
| 2026-06-03 | 2913.21 | 2920.92 | 2939.72 | 2906.83 | 558511 | 190335500000 | 0.33 |
| 2026-06-02 | 2897.97 | 2920.27 | 2931.57 | 2892.26 | 599761 | 171693670000 | 0.36 |
| 2026-06-01 | 2918.12 | 2893.72 | 2922.82 | 2887.76 | 597353 | 182645390000 | 0.36 |
| 2026-05-29 | 2919.64 | 2921.08 | 2938.49 | 2910.57 | 684984 | 223013810000 | 0.41 |
| 2026-05-28 | 2923.21 | 2914.19 | 2928.18 | 2893.57 | 519569 | 183934940000 | 0.31 |
| 2026-05-27 | 2969.8 | 2934.71 | 2975.97 | 2921.82 | 560558 | 202669530000 | 0.34 |
| 2026-05-26 | 2954.49 | 2973.39 | 2976.95 | 2945.55 | 551100 | 216747760000 | 0.33 |
| 2026-05-25 | 2932.24 | 2968.7 | 2969.76 | 2929.38 | 484394 | 220945020000 | 0.29 |
| 2026-05-22 | 2937.12 | 2923.52 | 2939.6 | 2908.09 | 523833 | 174676040000 | 0.31 |
| 2026-05-21 | 2972.53 | 2920.93 | 2998.9 | 2920.41 | 636847 | 237309930000 | 0.38 |
| 2026-05-20 | 2940.26 | 2953.75 | 2964.78 | 2937.57 | 575178 | 205321200000 | 0.34 |
| 2026-05-19 | 2929.07 | 2954.06 | 2955.07 | 2918.97 | 582769 | 178510280000 | 0.35 |
| 2026-05-18 | 2947.25 | 2934.96 | 2954.63 | 2921.18 | 596525 | 180548940000 | 0.36 |
| 2026-05-15 | 2992.26 | 2957.6 | 3001.63 | 2945.65 | 638907 | 231212580000 | 0.38 |
| 2026-05-14 | 3056.85 | 2996.57 | 3059.79 | 2995.82 | 632456 | 215190930000 | 0.38 |
| 2026-05-13 | 3029.12 | 3047.25 | 3049.17 | 3018.85 | 643975 | 213302450000 | 0.38 |
| 2026-05-12 | 3045.22 | 3043.56 | 3058.38 | 3036.17 | 660945 | 230201300000 | 0.40 |
| 2026-05-11 | 3021.74 | 3041.63 | 3047.9 | 3009.54 | 694111 | 242027280000 | 0.41 |
| 2026-05-08 | 3014.47 | 3003.58 | 3015.41 | 2990.01 | 504967 | 181204520000 | 0.30 |
| 2026-05-07 | 3034.98 | 3029.19 | 3040.4 | 3020.9 | 584001 | 205911880000 | 0.35 |
| 2026-05-06 | 3010.32 | 3026.44 | 3037.26 | 3001.98 | 679030 | 260825660000 | 0.41 |
| 2026-04-30 | 2972.05 | 2985.5 | 2989.05 | 2971.29 | 621858 | 215537990000 | 0.37 |
| 2026-04-29 | 2937.81 | 2967.5 | 2968.96 | 2937.29 | 611599 | 177885650000 | 0.37 |
| 2026-04-28 | 2938.06 | 2950.42 | 2963.36 | 2937.55 | 490491 | 156947850000 | 0.29 |
| 2026-04-27 | 2944.03 | 2939.05 | 2955.45 | 2934.67 | 439751 | 159040620000 | 0.26 |
| 2026-04-24 | 2925.9 | 2945.04 | 2948.41 | 2914.26 | 424437 | 154614310000 | 0.25 |
| 2026-04-23 | 2938.17 | 2927.93 | 2941.2 | 2912.56 | 536509 | 155716230000 | 0.32 |
| 2026-04-22 | 2927.86 | 2930.58 | 2935.11 | 2922.33 | 454434 | 126382960000 | 0.27 |
| 2026-04-21 | 2931.61 | 2932.07 | 2937.42 | 2920.28 | 463274 | 119509380000 | 0.28 |
| 2026-04-20 | 2911.86 | 2933.65 | 2935.29 | 2911.74 | 477283 | 132077320000 | 0.29 |
| 2026-04-17 | 2920.85 | 2910.87 | 2924.13 | 2906.95 | 418748 | 134787640000 | 0.25 |
| 2026-04-16 | 2937.76 | 2939.76 | 2948.12 | 2930.77 | 411179 | 115488680000 | 0.25 |
| 2026-04-15 | 2939.52 | 2934.22 | 2953.07 | 2931.63 | 472708 | 145529730000 | 0.28 |
| 2026-04-14 | 2918.51 | 2924.18 | 2924.22 | 2899.86 | 418344 | 128295550000 | 0.25 |
| 2026-04-13 | 2888.42 | 2899.47 | 2902.71 | 2884.66 | 404920 | 121740390000 | 0.24 |
| 2026-04-10 | 2900.5 | 2899.58 | 2915.7 | 2894.68 | 425295 | 122820280000 | 0.25 |
| 2026-04-09 | 2888.4 | 2884.76 | 2891.87 | 2877.55 | 386736 | 108590890000 | 0.23 |
| 2026-04-08 | 2872.03 | 2907.07 | 2907.79 | 2872.03 | 587366 | 154937980000 | 0.35 |
| 2026-04-07 | 2830.13 | 2830.52 | 2843.17 | 2824.18 | 368096 | 99010490000 | 0.22 |
| 2026-04-03 | 2856.56 | 2830.6 | 2857.51 | 2827.09 | 363314 | 79325740000 | 0.22 |
| 2026-04-02 | 2873.83 | 2853.45 | 2873.83 | 2840.64 | 469190 | 102925560000 | 0.28 |
| 2026-04-01 | 2863.49 | 2878.79 | 2882.67 | 2856.97 | 506956 | 127531220000 | 0.30 |
| 2026-03-31 | 2844.41 | 2826.12 | 2865.52 | 2826.12 | 570960 | 121234700000 | 0.34 |
| 2026-03-30 | 2814.83 | 2833.21 | 2835.83 | 2806.03 | 491126 | 103315100000 | 0.29 |
| 2026-03-27 | 2803.5 | 2837.31 | 2845.83 | 2803.5 | 465254 | 103294770000 | 0.28 |
| 2026-03-26 | 2854.5 | 2824.67 | 2862.33 | 2819.07 | 523221 | 113550790000 | 0.31 |
| 2026-03-25 | 2845.41 | 2859.53 | 2862.57 | 2842.19 | 639656 | 133500630000 | 0.38 |
| 2026-03-24 | 2813.5 | 2830.85 | 2831.27 | 2790.8 | 633127 | 135732070000 | 0.38 |
| 2026-03-23 | 2847.52 | 2792.33 | 2847.78 | 2779.6 | 869766 | 173992570000 | 0.52 |
| 2026-03-20 | 2914.85 | 2883.86 | 2924.38 | 2881.95 | 660971 | 135730910000 | 0.40 |
| 2026-03-19 | 2933.58 | 2916.23 | 2942.46 | 2908.44 | 670794 | 136419480000 | 0.40 |
| 2026-03-18 | 2965.86 | 2961.43 | 2970.19 | 2939.75 | 544138 | 113721680000 | 0.33 |
| 2026-03-17 | 2957.01 | 2963.58 | 2995.23 | 2956.16 | 626050 | 132384460000 | 0.38 |
| 2026-03-16 | 2952.42 | 2954.09 | 2955 | 2927.94 | 595960 | 143861980000 | 0.36 |
| 2026-03-13 | 2961.73 | 2956.85 | 2977.84 | 2951.7 | 686330 | 134239210000 | 0.41 |
| 2026-03-12 | 2978.12 | 2971.56 | 2985.55 | 2954.3 | 556441 | 125464710000 | 0.33 |
| 2026-03-11 | 2983.46 | 2985.34 | 2988.75 | 2970.83 | 560320 | 122447090000 | 0.34 |
| 2026-03-10 | 2973.82 | 2981.84 | 2985.31 | 2969.91 | 542269 | 121762430000 | 0.33 |
| 2026-03-09 | 2963.2 | 2962.99 | 2970.95 | 2933.92 | 786581 | 171357040000 | 0.47 |
| 2026-03-06 | 2972.59 | 2992.7 | 2999.72 | 2970.58 | 505365 | 114511260000 | 0.30 |
| 2026-03-05 | 2993.59 | 2988.45 | 3001.02 | 2978.09 | 637979 | 139933290000 | 0.38 |
| 2026-03-04 | 2985.63 | 2974.21 | 2991.03 | 2953.32 | 868331 | 174492920000 | 0.52 |
| 2026-03-03 | 3045.75 | 3014.27 | 3056.99 | 3008 | 1048330 | 221706040000 | 0.63 |
| 2026-03-02 | 3031.45 | 3046.47 | 3050.92 | 3010.05 | 835456 | 193821720000 | 0.50 |
| 2026-02-27 | 3026.08 | 3039.43 | 3049.36 | 3025.72 | 439098 | 137365110000 | 0.26 |
| 2026-02-26 | 3059.6 | 3035.07 | 3060.34 | 3023.43 | 439523 | 141005000000 | 0.26 |
| 2026-02-25 | 3045.45 | 3054.92 | 3080.08 | 3041.59 | 566859 | 150622610000 | 0.34 |
| 2026-02-24 | 3075.47 | 3041.32 | 3075.9 | 3039.41 | 438988 | 128242970000 | 0.26 |
| 2026-02-13 | 3062.21 | 3034.35 | 3066.04 | 3032.66 | 459535 | 125965620000 | 0.28 |
| 2026-02-12 | 3091.53 | 3079.73 | 3094.33 | 3075.76 | 444010 | 130413440000 | 0.27 |
| 2026-02-11 | 3082.7 | 3088.46 | 3094.25 | 3076.55 | 368476 | 114086380000 | 0.22 |
| 2026-02-10 | 3086.33 | 3087.41 | 3091.35 | 3080 | 381623 | 122015910000 | 0.23 |
| 2026-02-09 | 3066.32 | 3081.78 | 3081.87 | 3059.03 | 419239 | 135722340000 | 0.25 |
| 2026-02-06 | 3027.17 | 3037.86 | 3056 | 3015.63 | 467898 | 133605960000 | 0.28 |
| 2026-02-05 | 3048.87 | 3059.01 | 3066.51 | 3030.85 | 537160 | 147997420000 | 0.32 |
| 2026-02-04 | 3033.55 | 3069.24 | 3070.17 | 3030.34 | 610437 | 169882140000 | 0.37 |
| 2026-02-03 | 3033.47 | 3034.58 | 3037 | 2987.41 | 648303 | 192779510000 | 0.39 |
| 2026-02-02 | 3036.84 | 3003.14 | 3076.02 | 2997.85 | 808033 | 208153100000 | 0.48 |
| 2026-01-30 | 3088.79 | 3066.5 | 3106.33 | 3040.42 | 790147 | 222232770000 | 0.47 |
| 2026-01-29 | 3074.49 | 3110.91 | 3122.14 | 3048.41 | 1007102 | 294888480000 | 0.60 |
| 2026-01-28 | 3066.43 | 3060.56 | 3074.98 | 3047.79 | 963668 | 252622550000 | 0.58 |
| 2026-01-27 | 3054.4 | 3052.39 | 3080.82 | 3046.19 | 751359 | 202327300000 | 0.45 |
| 2026-01-26 | 3042.37 | 3049.59 | 3088.57 | 3039.64 | 891025 | 239455600000 | 0.53 |
| 2026-01-23 | 3055.69 | 3032.19 | 3063.26 | 3019.76 | 690202 | 200455520000 | 0.41 |
| 2026-01-22 | 3080.2 | 3053.13 | 3089.67 | 3046.43 | 629185 | 193411150000 | 0.38 |
| 2026-01-21 | 3073.77 | 3067.18 | 3097.66 | 3060.65 | 656649 | 198825920000 | 0.39 |
| 2026-01-20 | 3077.94 | 3070.65 | 3090.09 | 3058.61 | 600025 | 175735630000 | 0.36 |
| 2026-01-19 | 3077.81 | 3075.94 | 3094.97 | 3065.94 | 558666 | 166180040000 | 0.34 |
| 2026-01-16 | 3117.93 | 3079.76 | 3127.85 | 3066.09 | 724542 | 199999260000 | 0.43 |
| 2026-01-15 | 3104.33 | 3105.58 | 3130.99 | 3097.11 | 544177 | 158767810000 | 0.33 |
| 2026-01-14 | 3136.84 | 3112.07 | 3169.75 | 3106.13 | 719574 | 216077550000 | 0.43 |
| 2026-01-13 | 3150.73 | 3132.93 | 3177.74 | 3123.17 | 631601 | 188852870000 | 0.38 |
| 2026-01-12 | 3146.51 | 3143.74 | 3148.11 | 3125.17 | 644619 | 189801900000 | 0.39 |
| 2026-01-09 | 3121.16 | 3134.32 | 3146.73 | 3112.46 | 601493 | 177739530000 | 0.36 |
| 2026-01-08 | 3137.81 | 3122.06 | 3142.85 | 3107.02 | 534274 | 187896250000 | 0.32 |
| 2026-01-07 | 3162.02 | 3145.12 | 3162.44 | 3132.23 | 521394 | 169306830000 | 0.31 |
| 2026-01-06 | 3106.52 | 3158.76 | 3158.76 | 3106.09 | 574943 | 180047550000 | 0.35 |
| 2026-01-05 | 3052.13 | 3099.75 | 3105.4 | 3052.13 | 535014 | 169562420000 | 0.32 |
| 2025-12-31 | 3038.6 | 3031.13 | 3051.43 | 3026.49 | 373590 | 107667580000 | 0.22 |
| 2025-12-30 | 3023.32 | 3036.55 | 3049.32 | 3022.28 | 385383 | 113175140000 | 0.23 |
| 2025-12-29 | 3048.98 | 3034.63 | 3057.36 | 3030.38 | 431534 | 117119940000 | 0.26 |
| 2025-12-26 | 3032.47 | 3045.4 | 3057.95 | 3031.26 | 341007 | 100917260000 | 0.20 |
| 2025-12-25 | 3020.91 | 3032.84 | 3039.54 | 3018.58 | 282706 | 82075770000 | 0.17 |
| 2025-12-24 | 3028.37 | 3025.18 | 3032.01 | 3012.2 | 317994 | 91264190000 | 0.19 |
| 2025-12-23 | 3023.91 | 3027.52 | 3041.67 | 3019.61 | 358897 | 110469790000 | 0.22 |
| 2025-12-22 | 3010.8 | 3020.23 | 3025.55 | 3010.8 | 347282 | 106734710000 | 0.21 |
| 2025-12-19 | 2993.93 | 3004.34 | 3016.38 | 2987.71 | 366055 | 94940040000 | 0.22 |
| 2025-12-18 | 2983.77 | 2998.52 | 3002.02 | 2980.95 | 325457 | 82717280000 | 0.20 |
| 2025-12-17 | 2955.47 | 2991.68 | 3005.87 | 2948.74 | 385007 | 107470290000 | 0.23 |
| 2025-12-16 | 2980.94 | 2954.79 | 2986.08 | 2946.6 | 383022 | 103323960000 | 0.23 |
| 2025-12-15 | 2979.76 | 2987.07 | 3015.39 | 2978.13 | 384902 | 111134260000 | 0.23 |
| 2025-12-12 | 2981.97 | 2994.64 | 2994.87 | 2965.69 | 571889 | 137257730000 | 0.34 |
| 2025-12-11 | 2995.63 | 2977.03 | 2998.98 | 2966.18 | 393990 | 96980570000 | 0.23 |
| 2025-12-10 | 2994.15 | 2988.64 | 2996.21 | 2970.59 | 415116 | 101333840000 | 0.24 |
| 2025-12-09 | 3012.24 | 2997.96 | 3015.45 | 2991.65 | 434259 | 110095090000 | 0.26 |
| 2025-12-08 | 3006.63 | 3019.36 | 3030.57 | 3005.38 | 448958 | 125239000000 | 0.26 |
| 2025-12-05 | 2970.62 | 3002.01 | 3010.72 | 2969.09 | 446035 | 110447300000 | 0.26 |
| 2025-12-04 | 2968.56 | 2974.34 | 2980.24 | 2958.61 | 362826 | 88622460000 | 0.21 |
| 2025-12-03 | 2976.11 | 2963.08 | 2983.61 | 2957.79 | 385197 | 85494990000 | 0.23 |
| 2025-12-02 | 2992.38 | 2978.47 | 2994.71 | 2970.95 | 334818 | 79166110000 | 0.20 |
| 2025-12-01 | 2975.27 | 2993.68 | 2994.45 | 2972.79 | 465195 | 112812940000 | 0.27 |
| 2025-11-28 | 2969.23 | 2969.62 | 2973.32 | 2954.71 | 372743 | 85031500000 | 0.22 |
| 2025-11-27 | 2976.08 | 2972.27 | 2988.2 | 2965.55 | 392878 | 105106130000 | 0.23 |
| 2025-11-26 | 2969.78 | 2971.8 | 2979.98 | 2968.02 | 400580 | 97257760000 | 0.24 |
| 2025-11-25 | 2963.69 | 2968.2 | 2974.77 | 2952.35 | 424052 | 98032090000 | 0.25 |
| 2025-11-24 | 2967.16 | 2950.56 | 2970.2 | 2942.29 | 508017 | 110270570000 | 0.30 |
| 2025-11-21 | 2989.87 | 2955.85 | 2998.81 | 2953.46 | 603931 | 126324510000 | 0.36 |
| 2025-11-20 | 3030.04 | 3008.29 | 3038.91 | 3004.24 | 540436 | 100981680000 | 0.32 |
| 2025-11-19 | 3004.65 | 3020.35 | 3033.22 | 3004.2 | 482004 | 99551460000 | 0.28 |
| 2025-11-18 | 3005.74 | 3003.02 | 3023.03 | 2995.17 | 435873 | 106201110000 | 0.26 |
| 2025-11-17 | 3033.02 | 3012.07 | 3037.23 | 3001.2 | 482339 | 111804670000 | 0.28 |
| 2025-11-14 | 3058.12 | 3038.43 | 3073.71 | 3037.88 | 488028 | 120375770000 | 0.29 |
| 2025-11-13 | 3044.92 | 3073.67 | 3075.21 | 3044.92 | 541264 | 132480840000 | 0.32 |
| 2025-11-12 | 3035.03 | 3044.3 | 3059.95 | 3035.03 | 575172 | 136890420000 | 0.34 |
| 2025-11-11 | 3059.76 | 3034.63 | 3060.28 | 3023.92 | 410426 | 118061080000 | 0.24 |
| 2025-11-10 | 3043.51 | 3053.86 | 3054.55 | 3030.23 | 490796 | 139907230000 | 0.29 |
| 2025-11-07 | 3036.01 | 3038.35 | 3050.01 | 3034.72 | 476693 | 119848200000 | 0.28 |
| 2025-11-06 | 3015.35 | 3044.74 | 3049.49 | 3012.44 | 506294 | 143933860000 | 0.30 |
| 2025-11-05 | 2985.76 | 3007.97 | 3018.35 | 2981.82 | 468718 | 117448120000 | 0.28 |
| 2025-11-04 | 3014.83 | 3012.97 | 3029.92 | 2999.25 | 559809 | 131057970000 | 0.33 |
| 2025-11-03 | 3009.16 | 3016.35 | 3017.45 | 2990.28 | 549004 | 134637120000 | 0.32 |
| 2025-10-31 | 3046.18 | 3011.55 | 3046.24 | 3011.55 | 693189 | 169286260000 | 0.41 |
| 2025-10-30 | 3053.79 | 3046.61 | 3076.87 | 3043.57 | 657361 | 184730170000 | 0.39 |
| 2025-10-29 | 3049.45 | 3063.02 | 3064.56 | 3048.59 | 601446 | 156303440000 | 0.35 |
| 2025-10-28 | 3059.88 | 3050.42 | 3075.25 | 3044.56 | 546262 | 148719930000 | 0.32 |
| 2025-10-27 | 3064.38 | 3069.53 | 3078.78 | 3052.4 | 704050 | 185294640000 | 0.41 |
| 2025-10-24 | 3031.92 | 3045.82 | 3052.82 | 3028.38 | 551204 | 155440250000 | 0.32 |
| 2025-10-23 | 3002 | 3026.9 | 3030.8 | 2985.43 | 602067 | 121208150000 | 0.35 |
| 2025-10-22 | 2987.35 | 3010.1 | 3015.17 | 2987.35 | 514176 | 123840810000 | 0.30 |
| 2025-10-21 | 2983.28 | 3007.26 | 3014.1 | 2979.12 | 553018 | 147269710000 | 0.33 |
| 2025-10-20 | 2984.31 | 2974.86 | 2995.02 | 2967.69 | 531810 | 128361670000 | 0.31 |
| 2025-10-17 | 3017.43 | 2967.77 | 3022.81 | 2963.94 | 626781 | 148748970000 | 0.37 |
| 2025-10-16 | 2994.22 | 3019.2 | 3028.57 | 2992.55 | 634109 | 152079950000 | 0.37 |
| 2025-10-15 | 2962.75 | 3001.35 | 3003 | 2958.45 | 633770 | 157106110000 | 0.37 |
| 2025-10-14 | 2986.58 | 2961.1 | 2996.68 | 2949.91 | 861834 | 219194300000 | 0.51 |
| 2025-10-13 | 2917.88 | 2967.21 | 2972.19 | 2917.88 | 701635 | 185782710000 | 0.41 |
| 2025-10-10 | 3000.56 | 2974.85 | 3012.59 | 2966.58 | 672837 | 200180940000 | 0.40 |
| 2025-10-09 | 3004.45 | 3020.6 | 3030.72 | 2984.83 | 763698 | 231922670000 | 0.45 |
| 2025-09-30 | 2985.1 | 2988.94 | 2992.54 | 2976.59 | 590653 | 175001150000 | 0.35 |
| 2025-09-29 | 2940.04 | 2973.04 | 3000.48 | 2922.01 | 706323 | 189968690000 | 0.42 |
| 2025-09-26 | 2941.17 | 2941.02 | 2962.75 | 2938.32 | 481416 | 150187540000 | 0.28 |
| 2025-09-25 | 2944.73 | 2952.74 | 2962.18 | 2941.87 | 543223 | 158667240000 | 0.32 |
| 2025-09-24 | 2908.07 | 2939.51 | 2942.59 | 2908.07 | 514621 | 157195060000 | 0.30 |
| 2025-09-23 | 2917.99 | 2919.51 | 2938.12 | 2891.78 | 628969 | 168986560000 | 0.37 |
| 2025-09-22 | 2911.02 | 2922.18 | 2929.52 | 2901.12 | 469799 | 156401490000 | 0.28 |
| 2025-09-19 | 2914.36 | 2909.74 | 2930.47 | 2906.17 | 572366 | 163260760000 | 0.34 |
| 2025-09-18 | 2959.39 | 2912.83 | 2971.56 | 2890.6 | 748600 | 225774170000 | 0.44 |
| 2025-09-17 | 2942.88 | 2952.78 | 2960.31 | 2935.78 | 566685 | 155034250000 | 0.33 |
| 2025-09-16 | 2969.23 | 2947.82 | 2974.95 | 2942.3 | 576394 | 155429550000 | 0.34 |
| 2025-09-15 | 2976.35 | 2962.62 | 2984.86 | 2957.72 | 525518 | 145698290000 | 0.31 |
| 2025-09-12 | 2986.02 | 2968.54 | 2998.98 | 2964.58 | 617098 | 177453290000 | 0.36 |
| 2025-09-11 | 2925.66 | 2983.08 | 2983.2 | 2917.81 | 683265 | 188495490000 | 0.40 |
| 2025-09-10 | 2928.11 | 2939.59 | 2954.44 | 2923.56 | 564049 | 133801740000 | 0.33 |
| 2025-09-09 | 2928.53 | 2928.63 | 2949.54 | 2915.04 | 557234 | 139241440000 | 0.33 |
| 2025-09-08 | 2940.98 | 2939.88 | 2953.91 | 2926.39 | 673408 | 153725790000 | 0.40 |
| 2025-09-05 | 2908.51 | 2942.22 | 2949.82 | 2899.69 | 623804 | 160854410000 | 0.37 |
| 2025-09-04 | 2949.97 | 2910.47 | 2949.97 | 2879.41 | 919205 | 208034960000 | 0.54 |
| 2025-09-03 | 2995.46 | 2960.99 | 3002.18 | 2939.81 | 637236 | 161064550000 | 0.38 |
| 2025-09-02 | 2983.72 | 2992.88 | 3006.46 | 2967.52 | 774459 | 196061440000 | 0.46 |
| 2025-09-01 | 2986.65 | 2981.2 | 2988.55 | 2965.45 | 728002 | 195262210000 | 0.43 |
| 2025-08-29 | 2954.93 | 2976.47 | 2989 | 2954.93 | 847615 | 226530510000 | 0.50 |
| 2025-08-28 | 2918.53 | 2960.73 | 2963.07 | 2906.65 | 659932 | 195214800000 | 0.39 |
| 2025-08-27 | 2974.41 | 2918.38 | 2983.02 | 2918.38 | 710054 | 197654250000 | 0.42 |
| 2025-08-26 | 2975.7 | 2969.78 | 2985.54 | 2964.21 | 545658 | 149729860000 | 0.32 |
| 2025-08-25 | 2950.65 | 2989.85 | 2989.85 | 2943.98 | 863590 | 231306790000 | 0.51 |
| 2025-08-22 | 2868.59 | 2928.61 | 2928.88 | 2868.59 | 677416 | 180644680000 | 0.40 |
| 2025-08-21 | 2853.79 | 2862.18 | 2872.96 | 2850.63 | 653095 | 136486100000 | 0.38 |
| 2025-08-20 | 2808.44 | 2846.99 | 2848.03 | 2799.4 | 585973 | 139705690000 | 0.34 |
| 2025-08-19 | 2843.28 | 2812.42 | 2858.41 | 2812.3 | 628432 | 153139710000 | 0.37 |
| 2025-08-18 | 2843.09 | 2838.87 | 2861.98 | 2832.46 | 733855 | 162158390000 | 0.43 |
| 2025-08-15 | 2821.97 | 2832.88 | 2847.61 | 2813.09 | 711178 | 142205460000 | 0.42 |
| 2025-08-14 | 2815.49 | 2829.47 | 2858.01 | 2815.49 | 500088 | 131056130000 | 0.29 |
| 2025-08-13 | 2809.05 | 2812.98 | 2828.86 | 2806.66 | 547201 | 125505580000 | 0.32 |
| 2025-08-12 | 2791.2 | 2807.01 | 2816.59 | 2791.2 | 426033 | 109687750000 | 0.25 |
| 2025-08-11 | 2791.35 | 2789.9 | 2800.89 | 2783.65 | 434847 | 90333990000 | 0.25 |
| 2025-08-08 | 2795.78 | 2789.17 | 2801.08 | 2784.38 | 389239 | 82804570000 | 0.23 |
| 2025-08-07 | 2797.71 | 2798.31 | 2808.92 | 2787.83 | 423383 | 94221580000 | 0.25 |
| 2025-08-06 | 2789.27 | 2797.42 | 2800.76 | 2787.54 | 411829 | 88443250000 | 0.24 |
| 2025-08-05 | 2773.38 | 2790.73 | 2794.6 | 2768.02 | 412648 | 77882630000 | 0.24 |
| 2025-08-04 | 2748.62 | 2769.39 | 2769.39 | 2748.62 | 419680 | 80252040000 | 0.25 |
| 2025-08-01 | 2771.76 | 2754.13 | 2780.16 | 2749.46 | 489625 | 94074420000 | 0.29 |
| 2025-07-31 | 2807.3 | 2775.99 | 2807.94 | 2766.93 | 615158 | 131852400000 | 0.36 |
| 2025-07-30 | 2809.44 | 2819.35 | 2842.47 | 2802.74 | 521852 | 112596980000 | 0.31 |
| 2025-07-29 | 2802.78 | 2808.59 | 2813.74 | 2795.6 | 470517 | 111954410000 | 0.28 |
| 2025-07-28 | 2799.26 | 2802.77 | 2811.24 | 2788.02 | 497373 | 114570540000 | 0.29 |
| 2025-07-25 | 2807.63 | 2795.51 | 2810.11 | 2788.19 | 516926 | 114043140000 | 0.30 |
| 2025-07-24 | 2797.26 | 2812.44 | 2819.13 | 2791.78 | 602828 | 118138430000 | 0.35 |
| 2025-07-23 | 2798.96 | 2801.2 | 2824.86 | 2794.81 | 679298 | 130890240000 | 0.40 |
| 2025-07-22 | 2773.4 | 2792.18 | 2795.49 | 2760.31 | 683100 | 129395400000 | 0.40 |
| 2025-07-21 | 2770.36 | 2772.24 | 2777.05 | 2763.35 | 499543 | 96839360000 | 0.29 |
| 2025-07-18 | 2746.33 | 2764.52 | 2768.9 | 2746.33 | 421308 | 92467980000 | 0.25 |
| 2025-07-17 | 2737.35 | 2744.26 | 2744.74 | 2732.35 | 361511 | 74646330000 | 0.21 |
| 2025-07-16 | 2748.17 | 2740.9 | 2754.06 | 2729.91 | 342459 | 68141680000 | 0.20 |
| 2025-07-15 | 2758.72 | 2747.23 | 2765.5 | 2731.32 | 411724 | 79806100000 | 0.24 |
| 2025-07-14 | 2761.48 | 2757.81 | 2774.23 | 2757.81 | 514904 | 90038730000 | 0.30 |
| 2025-07-11 | 2754.66 | 2756.77 | 2805.56 | 2754.66 | 764545 | 144602040000 | 0.45 |
| 2025-07-10 | 2739.23 | 2756.93 | 2777.42 | 2739.23 | 541420 | 98728920000 | 0.32 |
| 2025-07-09 | 2746.14 | 2739.92 | 2759.06 | 2739.21 | 478381 | 83536050000 | 0.28 |
| 2025-07-08 | 2732.05 | 2747.19 | 2750.46 | 2730.19 | 340804 | 67878990000 | 0.20 |
| 2025-07-07 | 2736.01 | 2731.53 | 2736.26 | 2723.96 | 293190 | 56659530000 | 0.17 |
| 2025-07-04 | 2722.18 | 2740.44 | 2761.92 | 2715.55 | 393111 | 75071470000 | 0.23 |
| 2025-07-03 | 2726.11 | 2724.55 | 2728.17 | 2713.97 | 322685 | 59917410000 | 0.19 |
| 2025-07-02 | 2720.85 | 2722.55 | 2729.71 | 2711.6 | 351775 | 68066190000 | 0.21 |
| 2025-07-01 | 2714.97 | 2717.71 | 2721.4 | 2708.19 | 330301 | 66143680000 | 0.19 |
| 2025-06-30 | 2702.12 | 2711.99 | 2716.3 | 2695.42 | 383050 | 76464390000 | 0.22 |
| 2025-06-27 | 2738.93 | 2707.57 | 2749.55 | 2705.78 | 570818 | 95714290000 | 0.33 |
| 2025-06-26 | 2740.23 | 2738.47 | 2747.61 | 2734.95 | 428406 | 87100920000 | 0.25 |
| 2025-06-25 | 2714.63 | 2747.73 | 2750.39 | 2707.4 | 508649 | 102326320000 | 0.30 |
| 2025-06-24 | 2685.85 | 2715.92 | 2731.18 | 2685.85 | 490283 | 89075120000 | 0.29 |
| 2025-06-23 | 2664.64 | 2684.78 | 2692.91 | 2656.68 | 429595 | 72036350000 | 0.25 |
| 2025-06-20 | 2661.21 | 2673.72 | 2681.53 | 2661.21 | 363165 | 63162240000 | 0.21 |
| 2025-06-19 | 2678.36 | 2665.52 | 2680.87 | 2658.49 | 376450 | 64020630000 | 0.22 |
| 2025-06-18 | 2685.47 | 2679.92 | 2690.9 | 2668.87 | 366672 | 62133960000 | 0.21 |
| 2025-06-17 | 2685.39 | 2683.95 | 2688.61 | 2672.68 | 331216 | 63516820000 | 0.19 |
| 2025-06-16 | 2666.82 | 2685.01 | 2687.11 | 2664.43 | 399359 | 68810920000 | 0.23 |
| 2025-06-13 | 2684.88 | 2676.43 | 2690.35 | 2669.11 | 479910 | 86476410000 | 0.28 |
| 2025-06-12 | 2689.68 | 2691.28 | 2696.78 | 2674.31 | 344806 | 70097290000 | 0.20 |
| 2025-06-11 | 2676.67 | 2692.14 | 2704.45 | 2676.67 | 355734 | 66527790000 | 0.21 |
| 2025-06-10 | 2690.87 | 2676.4 | 2700.18 | 2670.15 | 414605 | 76948920000 | 0.24 |
| 2025-06-09 | 2689.73 | 2686.83 | 2698.36 | 2681.69 | 356869 | 65215800000 | 0.21 |
| 2025-06-06 | 2691.63 | 2688.85 | 2700.81 | 2685.25 | 298499 | 52003230000 | 0.17 |
| 2025-06-05 | 2692.54 | 2692.13 | 2695.88 | 2682.54 | 307791 | 55961670000 | 0.18 |
| 2025-06-04 | 2688.74 | 2690.82 | 2699.67 | 2687.3 | 276038 | 51109220000 | 0.16 |
| 2025-06-03 | 2674.77 | 2687.3 | 2697.39 | 2671.34 | 336085 | 59077340000 | 0.20 |
| 2025-05-30 | 2688.96 | 2678.7 | 2696.14 | 2669.17 | 321517 | 57643110000 | 0.19 |
| 2025-05-29 | 2684.49 | 2690.89 | 2703.99 | 2677.81 | 274718 | 53279940000 | 0.16 |
| 2025-05-28 | 2686.73 | 2683.06 | 2691.48 | 2681.86 | 251717 | 44829820000 | 0.15 |
| 2025-05-27 | 2699.69 | 2685.28 | 2709.29 | 2684.71 | 270967 | 49855560000 | 0.16 |
| 2025-05-26 | 2708.22 | 2699.42 | 2719.7 | 2692.68 | 307134 | 59924580000 | 0.18 |
| 2025-05-23 | 2731.18 | 2711.85 | 2742.12 | 2711.85 | 336685 | 69083840000 | 0.20 |
| 2025-05-22 | 2725.45 | 2733.63 | 2738.24 | 2718.79 | 278351 | 51703120000 | 0.16 |
| 2025-05-21 | 2716.84 | 2728.43 | 2740.77 | 2716.84 | 314263 | 59788130000 | 0.18 |
| 2025-05-20 | 2710.39 | 2716.63 | 2729.76 | 2710.39 | 293098 | 56673730000 | 0.17 |
| 2025-05-19 | 2710.32 | 2705.09 | 2716.86 | 2701.25 | 269516 | 51689570000 | 0.16 |
| 2025-05-16 | 2734.74 | 2716.66 | 2739.06 | 2706.47 | 370063 | 61093290000 | 0.22 |
| 2025-05-15 | 2748.54 | 2740.3 | 2758.08 | 2735.9 | 378784 | 69236010000 | 0.22 |
| 2025-05-14 | 2708.56 | 2753.79 | 2766.25 | 2708.42 | 464852 | 94724050000 | 0.27 |
| 2025-05-13 | 2713.11 | 2708.06 | 2713.11 | 2702.06 | 399655 | 69358080000 | 0.23 |
| 2025-05-12 | 2688.75 | 2702.62 | 2710.61 | 2681.96 | 391240 | 78880160000 | 0.23 |
| 2025-05-09 | 2676.12 | 2684.01 | 2689.6 | 2676.12 | 327787 | 60326300000 | 0.19 |
| 2025-05-08 | 2661.27 | 2679.51 | 2695.78 | 2658.67 | 334491 | 63409170000 | 0.20 |
| 2025-05-07 | 2685.56 | 2670.7 | 2685.56 | 2656.2 | 470558 | 80654620000 | 0.27 |
| 2025-05-06 | 2650.46 | 2647.72 | 2650.46 | 2633.41 | 407053 | 69691270000 | 0.24 |
| 2025-04-30 | 2646.06 | 2633.16 | 2651.3 | 2631.84 | 432177 | 72498160000 | 0.25 |
| 2025-04-29 | 2650.43 | 2645.51 | 2655.34 | 2639.8 | 280426 | 53894220000 | 0.16 |
| 2025-04-28 | 2643.14 | 2651.23 | 2658.46 | 2636.41 | 329095 | 57671220000 | 0.19 |
| 2025-04-25 | 2660.16 | 2648.81 | 2663.35 | 2643.4 | 323810 | 57165150000 | 0.19 |
| 2025-04-24 | 2648.77 | 2655.36 | 2665.73 | 2648.76 | 312527 | 54273600000 | 0.18 |
| 2025-04-23 | 2662.93 | 2648.83 | 2664.47 | 2646.36 | 330464 | 62628840000 | 0.19 |
| 2025-04-22 | 2651.49 | 2656.54 | 2667.84 | 2650.33 | 372208 | 63033510000 | 0.22 |
| 2025-04-21 | 2655.54 | 2652.81 | 2671.34 | 2652.65 | 344120 | 61440920000 | 0.20 |
| 2025-04-18 | 2648.66 | 2657.64 | 2666.27 | 2645.87 | 303532 | 52214830000 | 0.18 |
| 2025-04-17 | 2648.05 | 2659.9 | 2661.8 | 2639.97 | 378800 | 71370540000 | 0.22 |
| 2025-04-16 | 2639.2 | 2658.5 | 2661.78 | 2616.87 | 512247 | 89314650000 | 0.30 |
| 2025-04-15 | 2624.2 | 2634.59 | 2637.75 | 2615.37 | 420054 | 72435260000 | 0.25 |
| 2025-04-14 | 2623.57 | 2628.21 | 2636.79 | 2615.39 | 451233 | 85930880000 | 0.26 |
| 2025-04-11 | 2620.77 | 2619.58 | 2621.16 | 2595.5 | 449393 | 91197020000 | 0.26 |
| 2025-04-10 | 2628.52 | 2612.62 | 2628.52 | 2590.76 | 611198 | 114806160000 | 0.36 |
| 2025-04-09 | 2548.49 | 2597.1 | 2597.1 | 2541.55 | 777187 | 143706410000 | 0.45 |
| 2025-04-08 | 2526.51 | 2574.35 | 2574.35 | 2510.64 | 901535 | 153822740000 | 0.53 |
| 2025-04-07 | 2555.71 | 2516.97 | 2579.6 | 2457.08 | 1027012 | 177150240000 | 0.60 |
| 2025-04-03 | 2631.47 | 2662.25 | 2671.71 | 2631.47 | 421736 | 75585800000 | 0.25 |
| 2025-04-02 | 2659.1 | 2658.62 | 2669.36 | 2653.45 | 321686 | 54121060000 | 0.19 |
| 2025-04-01 | 2669 | 2662.71 | 2674.11 | 2659.02 | 408475 | 70662400000 | 0.24 |
| 2025-03-31 | 2676.05 | 2665.63 | 2692.44 | 2657.3 | 499514 | 77661230000 | 0.29 |
| 2025-03-28 | 2691.67 | 2679.74 | 2692.7 | 2673.24 | 359201 | 61503760000 | 0.21 |
| 2025-03-27 | 2673.93 | 2690.84 | 2704.74 | 2673.77 | 364737 | 72464460000 | 0.21 |
| 2025-03-26 | 2692.42 | 2677.31 | 2696.54 | 2675.7 | 378332 | 68101910000 | 0.22 |
| 2025-03-25 | 2695.3 | 2691.9 | 2698.55 | 2685.29 | 370962 | 67191750000 | 0.22 |
| 2025-03-24 | 2675.46 | 2693.33 | 2696.34 | 2675.46 | 449239 | 78582060000 | 0.26 |
| 2025-03-21 | 2712.74 | 2675.36 | 2722.49 | 2669.79 | 468108 | 95379100000 | 0.27 |
| 2025-03-20 | 2748.29 | 2718.19 | 2749.22 | 2713.47 | 397108 | 79752320000 | 0.23 |
| 2025-03-19 | 2737.31 | 2746.96 | 2757.62 | 2733.57 | 463284 | 80168850000 | 0.27 |
| 2025-03-18 | 2749.32 | 2739.75 | 2751.73 | 2737.01 | 386112 | 79263950000 | 0.23 |
| 2025-03-17 | 2755.49 | 2737.92 | 2755.94 | 2734.5 | 443807 | 90137900000 | 0.26 |
| 2025-03-14 | 2674.49 | 2740.51 | 2748.1 | 2674.03 | 654852 | 138676920000 | 0.38 |
| 2025-03-13 | 2670.99 | 2664.62 | 2684.12 | 2655.33 | 424951 | 82261520000 | 0.25 |
| 2025-03-12 | 2684.72 | 2669.01 | 2686.78 | 2666.49 | 434495 | 83095550000 | 0.25 |
| 2025-03-11 | 2644.82 | 2682.22 | 2682.22 | 2644.08 | 421945 | 82380120000 | 0.25 |
| 2025-03-10 | 2682.88 | 2668.81 | 2683.61 | 2653.03 | 508386 | 92839540000 | 0.30 |
| 2025-03-07 | 2677.57 | 2682.02 | 2695.38 | 2675.42 | 443174 | 89653600000 | 0.26 |
| 2025-03-06 | 2655.54 | 2683.95 | 2689.45 | 2655.54 | 577142 | 118191920000 | 0.34 |
| 2025-03-05 | 2623.72 | 2641.45 | 2644.75 | 2619.79 | 483975 | 83287500000 | 0.28 |
| 2025-03-04 | 2617.92 | 2621.22 | 2629.67 | 2609.34 | 418513 | 76609270000 | 0.24 |
| 2025-03-03 | 2645.01 | 2628.52 | 2655.31 | 2619.19 | 496928 | 95762970000 | 0.29 |
| 2025-02-28 | 2670.43 | 2638.96 | 2691.29 | 2638.96 | 563352 | 119368500000 | 0.33 |
| 2025-02-27 | 2664.32 | 2679.08 | 2681.51 | 2655 | 536730 | 113226680000 | 0.31 |
| 2025-02-26 | 2649.9 | 2666.66 | 2667.02 | 2645.99 | 519230 | 106325770000 | 0.30 |
| 2025-02-25 | 2654.13 | 2643.23 | 2664.16 | 2636.9 | 533272 | 109588140000 | 0.31 |
| 2025-02-24 | 2674.69 | 2674.12 | 2692.81 | 2661.32 | 685215 | 130633370000 | 0.40 |
| 2025-02-21 | 2657.8 | 2682.24 | 2686.33 | 2649.2 | 684886 | 145869440000 | 0.40 |
| 2025-02-20 | 2659.13 | 2648.17 | 2659.6 | 2641.91 | 480994 | 94873660000 | 0.28 |
| 2025-02-19 | 2648.36 | 2663.6 | 2673.52 | 2643.96 | 562143 | 102699790000 | 0.34 |
| 2025-02-18 | 2659.09 | 2651.11 | 2679.82 | 2644.29 | 650950 | 110620420000 | 0.39 |
| 2025-02-17 | 2665.55 | 2664.48 | 2672.03 | 2647.45 | 694106 | 118021640000 | 0.42 |
| 2025-02-14 | 2638.21 | 2660.85 | 2662.29 | 2633.71 | 563714 | 100982420000 | 0.34 |
| 2025-02-13 | 2638.98 | 2641.13 | 2663.79 | 2635.45 | 463441 | 100429620000 | 0.28 |
| 2025-02-12 | 2611.96 | 2640.05 | 2641.73 | 2607.27 | 443014 | 92263450000 | 0.27 |
| 2025-02-11 | 2625.18 | 2614.32 | 2626.17 | 2607.24 | 517128 | 91936660000 | 0.31 |
| 2025-02-10 | 2612.06 | 2621.04 | 2628.39 | 2606.29 | 560632 | 100735590000 | 0.34 |
| 2025-02-07 | 2578.68 | 2608.09 | 2624.68 | 2570.18 | 583374 | 119024770000 | 0.35 |
| 2025-02-06 | 2559.83 | 2580.43 | 2585.29 | 2554.48 | 398953 | 86833180000 | 0.24 |
| 2025-02-05 | 2604.14 | 2561.94 | 2604.32 | 2556.48 | 435355 | 95633990000 | 0.26 |
| 2025-01-27 | 2582.84 | 2583.65 | 2597.35 | 2582.09 | 391968 | 74483970000 | 0.24 |
| 2025-01-24 | 2562.87 | 2579.1 | 2594.58 | 2559.49 | 376636 | 74793260000 | 0.23 |
| 2025-01-23 | 2571.83 | 2567.48 | 2605.86 | 2564.75 | 513240 | 91020170000 | 0.31 |
| 2025-01-22 | 2580.11 | 2551.35 | 2580.19 | 2544.26 | 398462 | 78224190000 | 0.24 |
| 2025-01-21 | 2598.83 | 2584.89 | 2599.89 | 2579.67 | 343666 | 71219860000 | 0.21 |
| 2025-01-20 | 2595.32 | 2589.07 | 2609.65 | 2585.13 | 362612 | 78458290000 | 0.22 |
| 2025-01-17 | 2572.97 | 2582.49 | 2595.16 | 2561.97 | 342502 | 74422620000 | 0.21 |
| 2025-01-16 | 2601.12 | 2580.12 | 2614.6 | 2572.11 | 389871 | 91764850000 | 0.24 |
| 2025-01-15 | 2592.32 | 2591.5 | 2606.07 | 2587.46 | 412135 | 82839780000 | 0.25 |
| 2025-01-14 | 2556.42 | 2598.81 | 2606.09 | 2549.17 | 426882 | 93365870000 | 0.26 |
| 2025-01-13 | 2545.38 | 2553.36 | 2561.24 | 2533.31 | 396995 | 74913720000 | 0.24 |
| 2025-01-10 | 2585.2 | 2560.25 | 2593.09 | 2560.25 | 361669 | 77578650000 | 0.22 |
| 2025-01-09 | 2595.69 | 2579.58 | 2597.06 | 2574.6 | 343565 | 66475790000 | 0.21 |
| 2025-01-08 | 2587.53 | 2597.45 | 2611.15 | 2565.6 | 462575 | 86623180000 | 0.28 |
| 2025-01-07 | 2576.68 | 2593.97 | 2595.66 | 2566.68 | 392186 | 76104920000 | 0.24 |
| 2025-01-06 | 2589.34 | 2579.96 | 2591.89 | 2555.93 | 444864 | 78511010000 | 0.27 |
| 2025-01-03 | 2615.35 | 2587.13 | 2620.65 | 2579.44 | 508049 | 87224130000 | 0.31 |
| 2025-01-02 | 2682.42 | 2610.34 | 2684.25 | 2595.4 | 611610 | 113930280000 | 0.37 |
| 2024-12-31 | 2715.21 | 2684.77 | 2725.79 | 2684.77 | 507456 | 98345130000 | 0.31 |
| 2024-12-30 | 2700.22 | 2718.75 | 2724.73 | 2700.22 | 449948 | 88812010000 | 0.27 |
| 2024-12-27 | 2701.21 | 2701.7 | 2713.84 | 2686.5 | 448949 | 91610180000 | 0.27 |
| 2024-12-26 | 2709.59 | 2702.6 | 2709.59 | 2692.87 | 417707 | 81211470000 | 0.25 |
| 2024-12-25 | 2706.57 | 2710.16 | 2726.14 | 2700.68 | 510104 | 88415660000 | 0.31 |
| 2024-12-24 | 2671.91 | 2702.28 | 2704.58 | 2666.34 | 464692 | 87285840000 | 0.28 |
| 2024-12-23 | 2648.92 | 2671.2 | 2688.89 | 2648.92 | 566291 | 106625580000 | 0.34 |
| 2024-12-20 | 2654.85 | 2648.46 | 2670.32 | 2644.84 | 424935 | 93206950000 | 0.26 |
| 2024-12-19 | 2652.19 | 2661.72 | 2672.58 | 2642.68 | 402141 | 76390570000 | 0.24 |
| 2024-12-18 | 2662.03 | 2671.35 | 2681.12 | 2661.9 | 442591 | 80506000000 | 0.27 |
| 2024-12-17 | 2637.35 | 2652.35 | 2672.96 | 2637.35 | 442792 | 83019810000 | 0.27 |
| 2024-12-16 | 2637.74 | 2641.56 | 2647.7 | 2635.25 | 540981 | 93658810000 | 0.33 |
| 2024-12-13 | 2684.29 | 2638.03 | 2684.41 | 2636.97 | 615977 | 120459480000 | 0.39 |
| 2024-12-12 | 2673.94 | 2702.27 | 2704.03 | 2667.64 | 412738 | 81318180000 | 0.26 |
| 2024-12-11 | 2684.59 | 2676.55 | 2696.01 | 2671.52 | 408024 | 74840670000 | 0.26 |
| 2024-12-10 | 2741.75 | 2689.33 | 2747.07 | 2684.72 | 594439 | 124162000000 | 0.37 |
| 2024-12-09 | 2666.29 | 2667.59 | 2686.52 | 2658.43 | 459264 | 79459150000 | 0.29 |
| 2024-12-06 | 2636.61 | 2665.43 | 2682.69 | 2636.61 | 438945 | 85427060000 | 0.28 |
| 2024-12-05 | 2637.63 | 2635.56 | 2647.98 | 2629.63 | 336765 | 60315070000 | 0.21 |
| 2024-12-04 | 2651.79 | 2648.76 | 2660.8 | 2638.11 | 480882 | 84381110000 | 0.30 |
| 2024-12-03 | 2638.81 | 2652.9 | 2658.15 | 2626.21 | 473732 | 82863140000 | 0.30 |
| 2024-12-02 | 2621.14 | 2639.04 | 2643.87 | 2613.62 | 446088 | 84570830000 | 0.28 |
| 2024-11-29 | 2612.23 | 2624.96 | 2660.39 | 2610.71 | 430016 | 86826620000 | 0.27 |
| 2024-11-28 | 2625.51 | 2610.12 | 2630.8 | 2598.75 | 343087 | 63685960000 | 0.22 |
| 2024-11-27 | 2588.89 | 2625.76 | 2626.33 | 2583.47 | 410791 | 75602280000 | 0.26 |
| 2024-11-26 | 2576.81 | 2592.74 | 2607.12 | 2573.97 | 399317 | 64830130000 | 0.25 |
| 2024-11-25 | 2610.96 | 2582.05 | 2620.03 | 2568.95 | 455935 | 86542890000 | 0.29 |
| 2024-11-22 | 2679.65 | 2601.56 | 2683.74 | 2601.55 | 485518 | 96852390000 | 0.30 |
| 2024-11-21 | 2674.43 | 2680.8 | 2686.31 | 2666.57 | 372024 | 72754860000 | 0.23 |
| 2024-11-20 | 2667.45 | 2676.21 | 2686.38 | 2657.58 | 450176 | 81206750000 | 0.28 |
| 2024-11-19 | 2679.55 | 2671.19 | 2683.37 | 2637.85 | 670030 | 102108360000 | 0.42 |
| 2024-11-18 | 2683.49 | 2678.27 | 2725.3 | 2668.06 | 910457 | 127985980000 | 0.57 |
| 2024-11-15 | 2696.96 | 2671.45 | 2712.88 | 2671.45 | 700403 | 118404550000 | 0.44 |
| 2024-11-14 | 2719.46 | 2704.15 | 2743.75 | 2700.2 | 604696 | 109896760000 | 0.38 |
| 2024-11-13 | 2697.19 | 2728.23 | 2737.5 | 2696.69 | 626441 | 119899020000 | 0.39 |
| 2024-11-12 | 2744.95 | 2712.27 | 2778.89 | 2701.61 | 601149 | 143127100000 | 0.38 |
| 2024-11-11 | 2736.84 | 2753.74 | 2754.97 | 2711.76 | 613387 | 146466630000 | 0.39 |
| 2024-11-08 | 2825.91 | 2765.54 | 2833.07 | 2758.21 | 678618 | 167822300000 | 0.43 |
| 2024-11-07 | 2684.81 | 2797.86 | 2800.61 | 2683.32 | 670172 | 154119320000 | 0.42 |
| 2024-11-06 | 2730.46 | 2706.61 | 2743.13 | 2691.73 | 599408 | 139394920000 | 0.38 |
| 2024-11-05 | 2666.86 | 2727.67 | 2727.67 | 2659.17 | 556425 | 129671760000 | 0.35 |
| 2024-11-04 | 2657.31 | 2675.77 | 2675.77 | 2636.58 | 430157 | 85743260000 | 0.27 |
| 2024-11-01 | 2629.04 | 2651.53 | 2674.25 | 2629.04 | 608444 | 112656090000 | 0.38 |
| 2024-10-31 | 2637.21 | 2633.12 | 2654.65 | 2613.25 | 545296 | 119295770000 | 0.34 |
| 2024-10-30 | 2658.26 | 2634.74 | 2674.37 | 2624 | 444507 | 98548360000 | 0.28 |
| 2024-10-29 | 2689.92 | 2667.94 | 2712.28 | 2665.42 | 500843 | 112173900000 | 0.31 |
| 2024-10-28 | 2681.51 | 2686.29 | 2686.29 | 2656.32 | 534750 | 105268560000 | 0.34 |
| 2024-10-25 | 2679.35 | 2683.32 | 2705.33 | 2671.04 | 468615 | 102640850000 | 0.29 |
| 2024-10-24 | 2695.38 | 2680.7 | 2699 | 2669.71 | 422533 | 90076500000 | 0.27 |
| 2024-10-23 | 2691.13 | 2708.05 | 2728.26 | 2682.94 | 560768 | 119949400000 | 0.35 |
| 2024-10-22 | 2672.85 | 2692.66 | 2704.35 | 2672.45 | 522082 | 115193660000 | 0.33 |
| 2024-10-21 | 2694.97 | 2681.06 | 2701.36 | 2659.67 | 720422 | 157954090000 | 0.45 |
| 2024-10-18 | 2606.38 | 2681.91 | 2722.65 | 2583.49 | 701982 | 155844590000 | 0.44 |
| 2024-10-17 | 2666.37 | 2610.47 | 2680.06 | 2610.47 | 497969 | 94353950000 | 0.31 |
| 2024-10-16 | 2629.24 | 2650.18 | 2677.22 | 2628.95 | 562597 | 102204380000 | 0.35 |
| 2024-10-15 | 2711.67 | 2655.12 | 2726.99 | 2655.12 | 583141 | 113706270000 | 0.37 |
| 2024-10-14 | 2699.71 | 2723.18 | 2737.27 | 2672.81 | 806550 | 143373980000 | 0.51 |
| 2024-10-11 | 2718.25 | 2680.39 | 2737.08 | 2653.62 | 753780 | 137937190000 | 0.47 |
| 2024-10-10 | 2697.29 | 2739.05 | 2801.12 | 2675.44 | 1158918 | 219028730000 | 0.73 |
| 2024-10-09 | 2813.96 | 2680.71 | 2825.74 | 2674.25 | 1246534 | 291386970000 | 0.78 |
| 2024-10-08 | 3016.87 | 2853.14 | 3016.87 | 2780.03 | 1659732 | 332253410000 | 1.04 |
| 2024-09-30 | 2657.55 | 2755.4 | 2778.29 | 2621.7 | 1533245 | 269284710000 | 0.96 |
| 2024-09-27 | 2553.6 | 2571.08 | 2571.08 | 2512.82 | 648008 | 114190840000 | 0.41 |
| 2024-09-26 | 2389.27 | 2498.18 | 2498.32 | 2383.51 | 677430 | 119232020000 | 0.43 |
| 2024-09-25 | 2391.28 | 2386.32 | 2426.69 | 2380.59 | 684031 | 112177960000 | 0.43 |
| 2024-09-24 | 2270.36 | 2352.14 | 2352.32 | 2257.29 | 601591 | 101050490000 | 0.38 |
| 2024-09-23 | 2233.86 | 2243.02 | 2254.16 | 2232.28 | 272073 | 45700290000 | 0.17 |
| 2024-09-20 | 2227.35 | 2233.26 | 2237.98 | 2212.52 | 369021 | 55566740000 | 0.23 |
| 2024-09-19 | 2224.26 | 2229.81 | 2239.98 | 2199.45 | 349684 | 58318270000 | 0.22 |
| 2024-09-18 | 2206.85 | 2218.66 | 2225.91 | 2203.98 | 260546 | 40650060000 | 0.16 |
| 2024-09-13 | 2211.15 | 2205.81 | 2222.56 | 2204.86 | 270985 | 44106120000 | 0.17 |
| 2024-09-12 | 2220.9 | 2209.56 | 2227.73 | 2208.25 | 280953 | 42269200000 | 0.18 |
| 2024-09-11 | 2228.83 | 2220.8 | 2228.83 | 2213.82 | 346155 | 45236990000 | 0.22 |
| 2024-09-10 | 2232.83 | 2235.69 | 2240.59 | 2223.9 | 301840 | 40190750000 | 0.19 |
| 2024-09-09 | 2252.3 | 2232.96 | 2256 | 2226.63 | 342507 | 47798370000 | 0.22 |
| 2024-09-06 | 2276.54 | 2263.56 | 2288.93 | 2263.32 | 258860 | 34524510000 | 0.16 |
| 2024-09-05 | 2272.98 | 2275.12 | 2281.53 | 2267.33 | 303526 | 39145530000 | 0.19 |
| 2024-09-04 | 2279.48 | 2271.81 | 2289.39 | 2268.21 | 354825 | 42801800000 | 0.22 |
| 2024-09-03 | 2299.34 | 2291.18 | 2301.69 | 2286.02 | 441589 | 50294840000 | 0.28 |
| 2024-09-02 | 2321.15 | 2299.93 | 2326.08 | 2299.17 | 454993 | 61799690000 | 0.29 |
| 2024-08-30 | 2313.61 | 2335.21 | 2354.63 | 2311.23 | 637860 | 87319590000 | 0.40 |
| 2024-08-29 | 2329.66 | 2317.66 | 2335.67 | 2315.49 | 442463 | 54544180000 | 0.28 |
| 2024-08-28 | 2349.52 | 2336.15 | 2352.7 | 2327.92 | 300923 | 44898370000 | 0.19 |
| 2024-08-27 | 2348.54 | 2350.41 | 2355.57 | 2345.3 | 309525 | 40323560000 | 0.19 |
| 2024-08-26 | 2356.79 | 2352.27 | 2361.88 | 2341.23 | 269005 | 39379740000 | 0.17 |
| 2024-08-23 | 2338.66 | 2355.38 | 2361.06 | 2338.32 | 279000 | 43651870000 | 0.18 |
| 2024-08-22 | 2340.15 | 2341.15 | 2344.99 | 2332.36 | 311129 | 44159380000 | 0.20 |
| 2024-08-21 | 2341.81 | 2339.07 | 2345.97 | 2324.71 | 265509 | 37036690000 | 0.17 |
| 2024-08-20 | 2361.18 | 2346.64 | 2361.3 | 2337.51 | 298981 | 40474330000 | 0.19 |
| 2024-08-19 | 2345.64 | 2357.03 | 2367.41 | 2345.12 | 308852 | 41304620000 | 0.19 |
| 2024-08-16 | 2335.04 | 2345.05 | 2348.15 | 2331.08 | 304816 | 39617340000 | 0.19 |
| 2024-08-15 | 2300.48 | 2335.94 | 2343.21 | 2295.75 | 293156 | 46630600000 | 0.18 |
| 2024-08-14 | 2317.89 | 2306.12 | 2317.89 | 2305.47 | 220499 | 34691780000 | 0.14 |
| 2024-08-13 | 2318.97 | 2317.65 | 2321.54 | 2304.6 | 251092 | 36056040000 | 0.16 |
| 2024-08-12 | 2314.26 | 2316.91 | 2323.42 | 2312.58 | 221950 | 32347880000 | 0.14 |
| 2024-08-09 | 2332.67 | 2317.99 | 2338.24 | 2317.99 | 259888 | 42763980000 | 0.16 |
| 2024-08-08 | 2310.96 | 2320.42 | 2334.46 | 2305.89 | 225289 | 40041210000 | 0.14 |
| 2024-08-07 | 2311.91 | 2314.43 | 2330.15 | 2307.08 | 271460 | 42713090000 | 0.17 |
| 2024-08-06 | 2342.84 | 2313.34 | 2346.3 | 2296.71 | 348737 | 54899370000 | 0.22 |
| 2024-08-05 | 2334.59 | 2328.92 | 2362.31 | 2327.75 | 394575 | 63104360000 | 0.25 |
| 2024-08-02 | 2344.42 | 2343.72 | 2360.41 | 2337.64 | 318275 | 49775530000 | 0.20 |
| 2024-08-01 | 2373.47 | 2360.42 | 2375.79 | 2360.05 | 391342 | 58367020000 | 0.25 |
| 2024-07-31 | 2332.65 | 2375.39 | 2378.88 | 2331.56 | 500666 | 77823530000 | 0.31 |
| 2024-07-30 | 2341.91 | 2335.31 | 2341.91 | 2321.5 | 324329 | 54147210000 | 0.20 |
| 2024-07-29 | 2352.51 | 2348.48 | 2359.98 | 2343.4 | 336713 | 50285980000 | 0.21 |
| 2024-07-26 | 2364.91 | 2355.32 | 2368.27 | 2341.45 | 404940 | 58240320000 | 0.25 |
| 2024-07-25 | 2384.63 | 2369.72 | 2387.89 | 2358.54 | 408469 | 60679430000 | 0.26 |
| 2024-07-24 | 2393.23 | 2390.95 | 2407.11 | 2383 | 392967 | 56353470000 | 0.25 |
| 2024-07-23 | 2429.09 | 2396.67 | 2431.27 | 2396.67 | 413407 | 63854260000 | 0.26 |
| 2024-07-22 | 2454.24 | 2432.55 | 2454.5 | 2416.2 | 418297 | 69492700000 | 0.26 |
| 2024-07-19 | 2429.8 | 2456.79 | 2462.74 | 2417.46 | 413155 | 71695220000 | 0.26 |
| 2024-07-18 | 2426.34 | 2444.51 | 2446.77 | 2421.49 | 348140 | 60995580000 | 0.22 |
| 2024-07-17 | 2422.88 | 2432.83 | 2439.32 | 2419.98 | 377504 | 64968550000 | 0.24 |
| 2024-07-16 | 2412.26 | 2424.76 | 2426.59 | 2406.25 | 356884 | 55901180000 | 0.22 |
| 2024-07-15 | 2405.92 | 2420.52 | 2424.41 | 2405.52 | 345186 | 50347380000 | 0.22 |
| 2024-07-12 | 2397.73 | 2412.62 | 2414.76 | 2396.53 | 381571 | 59812240000 | 0.24 |
| 2024-07-11 | 2387.67 | 2396.41 | 2400.23 | 2378.15 | 382956 | 63413460000 | 0.24 |
| 2024-07-10 | 2378.8 | 2381.83 | 2392.88 | 2378.54 | 348463 | 56473780000 | 0.22 |
| 2024-07-09 | 2365.93 | 2389.38 | 2396.18 | 2352.77 | 375045 | 62567230000 | 0.24 |
| 2024-07-08 | 2375.68 | 2371.69 | 2387.89 | 2368.17 | 356176 | 58987890000 | 0.22 |
| 2024-07-05 | 2405.61 | 2386 | 2411.93 | 2367.02 | 393634 | 63623260000 | 0.25 |
| 2024-07-04 | 2417.28 | 2407.9 | 2428.94 | 2407.13 | 305116 | 49929140000 | 0.19 |
| 2024-07-03 | 2417.18 | 2414.87 | 2421.08 | 2405.84 | 329916 | 55118430000 | 0.21 |
| 2024-07-02 | 2400.17 | 2416.68 | 2421.75 | 2399.52 | 368669 | 59919130000 | 0.23 |
| 2024-07-01 | 2395.2 | 2405.47 | 2407.05 | 2387.62 | 362812 | 56357790000 | 0.23 |
| 2024-06-28 | 2382.12 | 2394.87 | 2406.36 | 2381.39 | 398986 | 62660040000 | 0.25 |
| 2024-06-27 | 2391.69 | 2388.56 | 2395.81 | 2376.66 | 369906 | 54577200000 | 0.23 |
| 2024-06-26 | 2388.5 | 2398.26 | 2404.46 | 2383.15 | 298595 | 46732370000 | 0.19 |
| 2024-06-25 | 2403.73 | 2394.22 | 2410.14 | 2384.2 | 349191 | 58739730000 | 0.22 |
| 2024-06-24 | 2383.87 | 2404.08 | 2418.92 | 2381.28 | 346713 | 62252300000 | 0.22 |
| 2024-06-21 | 2406.22 | 2398.96 | 2411.53 | 2386.48 | 332020 | 58864840000 | 0.21 |
| 2024-06-20 | 2413.39 | 2408.34 | 2422.7 | 2405.4 | 320130 | 56261520000 | 0.20 |
| 2024-06-19 | 2410.47 | 2413.97 | 2418.74 | 2402.96 | 327753 | 56240550000 | 0.21 |
| 2024-06-18 | 2412.55 | 2415.43 | 2424.93 | 2408.29 | 353383 | 59466090000 | 0.22 |
| 2024-06-17 | 2412.09 | 2416.34 | 2418.94 | 2408.87 | 374960 | 61841770000 | 0.24 |
| 2024-06-14 | 2405.79 | 2426.51 | 2433.05 | 2399.99 | 412780 | 78246580000 | 0.27 |
| 2024-06-13 | 2425.92 | 2412.07 | 2426.33 | 2406.99 | 308511 | 57368170000 | 0.21 |
| 2024-06-12 | 2420.9 | 2423.61 | 2427.84 | 2412.99 | 379496 | 63274160000 | 0.25 |
| 2024-06-11 | 2444.55 | 2423.62 | 2449.65 | 2415.11 | 414015 | 70152690000 | 0.28 |
| 2024-06-07 | 2473.17 | 2457.26 | 2476.46 | 2444.93 | 364361 | 58648180000 | 0.24 |
| 2024-06-06 | 2474.23 | 2467.89 | 2492.05 | 2462.13 | 368973 | 64488230000 | 0.25 |
| 2024-06-05 | 2477.31 | 2468.19 | 2483.33 | 2467.46 | 294539 | 51341200000 | 0.20 |
| 2024-06-04 | 2465.61 | 2483.32 | 2488.75 | 2462.67 | 319032 | 56622880000 | 0.21 |
| 2024-06-03 | 2461.35 | 2469.02 | 2476.8 | 2454.98 | 329352 | 58211850000 | 0.22 |
| 2024-05-31 | 2480.21 | 2462.18 | 2487.13 | 2462.18 | 285932 | 50383980000 | 0.19 |
| 2024-05-30 | 2488.32 | 2473.76 | 2500.31 | 2468.26 | 343500 | 60265640000 | 0.23 |
| 2024-05-29 | 2489.52 | 2493.17 | 2510.07 | 2486.58 | 317851 | 51576830000 | 0.21 |
| 2024-05-28 | 2498.03 | 2490.16 | 2505.79 | 2486.1 | 330036 | 54184040000 | 0.22 |
| 2024-05-27 | 2478.26 | 2497.6 | 2500.11 | 2478.26 | 357709 | 60797170000 | 0.24 |
| 2024-05-24 | 2494.37 | 2474.43 | 2504.41 | 2473.23 | 312942 | 53766570000 | 0.21 |
| 2024-05-23 | 2518.14 | 2500.82 | 2519.07 | 2495.16 | 350480 | 59668910000 | 0.24 |
| 2024-05-22 | 2524.69 | 2529.04 | 2535.06 | 2519.03 | 380760 | 65777030000 | 0.26 |
| 2024-05-21 | 2526.94 | 2525.23 | 2531.63 | 2518.27 | 331186 | 54644700000 | 0.22 |
| 2024-05-20 | 2529.92 | 2532.82 | 2544.52 | 2524.19 | 466920 | 81480530000 | 0.31 |
| 2024-05-17 | 2492.57 | 2524.17 | 2524.18 | 2485.82 | 442186 | 76547470000 | 0.30 |
| 2024-05-16 | 2484.27 | 2489.41 | 2498.89 | 2475.84 | 391993 | 68282400000 | 0.26 |
| 2024-05-15 | 2494.76 | 2477.39 | 2498.95 | 2475.96 | 294573 | 50498150000 | 0.20 |
| 2024-05-14 | 2507.2 | 2496.74 | 2510.42 | 2491.25 | 338857 | 61077640000 | 0.23 |
| 2024-05-13 | 2499.69 | 2506.46 | 2512.24 | 2487.65 | 410367 | 74056150000 | 0.28 |
| 2024-05-10 | 2508.06 | 2508.58 | 2515.02 | 2492.36 | 405286 | 66949260000 | 0.27 |
| 2024-05-09 | 2483.66 | 2501.73 | 2506.28 | 2483.66 | 376621 | 64311120000 | 0.25 |
| 2024-05-08 | 2495.62 | 2486.02 | 2497.15 | 2484.38 | 323061 | 51551480000 | 0.22 |
| 2024-05-07 | 2496.02 | 2499.77 | 2504.03 | 2489.37 | 380426 | 62864450000 | 0.26 |
| 2024-05-06 | 2495.47 | 2495.76 | 2505.6 | 2487.32 | 560078 | 96349190000 | 0.38 |
| 2024-04-30 | 2473.51 | 2464.24 | 2484.1 | 2464.24 | 468144 | 75190680000 | 0.31 |
| 2024-04-29 | 2458.18 | 2474.34 | 2492.93 | 2453.48 | 534012 | 92063350000 | 0.36 |
| 2024-04-26 | 2432.76 | 2461.86 | 2467.27 | 2432.76 | 478380 | 79728580000 | 0.32 |
| 2024-04-25 | 2419.5 | 2431.62 | 2437.31 | 2411.57 | 283178 | 49604480000 | 0.19 |
| 2024-04-24 | 2422.63 | 2424.12 | 2426.96 | 2406.88 | 293869 | 50879460000 | 0.20 |
| 2024-04-23 | 2420.62 | 2413.74 | 2426.89 | 2409.95 | 379321 | 60577320000 | 0.25 |
| 2024-04-22 | 2433.18 | 2424.75 | 2450.26 | 2422.77 | 403681 | 65847980000 | 0.27 |
| 2024-04-19 | 2433.98 | 2430.58 | 2444.02 | 2424.17 | 388847 | 63779130000 | 0.26 |
| 2024-04-18 | 2430.7 | 2445.2 | 2468.36 | 2429.63 | 466245 | 74076790000 | 0.31 |
| 2024-04-17 | 2407.96 | 2439.86 | 2440.58 | 2397.44 | 459446 | 69009890000 | 0.31 |
| 2024-04-16 | 2414.76 | 2412.32 | 2429.39 | 2398.43 | 469525 | 68370140000 | 0.32 |
| 2024-04-15 | 2367.86 | 2424.02 | 2424.93 | 2367.76 | 501305 | 75984590000 | 0.34 |
| 2024-04-12 | 2397.28 | 2374.05 | 2402.64 | 2370.28 | 323638 | 59600120000 | 0.22 |
| 2024-04-11 | 2383.7 | 2394.87 | 2402.75 | 2380.51 | 312880 | 56313020000 | 0.21 |
| 2024-04-10 | 2403.73 | 2396.74 | 2412.59 | 2388.68 | 336127 | 58702880000 | 0.23 |
| 2024-04-09 | 2411.78 | 2404.61 | 2418.6 | 2399.28 | 356229 | 57315470000 | 0.24 |
| 2024-04-08 | 2419.03 | 2414.09 | 2431.41 | 2407.36 | 398736 | 73403480000 | 0.27 |
| 2024-04-03 | 2439.43 | 2430.17 | 2441.67 | 2423.88 | 319600 | 60097490000 | 0.21 |
| 2024-04-02 | 2441.49 | 2435.76 | 2447.37 | 2428.03 | 357264 | 59917350000 | 0.24 |
| 2024-04-01 | 2422.73 | 2441.57 | 2448.88 | 2422.73 | 362100 | 63161800000 | 0.24 |
| 2024-03-29 | 2399.46 | 2414.92 | 2418.56 | 2399.28 | 341336 | 51692110000 | 0.23 |
| 2024-03-28 | 2395.22 | 2401.99 | 2424.77 | 2387.42 | 368708 | 59543020000 | 0.25 |
| 2024-03-27 | 2408.91 | 2398.94 | 2421.13 | 2398.94 | 320729 | 52565300000 | 0.22 |
| 2024-03-26 | 2404.21 | 2413.74 | 2415.71 | 2398.6 | 313625 | 57780740000 | 0.21 |
| 2024-03-25 | 2398.32 | 2401.21 | 2418.31 | 2393.06 | 343837 | 60441060000 | 0.23 |
| 2024-03-22 | 2417.94 | 2403.2 | 2420.77 | 2386.2 | 340736 | 63189510000 | 0.23 |
| 2024-03-21 | 2432.93 | 2427.1 | 2441.27 | 2424.88 | 292084 | 54112420000 | 0.20 |
| 2024-03-20 | 2412.61 | 2426.46 | 2430.72 | 2408.48 | 308386 | 51100640000 | 0.21 |
| 2024-03-19 | 2430.3 | 2416.83 | 2441.6 | 2416.03 | 343325 | 64262400000 | 0.23 |
| 2024-03-18 | 2424.92 | 2438.19 | 2438.83 | 2419.88 | 370473 | 70596400000 | 0.25 |
| 2024-03-15 | 2417.57 | 2427.2 | 2430.59 | 2409.61 | 330075 | 62673020000 | 0.22 |
| 2024-03-14 | 2431.77 | 2423.86 | 2446.88 | 2415.06 | 368822 | 69775880000 | 0.25 |
| 2024-03-13 | 2445.8 | 2427.6 | 2445.8 | 2419.45 | 369487 | 67424740000 | 0.25 |
| 2024-03-12 | 2443.23 | 2450.47 | 2458.92 | 2436.08 | 505773 | 93341580000 | 0.34 |
| 2024-03-11 | 2426.73 | 2443.11 | 2443.11 | 2418.34 | 391521 | 69559850000 | 0.26 |
| 2024-03-08 | 2423.14 | 2426.17 | 2433.33 | 2410.15 | 349113 | 57496300000 | 0.23 |
| 2024-03-07 | 2430.42 | 2426.97 | 2446.3 | 2418.13 | 383358 | 67072870000 | 0.26 |
| 2024-03-06 | 2443.85 | 2434.12 | 2450.43 | 2433.07 | 387540 | 62490720000 | 0.26 |
| 2024-03-05 | 2410.46 | 2446.42 | 2450.06 | 2407.05 | 439561 | 76817290000 | 0.30 |
| 2024-03-04 | 2412.08 | 2418.58 | 2422.82 | 2404.92 | 402981 | 71924710000 | 0.27 |
| 2024-03-01 | 2408.3 | 2414.84 | 2420.38 | 2397.64 | 344350 | 60269510000 | 0.23 |
| 2024-02-29 | 2378.14 | 2413.14 | 2413.14 | 2378.14 | 351925 | 63682020000 | 0.24 |
| 2024-02-28 | 2405.88 | 2385.61 | 2417.33 | 2385.61 | 447639 | 76575630000 | 0.30 |
| 2024-02-27 | 2383.14 | 2405.06 | 2405.06 | 2381.57 | 336010 | 57324530000 | 0.23 |
| 2024-02-26 | 2427.23 | 2393.55 | 2430.97 | 2388.39 | 413283 | 63298280000 | 0.28 |
| 2024-02-23 | 2431.87 | 2433.41 | 2447.8 | 2424.17 | 400631 | 62572520000 | 0.27 |
| 2024-02-22 | 2403.88 | 2433.08 | 2433.23 | 2403 | 375554 | 60050750000 | 0.25 |
| 2024-02-21 | 2359.18 | 2410.23 | 2439.21 | 2355.4 | 500054 | 86249270000 | 0.34 |
| 2024-02-20 | 2367.92 | 2369.08 | 2372.86 | 2353.97 | 374861 | 60546150000 | 0.25 |
| 2024-02-19 | 2368.45 | 2371.55 | 2371.55 | 2348.41 | 521602 | 78856900000 | 0.35 |
| 2024-02-08 | 2345.08 | 2352.58 | 2355.77 | 2330.83 | 504862 | 79375430000 | 0.34 |
| 2024-02-07 | 2323.12 | 2344.15 | 2344.79 | 2305.51 | 647841 | 95430740000 | 0.44 |
| 2024-02-06 | 2250.11 | 2318.84 | 2321.45 | 2246.82 | 583851 | 88303220000 | 0.39 |
| 2024-02-05 | 2221.94 | 2255.28 | 2270.37 | 2203.07 | 593140 | 87422810000 | 0.40 |
| 2024-02-02 | 2252.65 | 2229.01 | 2264.06 | 2184.77 | 506371 | 72601310000 | 0.34 |
| 2024-02-01 | 2245.48 | 2248.27 | 2270.07 | 2238.71 | 398901 | 59264040000 | 0.27 |
| 2024-01-31 | 2261.12 | 2254.3 | 2273.1 | 2243.9 | 429288 | 63009280000 | 0.29 |
| 2024-01-30 | 2292.22 | 2270.98 | 2303.72 | 2270.98 | 432676 | 61237730000 | 0.29 |
| 2024-01-29 | 2312.7 | 2304.44 | 2327.36 | 2304.44 | 595490 | 77810110000 | 0.40 |
| 2024-01-26 | 2303.32 | 2314.37 | 2323.35 | 2295.96 | 583163 | 73311460000 | 0.39 |
| 2024-01-25 | 2264.02 | 2312.85 | 2314.5 | 2261.37 | 619454 | 79432200000 | 0.42 |
| 2024-01-24 | 2238.33 | 2260.56 | 2264.52 | 2209.51 | 441980 | 61986780000 | 0.30 |
| 2024-01-23 | 2220.5 | 2226.37 | 2239.65 | 2204.37 | 340153 | 54006330000 | 0.23 |
| 2024-01-22 | 2237.77 | 2230.61 | 2257.59 | 2206.76 | 447862 | 70458300000 | 0.30 |
| 2024-01-19 | 2227.73 | 2243.54 | 2250.61 | 2218.17 | 358651 | 59477640000 | 0.24 |
| 2024-01-18 | 2191.89 | 2238.46 | 2242.33 | 2163.87 | 549447 | 83092560000 | 0.37 |
| 2024-01-17 | 2241.02 | 2199.26 | 2242.61 | 2199.26 | 306283 | 51922840000 | 0.21 |
| 2024-01-16 | 2231.82 | 2248.98 | 2249.05 | 2223.44 | 287822 | 46347950000 | 0.19 |
| 2024-01-15 | 2227.36 | 2238.5 | 2256.8 | 2225.24 | 237151 | 39317050000 | 0.16 |
| 2024-01-12 | 2231.29 | 2237.21 | 2250.73 | 2229.59 | 258938 | 39121730000 | 0.17 |
| 2024-01-11 | 2234.82 | 2240.11 | 2251.08 | 2226.28 | 305244 | 45573500000 | 0.21 |
| 2024-01-10 | 2239.03 | 2235.21 | 2257.85 | 2233.18 | 257133 | 41868260000 | 0.17 |
| 2024-01-09 | 2243.41 | 2245.62 | 2251.54 | 2234.91 | 302693 | 48702070000 | 0.20 |
| 2024-01-08 | 2265.24 | 2243.84 | 2272.04 | 2240.56 | 315007 | 47632270000 | 0.21 |
| 2024-01-05 | 2272.94 | 2268.54 | 2295.6 | 2256.6 | 355894 | 51973250000 | 0.24 |
| 2024-01-04 | 2293.46 | 2279.04 | 2296.12 | 2260.35 | 321258 | 48905530000 | 0.22 |
| 2024-01-03 | 2287.76 | 2294.84 | 2299.68 | 2283.59 | 293144 | 44217110000 | 0.20 |
| 2024-01-02 | 2316.43 | 2292.23 | 2316.74 | 2292.23 | 313755 | 50622410000 | 0.21 |
| 2023-12-29 | 2314.07 | 2326.17 | 2327.68 | 2309.43 | 303623 | 51479710000 | 0.20 |
| 2023-12-28 | 2267.06 | 2317.7 | 2322.05 | 2265.23 | 429226 | 69274070000 | 0.29 |
| 2023-12-27 | 2263.49 | 2266.54 | 2271.23 | 2250.01 | 267611 | 37638310000 | 0.18 |
| 2023-12-26 | 2273.05 | 2262.21 | 2273.05 | 2255.35 | 198991 | 30599000000 | 0.13 |
| 2023-12-25 | 2266.39 | 2272.96 | 2276.13 | 2263.6 | 194346 | 31479910000 | 0.13 |
| 2023-12-22 | 2262.16 | 2270.5 | 2282.77 | 2251.45 | 295962 | 45871260000 | 0.20 |
| 2023-12-21 | 2228.77 | 2261.38 | 2266.77 | 2227.97 | 287269 | 49033060000 | 0.19 |
| 2023-12-20 | 2253.68 | 2237.58 | 2258.49 | 2236.88 | 249794 | 37376220000 | 0.17 |
| 2023-12-19 | 2248.45 | 2257.21 | 2264.29 | 2238.87 | 221196 | 35256750000 | 0.15 |
| 2023-12-18 | 2237.01 | 2251.23 | 2260.35 | 2227.98 | 258819 | 37998040000 | 0.17 |
| 2023-12-15 | 2262.04 | 2245.29 | 2283.54 | 2244.8 | 274587 | 47439180000 | 0.18 |
| 2023-12-14 | 2274.25 | 2249.94 | 2280.85 | 2249.39 | 206269 | 39752390000 | 0.14 |
| 2023-12-13 | 2298.27 | 2261.02 | 2298.27 | 2260.6 | 248663 | 45559140000 | 0.17 |
| 2023-12-12 | 2285.21 | 2305.14 | 2306.04 | 2282.09 | 288487 | 42483200000 | 0.19 |
| 2023-12-11 | 2264.99 | 2292.68 | 2299.66 | 2244.28 | 350101 | 56257630000 | 0.27 |
| 2023-12-08 | 2274.18 | 2281.65 | 2287.09 | 2269.28 | 335129 | 45212160000 | 0.26 |
| 2023-12-07 | 2280.09 | 2274.83 | 2284.94 | 2259.82 | 259596 | 38119540000 | 0.20 |
| 2023-12-06 | 2281.73 | 2284.06 | 2298.3 | 2275.28 | 306777 | 41728780000 | 0.24 |
| 2023-12-05 | 2327.34 | 2286.58 | 2327.34 | 2285.96 | 251939 | 42196910000 | 0.19 |
| 2023-12-04 | 2351.31 | 2333.88 | 2353 | 2332.85 | 230046 | 38447060000 | 0.18 |
| 2023-12-01 | 2362.63 | 2352 | 2362.63 | 2330.74 | 283576 | 45326080000 | 0.22 |
| 2023-11-30 | 2358.21 | 2366 | 2370.95 | 2354.69 | 256420 | 37341820000 | 0.20 |
| 2023-11-29 | 2374.03 | 2358.12 | 2374.36 | 2351.1 | 257391 | 38604710000 | 0.20 |
| 2023-11-28 | 2368.92 | 2371.21 | 2374.97 | 2361.74 | 200645 | 32101800000 | 0.15 |
| 2023-11-27 | 2387.98 | 2370.72 | 2387.98 | 2357.09 | 268210 | 40568740000 | 0.21 |
| 2023-11-24 | 2403.92 | 2391.02 | 2403.92 | 2390.17 | 202342 | 29471980000 | 0.16 |
| 2023-11-23 | 2393.49 | 2405.17 | 2407.2 | 2386.58 | 198016 | 29966320000 | 0.15 |
| 2023-11-22 | 2408.98 | 2396.9 | 2414.24 | 2396.9 | 217245 | 30301270000 | 0.17 |
| 2023-11-21 | 2415.13 | 2416.24 | 2432.77 | 2412.01 | 264626 | 42629210000 | 0.20 |
| 2023-11-20 | 2399.76 | 2404.77 | 2413.31 | 2383.56 | 212387 | 34814050000 | 0.16 |
| 2023-11-17 | 2396.59 | 2398.2 | 2401.79 | 2379.33 | 223011 | 33944870000 | 0.17 |
| 2023-11-16 | 2422.85 | 2404.32 | 2425.3 | 2402.11 | 222002 | 33479910000 | 0.17 |
| 2023-11-15 | 2428.82 | 2427.12 | 2431.83 | 2419.64 | 246221 | 43282230000 | 0.19 |
| 2023-11-14 | 2410.48 | 2406.4 | 2419.22 | 2397.18 | 234218 | 37907960000 | 0.18 |
| 2023-11-13 | 2415.96 | 2407.59 | 2421.17 | 2396.31 | 234555 | 37683960000 | 0.18 |
| 2023-11-10 | 2424.49 | 2414.02 | 2428.12 | 2409.04 | 244777 | 39070610000 | 0.19 |
| 2023-11-09 | 2428.51 | 2436.23 | 2444.35 | 2427.64 | 284239 | 48916590000 | 0.22 |
| 2023-11-08 | 2436.87 | 2436.7 | 2448.87 | 2426.2 | 254162 | 45724470000 | 0.20 |
| 2023-11-07 | 2450.27 | 2443.97 | 2450.38 | 2436.38 | 254095 | 43645740000 | 0.19 |
| 2023-11-06 | 2452.84 | 2456.77 | 2460.76 | 2443.39 | 394485 | 63490180000 | 0.30 |
| 2023-11-03 | 2419.69 | 2436.94 | 2443.3 | 2418.92 | 244302 | 42330070000 | 0.19 |
| 2023-11-02 | 2429.72 | 2417.46 | 2440.34 | 2416.66 | 253133 | 40772220000 | 0.19 |
| 2023-11-01 | 2456.38 | 2420.73 | 2456.38 | 2416.68 | 259505 | 57125470000 | 0.20 |
| 2023-10-31 | 2409.89 | 2411.48 | 2416.57 | 2400.26 | 313937 | 53329680000 | 0.24 |
| 2023-10-30 | 2406.95 | 2414.16 | 2420.98 | 2403.27 | 397067 | 62284480000 | 0.30 |
| 2023-10-27 | 2383.99 | 2414.91 | 2426.8 | 2380.34 | 316475 | 56934790000 | 0.24 |
| 2023-10-26 | 2375.04 | 2393.73 | 2394.99 | 2372.54 | 284627 | 41362770000 | 0.22 |
| 2023-10-25 | 2402.75 | 2386.3 | 2408.89 | 2383.1 | 399916 | 52062700000 | 0.31 |
| 2023-10-24 | 2374.87 | 2378.44 | 2382.73 | 2355.59 | 314523 | 43320640000 | 0.24 |
| 2023-10-23 | 2380.3 | 2369.93 | 2390.8 | 2351.45 | 264700 | 38190470000 | 0.20 |
| 2023-10-20 | 2394.62 | 2389.22 | 2402.79 | 2379.74 | 279294 | 44439810000 | 0.21 |
| 2023-10-19 | 2450.17 | 2401.93 | 2450.18 | 2400.19 | 311497 | 53932890000 | 0.24 |
| 2023-10-18 | 2471.59 | 2467.19 | 2478.68 | 2463.66 | 245919 | 35566080000 | 0.19 |
| 2023-10-17 | 2474.12 | 2478.9 | 2480.94 | 2462.37 | 234885 | 35668260000 | 0.18 |
| 2023-10-16 | 2490.92 | 2468.44 | 2491.62 | 2461.38 | 250808 | 40453210000 | 0.19 |
| 2023-10-13 | 2495.15 | 2489.13 | 2499.07 | 2482.89 | 257924 | 39705090000 | 0.20 |
| 2023-10-12 | 2518.83 | 2514.39 | 2524.2 | 2504.37 | 336614 | 46137730000 | 0.26 |
| 2023-10-11 | 2497.56 | 2490.86 | 2502.63 | 2486.37 | 263723 | 43693280000 | 0.20 |
| 2023-10-10 | 2510.51 | 2482.53 | 2513.85 | 2481.39 | 287020 | 40996550000 | 0.22 |
| 2023-10-09 | 2497.47 | 2499.57 | 2504.02 | 2474.81 | 276084 | 45052520000 | 0.21 |
| 2023-09-28 | 2530.23 | 2507.09 | 2531.07 | 2504.21 | 249167 | 41444250000 | 0.19 |
| 2023-09-27 | 2515.82 | 2520.14 | 2538.68 | 2514.23 | 275408 | 46635010000 | 0.21 |
| 2023-09-26 | 2526.35 | 2513.41 | 2534.2 | 2512.03 | 233420 | 33802410000 | 0.18 |
| 2023-09-25 | 2548.89 | 2529.15 | 2548.89 | 2526.07 | 255699 | 41022030000 | 0.20 |
| 2023-09-22 | 2498.24 | 2550.98 | 2550.98 | 2489.32 | 329786 | 53822480000 | 0.25 |
| 2023-09-21 | 2515.47 | 2495.74 | 2519.91 | 2495.74 | 238914 | 35084380000 | 0.18 |
| 2023-09-20 | 2527.75 | 2521.56 | 2529.02 | 2519.13 | 228825 | 30949030000 | 0.18 |
| 2023-09-19 | 2529.48 | 2532.28 | 2533.79 | 2517.4 | 229407 | 34756090000 | 0.18 |
| 2023-09-18 | 2509.15 | 2531.9 | 2532.43 | 2503.02 | 254209 | 43600330000 | 0.20 |
| 2023-09-15 | 2538.26 | 2514.98 | 2546.42 | 2508.24 | 336664 | 53188350000 | 0.26 |
| 2023-09-14 | 2529.19 | 2530.98 | 2539.67 | 2519.4 | 312155 | 41657840000 | 0.24 |
| 2023-09-13 | 2536.39 | 2524.54 | 2543.12 | 2510.09 | 241997 | 37205540000 | 0.19 |
| 2023-09-12 | 2533.6 | 2531.83 | 2538.69 | 2527.34 | 205849 | 31996950000 | 0.16 |
| 2023-09-11 | 2519.3 | 2536.17 | 2550.01 | 2519.3 | 244540 | 42516630000 | 0.19 |
| 2023-09-08 | 2527.46 | 2519.97 | 2529.85 | 2512.41 | 180426 | 28609590000 | 0.14 |
| 2023-09-07 | 2552.36 | 2534.16 | 2552.86 | 2531.1 | 252424 | 40426840000 | 0.19 |
| 2023-09-06 | 2553.59 | 2559.36 | 2564.43 | 2544.6 | 238621 | 41578600000 | 0.18 |
| 2023-09-05 | 2569.76 | 2561.79 | 2569.76 | 2557.97 | 266847 | 47627590000 | 0.20 |
| 2023-09-04 | 2550.17 | 2577.47 | 2583.67 | 2547.59 | 406569 | 67613130000 | 0.31 |
| 2023-09-01 | 2520.7 | 2532.25 | 2544.05 | 2520.7 | 290821 | 46333400000 | 0.22 |
| 2023-08-31 | 2526.69 | 2510.46 | 2532.17 | 2505.83 | 296852 | 46242840000 | 0.23 |
| 2023-08-30 | 2540.84 | 2522.54 | 2540.84 | 2518.66 | 358180 | 55190680000 | 0.28 |
| 2023-08-29 | 2512.32 | 2529.22 | 2546.69 | 2511.79 | 399095 | 64006130000 | 0.31 |
| 2023-08-28 | 2612.31 | 2518.19 | 2612.98 | 2507.98 | 545272 | 94406030000 | 0.42 |
| 2023-08-25 | 2468.74 | 2485.33 | 2502.19 | 2466.55 | 300854 | 45300300000 | 0.23 |
| 2023-08-24 | 2468.32 | 2480.75 | 2497.19 | 2466.86 | 366658 | 51892680000 | 0.28 |
| 2023-08-23 | 2491.37 | 2461.19 | 2498.32 | 2459.33 | 296546 | 43379270000 | 0.23 |
| 2023-08-22 | 2485.56 | 2493.76 | 2505.03 | 2464.28 | 412615 | 58477810000 | 0.32 |
| 2023-08-21 | 2498.13 | 2475.09 | 2508.96 | 2475.09 | 286436 | 47508880000 | 0.22 |
| 2023-08-18 | 2537.14 | 2507.58 | 2545.8 | 2507.58 | 263058 | 44099170000 | 0.20 |
| 2023-08-17 | 2516.75 | 2536.49 | 2540.54 | 2507.9 | 247835 | 44195360000 | 0.19 |
| 2023-08-16 | 2533.9 | 2530.81 | 2549.94 | 2529.43 | 256298 | 44756950000 | 0.20 |
| 2023-08-15 | 2550.94 | 2546.44 | 2556 | 2522.24 | 278885 | 46065120000 | 0.21 |
| 2023-08-14 | 2538.85 | 2549.28 | 2554.39 | 2526.07 | 335441 | 51938870000 | 0.26 |
| 2023-08-11 | 2630.99 | 2568.9 | 2631.8 | 2568.9 | 359968 | 56193240000 | 0.28 |
| 2023-08-10 | 2623.8 | 2629.44 | 2632.57 | 2609.82 | 246283 | 42538510000 | 0.19 |
| 2023-08-09 | 2623.15 | 2628.7 | 2638.09 | 2622.06 | 239873 | 43024800000 | 0.18 |
| 2023-08-08 | 2625.67 | 2631.38 | 2646.6 | 2610.81 | 273665 | 50836900000 | 0.21 |
| 2023-08-07 | 2635.78 | 2634.58 | 2636.69 | 2622.67 | 317486 | 55108580000 | 0.24 |
| 2023-08-04 | 2664.59 | 2648.84 | 2680.74 | 2646.15 | 482036 | 84194650000 | 0.37 |
| 2023-08-03 | 2617.79 | 2645.15 | 2647.36 | 2612.4 | 340423 | 63279360000 | 0.26 |
| 2023-08-02 | 2635.55 | 2620.68 | 2651.18 | 2612.35 | 371230 | 56598620000 | 0.29 |
| 2023-08-01 | 2652.24 | 2645.89 | 2670.25 | 2636.15 | 391789 | 68052480000 | 0.30 |
| 2023-07-31 | 2666.49 | 2653.37 | 2700.74 | 2644.09 | 517448 | 99450610000 | 0.40 |
| 2023-07-28 | 2564.87 | 2647.03 | 2653.26 | 2563.16 | 485665 | 86726880000 | 0.37 |
| 2023-07-27 | 2580.24 | 2575.36 | 2596.33 | 2569.1 | 297626 | 49060160000 | 0.23 |
| 2023-07-26 | 2574.81 | 2576.39 | 2581.25 | 2564.89 | 260706 | 44788260000 | 0.20 |
| 2023-07-25 | 2539.48 | 2578.35 | 2578.96 | 2539.48 | 403577 | 79008150000 | 0.31 |
| 2023-07-24 | 2492.22 | 2500 | 2509.78 | 2492.19 | 190658 | 34856260000 | 0.15 |
| 2023-07-21 | 2501.4 | 2509.29 | 2527.28 | 2496.81 | 224130 | 45052390000 | 0.17 |
| 2023-07-20 | 2523.27 | 2506.86 | 2535.61 | 2503.48 | 245490 | 42610040000 | 0.19 |
| 2023-07-19 | 2506.42 | 2517.11 | 2518.9 | 2503.34 | 221191 | 37415210000 | 0.17 |
| 2023-07-18 | 2520.62 | 2511.64 | 2520.62 | 2503.52 | 266820 | 39420800000 | 0.20 |
| 2023-07-17 | 2535.64 | 2520.79 | 2535.64 | 2511.36 | 317354 | 42315770000 | 0.24 |
| 2023-07-14 | 2554.64 | 2547.94 | 2556.85 | 2543.18 | 363532 | 53084180000 | 0.28 |
| 2023-07-13 | 2519.38 | 2546.38 | 2547.78 | 2519.38 | 343748 | 62647470000 | 0.26 |
| 2023-07-12 | 2516.68 | 2513.42 | 2529.53 | 2510.16 | 303230 | 54934620000 | 0.23 |
| 2023-07-11 | 2513.71 | 2518.53 | 2521.05 | 2504.2 | 228157 | 42603360000 | 0.18 |
| 2023-07-10 | 2501.53 | 2503.28 | 2520.15 | 2495.87 | 245391 | 49665440000 | 0.19 |
| 2023-07-07 | 2493.49 | 2489.54 | 2500.58 | 2484.89 | 240259 | 38938930000 | 0.18 |
| 2023-07-06 | 2513.43 | 2501.32 | 2525.56 | 2495.91 | 264877 | 41017250000 | 0.20 |
| 2023-07-05 | 2533.19 | 2520.18 | 2537.19 | 2514.09 | 308140 | 45550020000 | 0.24 |
| 2023-07-04 | 2532.59 | 2537.6 | 2539.82 | 2525.38 | 312870 | 52126060000 | 0.24 |
| 2023-07-03 | 2496.92 | 2534.47 | 2537.69 | 2496.43 | 346249 | 57132260000 | 0.27 |
| 2023-06-30 | 2484.65 | 2492.1 | 2508.25 | 2482.49 | 241042 | 42135280000 | 0.19 |
| 2023-06-29 | 2510.89 | 2490.9 | 2513.55 | 2490.64 | 242696 | 43022270000 | 0.19 |
| 2023-06-28 | 2501.16 | 2510.72 | 2511.62 | 2491.25 | 279106 | 45695510000 | 0.22 |
| 2023-06-27 | 2490.98 | 2506.6 | 2513.98 | 2481.75 | 324482 | 46624060000 | 0.25 |
| 2023-06-26 | 2500.85 | 2488.74 | 2503.11 | 2482.61 | 318795 | 50260730000 | 0.25 |
| 2023-06-21 | 2536.95 | 2519.08 | 2548.93 | 2519.08 | 323918 | 51235420000 | 0.25 |
| 2023-06-20 | 2558.1 | 2547.25 | 2564.54 | 2544.05 | 287137 | 48101830000 | 0.22 |
| 2023-06-19 | 2591.33 | 2560.53 | 2591.33 | 2556.89 | 364734 | 60383660000 | 0.29 |
| 2023-06-16 | 2581.97 | 2600.92 | 2604.63 | 2581.77 | 358613 | 67728820000 | 0.28 |
| 2023-06-15 | 2547.49 | 2576.74 | 2576.74 | 2546.21 | 325208 | 64384480000 | 0.25 |
| 2023-06-14 | 2549.67 | 2541.81 | 2564.34 | 2540.58 | 338831 | 57839060000 | 0.27 |
| 2023-06-13 | 2535.99 | 2544.95 | 2547.85 | 2523.97 | 293317 | 47244640000 | 0.23 |
| 2023-06-12 | 2536.38 | 2542.2 | 2553.99 | 2524.31 | 362352 | 57420130000 | 0.23 |
| 2023-06-09 | 2541.03 | 2543.93 | 2550.59 | 2536.18 | 296386 | 52027290000 | 0.22 |
| 2023-06-08 | 2512.45 | 2540.06 | 2549.32 | 2504.1 | 290333 | 45311130000 | 0.23 |
| 2023-06-07 | 2528.85 | 2511.39 | 2537.23 | 2506.2 | 234794 | 40035750000 | 0.18 |
| 2023-06-06 | 2528.17 | 2519.19 | 2560.06 | 2516.47 | 308306 | 50565080000 | 0.25 |
| 2023-06-05 | 2540.02 | 2528.4 | 2542.48 | 2522.71 | 297344 | 44621280000 | 0.24 |
| 2023-06-02 | 2511.69 | 2543.58 | 2547.09 | 2511.33 | 304182 | 54465740000 | 0.24 |
| 2023-06-01 | 2487.76 | 2500.34 | 2522.86 | 2487.76 | 324902 | 53669170000 | 0.26 |
| 2023-05-31 | 2524.79 | 2493.35 | 2525.11 | 2485.86 | 307549 | 58844500000 | 0.25 |
| 2023-05-30 | 2546.17 | 2535.14 | 2553.95 | 2508.29 | 318740 | 54485700000 | 0.26 |
| 2023-05-29 | 2565.59 | 2548.29 | 2566.83 | 2537 | 294398 | 50638250000 | 0.24 |
| 2023-05-26 | 2562.55 | 2559.61 | 2569.23 | 2536.26 | 240486 | 42981690000 | 0.20 |
| 2023-05-25 | 2567.45 | 2564.5 | 2572.19 | 2544.27 | 317720 | 51886470000 | 0.26 |
| 2023-05-24 | 2615.57 | 2577.34 | 2615.57 | 2576.83 | 369124 | 56122420000 | 0.30 |
| 2023-05-23 | 2657.92 | 2617.54 | 2662.39 | 2617.54 | 305140 | 50037100000 | 0.25 |
| 2023-05-22 | 2630.11 | 2658.79 | 2669.23 | 2628.76 | 280985 | 55198910000 | 0.23 |
| 2023-05-19 | 2632.59 | 2633.39 | 2649.69 | 2614.96 | 298139 | 51202780000 | 0.24 |
| 2023-05-18 | 2653.01 | 2644.22 | 2665.28 | 2634.61 | 319674 | 48796870000 | 0.26 |
| 2023-05-17 | 2666.04 | 2649.36 | 2673.02 | 2642.63 | 262499 | 47819960000 | 0.21 |
| 2023-05-16 | 2681.39 | 2670.45 | 2685.58 | 2661.95 | 338800 | 57784760000 | 0.28 |
| 2023-05-15 | 2628.46 | 2677.04 | 2677.26 | 2619.56 | 445532 | 67150860000 | 0.36 |
| 2023-05-12 | 2662.8 | 2630.95 | 2668.88 | 2630.29 | 349129 | 56724790000 | 0.28 |
| 2023-05-11 | 2682.38 | 2666.06 | 2688.69 | 2663.54 | 329920 | 54214780000 | 0.27 |
| 2023-05-10 | 2698.77 | 2673.91 | 2706.2 | 2669.73 | 545248 | 76887280000 | 0.44 |
| 2023-05-09 | 2723.19 | 2703.94 | 2751.44 | 2702.77 | 688080 | 104858710000 | 0.56 |
| 2023-05-08 | 2694.57 | 2720.32 | 2727.73 | 2685.52 | 638825 | 94656570000 | 0.52 |
| 2023-05-05 | 2698.59 | 2685.17 | 2706.33 | 2672.03 | 467977 | 75425000000 | 0.38 |
| 2023-05-04 | 2663.45 | 2692.69 | 2696.59 | 2654.23 | 540559 | 88583480000 | 0.44 |
| 2023-04-28 | 2653.14 | 2677.76 | 2683.47 | 2653.14 | 405488 | 82332980000 | 0.33 |
| 2023-04-27 | 2618.46 | 2650.57 | 2658.78 | 2612.92 | 361748 | 74638150000 | 0.29 |
| 2023-04-26 | 2614.96 | 2617.98 | 2627.58 | 2605.18 | 369613 | 64329820000 | 0.30 |
| 2023-04-25 | 2621.02 | 2619.23 | 2629.73 | 2596.56 | 395162 | 67135750000 | 0.32 |
| 2023-04-24 | 2655.08 | 2618.48 | 2656.67 | 2611.38 | 374105 | 67028080000 | 0.30 |
| 2023-04-21 | 2703.4 | 2654.21 | 2703.4 | 2652.26 | 373257 | 69157560000 | 0.30 |
| 2023-04-20 | 2718.24 | 2704.86 | 2721.2 | 2693.26 | 358672 | 65781600000 | 0.29 |
| 2023-04-19 | 2746.06 | 2720.72 | 2746.06 | 2716.75 | 329031 | 62163510000 | 0.27 |
| 2023-04-18 | 2724.49 | 2744.45 | 2753.81 | 2722.61 | 396160 | 75979080000 | 0.32 |
| 2023-04-17 | 2680.63 | 2732.97 | 2732.97 | 2678.14 | 453661 | 84844710000 | 0.37 |
| 2023-04-14 | 2679.13 | 2679.01 | 2692.46 | 2668.81 | 308963 | 67304120000 | 0.25 |
| 2023-04-13 | 2659.94 | 2670.01 | 2675 | 2652.96 | 360996 | 69859210000 | 0.29 |
| 2023-04-12 | 2684.05 | 2665.77 | 2684.44 | 2663.2 | 349627 | 71006120000 | 0.29 |
| 2023-04-11 | 2690.63 | 2680.04 | 2694.32 | 2671.95 | 341148 | 70196810000 | 0.28 |
| 2023-04-10 | 2690.43 | 2684.91 | 2690.43 | 2671.52 | 322664 | 69540600000 | 0.26 |
| 2023-04-07 | 2667.14 | 2684.86 | 2692.51 | 2663.61 | 241610 | 55779750000 | 0.20 |
| 2023-04-06 | 2668.13 | 2666.45 | 2672.72 | 2659.91 | 296055 | 58470390000 | 0.24 |
| 2023-04-04 | 2668.4 | 2675.92 | 2676.06 | 2657.86 | 394973 | 70301300000 | 0.32 |
| 2023-04-03 | 2667.18 | 2665.72 | 2673.66 | 2655.07 | 352698 | 68174470000 | 0.29 |
| 2023-03-31 | 2670.95 | 2661.92 | 2681.82 | 2657.77 | 288889 | 56414430000 | 0.24 |
| 2023-03-30 | 2639.36 | 2664.21 | 2665.34 | 2628.1 | 336125 | 59176790000 | 0.27 |
| 2023-03-29 | 2655.41 | 2636.22 | 2658.13 | 2632.84 | 268887 | 47430710000 | 0.22 |
| 2023-03-28 | 2646.98 | 2638.74 | 2653.57 | 2633.92 | 272158 | 47612520000 | 0.22 |
| 2023-03-27 | 2652.79 | 2639.62 | 2652.79 | 2626.58 | 340454 | 56455180000 | 0.28 |
| 2023-03-24 | 2664.53 | 2653.29 | 2664.53 | 2648.34 | 307116 | 53508170000 | 0.25 |
| 2023-03-23 | 2641.82 | 2668.67 | 2668.67 | 2641.07 | 287672 | 53563270000 | 0.23 |
| 2023-03-22 | 2652.71 | 2651.53 | 2666.7 | 2643.12 | 261435 | 48176490000 | 0.21 |
| 2023-03-21 | 2623.58 | 2643.36 | 2648.05 | 2622.85 | 311617 | 53834170000 | 0.26 |
| 2023-03-20 | 2632.25 | 2616.75 | 2644.83 | 2614.28 | 429161 | 62406260000 | 0.35 |
| 2023-03-17 | 2644.95 | 2628.59 | 2672.29 | 2620.43 | 437177 | 68652980000 | 0.36 |
| 2023-03-16 | 2627.04 | 2622.82 | 2647.53 | 2621.72 | 394785 | 57371210000 | 0.32 |
| 2023-03-15 | 2666.94 | 2648.39 | 2674.08 | 2647.96 | 333459 | 49841530000 | 0.27 |
| 2023-03-14 | 2658.28 | 2645.11 | 2658.28 | 2627 | 330423 | 54832230000 | 0.27 |
| 2023-03-13 | 2637.82 | 2664.04 | 2672.01 | 2637.71 | 341643 | 53757120000 | 0.28 |
| 2023-03-10 | 2648.81 | 2636.39 | 2667.96 | 2636.01 | 287787 | 47519700000 | 0.24 |
| 2023-03-09 | 2694.15 | 2671.84 | 2697.25 | 2660.62 | 272512 | 47063040000 | 0.22 |
| 2023-03-08 | 2698.59 | 2691.93 | 2699.88 | 2679.17 | 295393 | 47688690000 | 0.24 |
| 2023-03-07 | 2741.79 | 2713.17 | 2761.35 | 2711.25 | 551461 | 73443730000 | 0.45 |
| 2023-03-06 | 2773.27 | 2744.14 | 2774 | 2734.96 | 383017 | 67238920000 | 0.31 |
| 2023-03-03 | 2778.89 | 2774.51 | 2784.13 | 2757.69 | 404290 | 53308630000 | 0.33 |
| 2023-03-02 | 2766.08 | 2769.11 | 2782.79 | 2762.11 | 337478 | 52817040000 | 0.28 |
| 2023-03-01 | 2736.05 | 2773.65 | 2783.32 | 2729.8 | 358940 | 59859900000 | 0.29 |
| 2023-02-28 | 2730.52 | 2737.15 | 2740.22 | 2703.26 | 241709 | 45601510000 | 0.20 |
| 2023-02-27 | 2713.43 | 2723.58 | 2738.12 | 2712.79 | 222883 | 44925780000 | 0.18 |
| 2023-02-24 | 2762.79 | 2727.59 | 2764.65 | 2722.18 | 250621 | 49608200000 | 0.21 |
| 2023-02-23 | 2770.72 | 2767.54 | 2790.89 | 2757.49 | 231210 | 49463970000 | 0.19 |
| 2023-02-22 | 2786.72 | 2769.34 | 2795.24 | 2766.36 | 213101 | 45344050000 | 0.17 |
| 2023-02-21 | 2785.99 | 2802.14 | 2805.71 | 2779.18 | 355872 | 63800610000 | 0.29 |
| 2023-02-20 | 2720.05 | 2788.4 | 2790.98 | 2717.5 | 385457 | 70567260000 | 0.32 |
| 2023-02-17 | 2737.01 | 2714.29 | 2759.52 | 2712.5 | 270141 | 52873770000 | 0.22 |
| 2023-02-16 | 2754.95 | 2742.8 | 2787.16 | 2725.84 | 325940 | 64225690000 | 0.27 |
| 2023-02-15 | 2776.01 | 2752.34 | 2780.59 | 2746.28 | 239191 | 48613530000 | 0.20 |
| 2023-02-14 | 2770.24 | 2776.98 | 2776.98 | 2760.59 | 222948 | 49531530000 | 0.18 |
| 2023-02-13 | 2739.72 | 2767.79 | 2772.05 | 2733.21 | 301044 | 63989470000 | 0.25 |
| 2023-02-10 | 2757.53 | 2746.72 | 2757.53 | 2738.61 | 185102 | 40747630000 | 0.15 |
| 2023-02-09 | 2725.2 | 2761.87 | 2765.62 | 2723.56 | 198251 | 48791470000 | 0.16 |
| 2023-02-08 | 2744.49 | 2731.25 | 2758.04 | 2727.77 | 201153 | 38028490000 | 0.16 |
| 2023-02-07 | 2744.7 | 2740.44 | 2752.79 | 2730.83 | 207082 | 42790860000 | 0.17 |
| 2023-02-06 | 2744.7 | 2735 | 2744.7 | 2716.73 | 263043 | 59654760000 | 0.22 |
| 2023-02-03 | 2795.11 | 2774.8 | 2795.11 | 2753.06 | 310075 | 65413070000 | 0.25 |
| 2023-02-02 | 2828.53 | 2811.85 | 2828.53 | 2798.35 | 340645 | 70794090000 | 0.28 |
| 2023-02-01 | 2819.18 | 2820.87 | 2820.87 | 2780.89 | 375560 | 71988320000 | 0.31 |
| 2023-01-31 | 2842.52 | 2807.95 | 2853.9 | 2804.98 | 300329 | 67183030000 | 0.25 |
| 2023-01-30 | 2895.35 | 2839.12 | 2895.35 | 2835.65 | 420265 | 91628150000 | 0.34 |
| 2023-01-20 | 2831.68 | 2836.81 | 2847.31 | 2822.69 | 344105 | 64327250000 | 0.28 |
| 2023-01-19 | 2807.56 | 2820.81 | 2823.11 | 2786.08 | 239367 | 56070800000 | 0.20 |
| 2023-01-18 | 2829.79 | 2810.09 | 2838.83 | 2807.55 | 205625 | 46976560000 | 0.17 |
| 2023-01-17 | 2833.74 | 2827.03 | 2837.59 | 2813.72 | 249695 | 58394050000 | 0.20 |
| 2023-01-16 | 2789.87 | 2834.29 | 2864.88 | 2787.95 | 392766 | 93451910000 | 0.32 |
| 2023-01-13 | 2751.58 | 2787.36 | 2787.36 | 2747.36 | 246520 | 56444140000 | 0.20 |
| 2023-01-12 | 2749.69 | 2741.95 | 2752.12 | 2732.83 | 222579 | 47888080000 | 0.18 |
| 2023-01-11 | 2739.94 | 2740.19 | 2760.1 | 2733.43 | 247480 | 54746700000 | 0.20 |
| 2023-01-10 | 2742.7 | 2733.62 | 2748.64 | 2731.82 | 242129 | 55251390000 | 0.20 |
| 2023-01-09 | 2731 | 2742.2 | 2747.61 | 2722.15 | 296829 | 61358500000 | 0.24 |
| 2023-01-06 | 2704.24 | 2713.63 | 2721.93 | 2698.91 | 283673 | 61190290000 | 0.23 |
| 2023-01-05 | 2670.46 | 2700.31 | 2705.74 | 2668.15 | 277149 | 65754230000 | 0.23 |
| 2023-01-04 | 2644.29 | 2651.01 | 2659.54 | 2637.72 | 280655 | 51793840000 | 0.23 |
| 2023-01-03 | 2628.67 | 2641.42 | 2645.99 | 2603.72 | 302301 | 54746970000 | 0.25 |
| 2022-12-30 | 2633.16 | 2635.25 | 2648.41 | 2631.85 | 238898 | 41838280000 | 0.20 |
| 2022-12-29 | 2622.19 | 2622.07 | 2627.43 | 2605.05 | 227767 | 41251500000 | 0.19 |
| 2022-12-28 | 2629.98 | 2638.31 | 2646.71 | 2620.12 | 231712 | 41656660000 | 0.19 |
| 2022-12-27 | 2623.17 | 2632.45 | 2640.74 | 2616.93 | 218147 | 39852710000 | 0.18 |
| 2022-12-26 | 2617.18 | 2607.52 | 2625.88 | 2604.9 | 198124 | 41566450000 | 0.16 |
| 2022-12-23 | 2602.41 | 2615.88 | 2628.39 | 2595.85 | 159290 | 34443190000 | 0.13 |
| 2022-12-22 | 2632.2 | 2619.76 | 2645.73 | 2608.44 | 210695 | 45768050000 | 0.17 |
| 2022-12-21 | 2608.87 | 2607.42 | 2617.92 | 2602.61 | 157388 | 33738170000 | 0.13 |
| 2022-12-20 | 2636.08 | 2599.49 | 2640.01 | 2580.87 | 217240 | 47284910000 | 0.18 |
| 2022-12-19 | 2688.12 | 2646.18 | 2696.93 | 2635.19 | 263546 | 47877360000 | 0.22 |
| 2022-12-16 | 2662.48 | 2688.29 | 2691.19 | 2662.48 | 249611 | 50701980000 | 0.20 |
| 2022-12-15 | 2689.57 | 2675.19 | 2697.42 | 2661.85 | 231592 | 48382940000 | 0.19 |
| 2022-12-14 | 2678.47 | 2686.37 | 2698.01 | 2663.78 | 259669 | 56047970000 | 0.21 |
| 2022-12-13 | 2673.54 | 2676.9 | 2688.22 | 2668.48 | 285213 | 49921380000 | 0.23 |
| 2022-12-12 | 2689.57 | 2673.94 | 2700.4 | 2670.2 | 316321 | 64882720000 | 0.24 |
| 2022-12-09 | 2676.71 | 2706.74 | 2712.88 | 2663.6 | 383463 | 73826520000 | 0.27 |
| 2022-12-08 | 2667.36 | 2672.9 | 2681.65 | 2661.75 | 263349 | 51241280000 | 0.20 |
| 2022-12-07 | 2678.64 | 2670.65 | 2705.24 | 2661.25 | 345326 | 64178140000 | 0.26 |
| 2022-12-06 | 2663.11 | 2684.85 | 2704.9 | 2658.16 | 362560 | 70740330000 | 0.27 |
| 2022-12-05 | 2647.46 | 2676.14 | 2676.42 | 2635.75 | 546298 | 84809080000 | 0.40 |
| 2022-12-02 | 2628.11 | 2614.61 | 2630.26 | 2609.51 | 293148 | 55063830000 | 0.22 |
| 2022-12-01 | 2661.18 | 2631.21 | 2678.34 | 2629.89 | 441575 | 83723220000 | 0.32 |
| 2022-11-30 | 2595.23 | 2606.54 | 2623.85 | 2593.51 | 405554 | 67717740000 | 0.30 |
| 2022-11-29 | 2538.61 | 2607.75 | 2611.75 | 2538.61 | 490833 | 91604850000 | 0.39 |
| 2022-11-28 | 2489.47 | 2503.62 | 2507.78 | 2458.87 | 327747 | 57721470000 | 0.25 |
| 2022-11-25 | 2518.88 | 2544.61 | 2554.54 | 2512.88 | 412953 | 53724600000 | 0.33 |
| 2022-11-24 | 2550.3 | 2520.56 | 2562.08 | 2517.18 | 223192 | 38923000000 | 0.18 |
| 2022-11-23 | 2524.18 | 2535.52 | 2554.76 | 2520.83 | 359639 | 52465860000 | 0.29 |
| 2022-11-22 | 2516.7 | 2531.34 | 2555.79 | 2508.86 | 372954 | 56544110000 | 0.30 |
| 2022-11-21 | 2523.05 | 2514.85 | 2523.05 | 2489.44 | 255308 | 54296500000 | 0.21 |
| 2022-11-18 | 2563.27 | 2546.72 | 2572.71 | 2544.84 | 284570 | 55593760000 | 0.23 |
| 2022-11-17 | 2566.28 | 2560.02 | 2569.43 | 2531.3 | 274837 | 61556090000 | 0.22 |
| 2022-11-16 | 2581.93 | 2572.89 | 2595.3 | 2568.38 | 288362 | 64419190000 | 0.23 |
| 2022-11-15 | 2535.28 | 2583.72 | 2594.27 | 2526.62 | 365809 | 78909150000 | 0.30 |
| 2022-11-14 | 2550.97 | 2538.3 | 2577.2 | 2532.55 | 503420 | 94228470000 | 0.41 |
| 2022-11-11 | 2511.78 | 2518.05 | 2546.09 | 2482.11 | 615009 | 104649170000 | 0.50 |
| 2022-11-10 | 2422.01 | 2440.32 | 2451.47 | 2414.35 | 382040 | 50215590000 | 0.31 |
| 2022-11-09 | 2460.24 | 2440.35 | 2470.41 | 2435.02 | 251253 | 45243210000 | 0.20 |
| 2022-11-08 | 2476.65 | 2459.09 | 2482.58 | 2442.92 | 272994 | 51556850000 | 0.22 |
| 2022-11-07 | 2452.01 | 2477.77 | 2490.32 | 2449.63 | 404420 | 71757130000 | 0.33 |
| 2022-11-04 | 2383.96 | 2468.28 | 2479.23 | 2383.96 | 406221 | 87029320000 | 0.33 |
| 2022-11-03 | 2396.47 | 2387.45 | 2409.14 | 2376.07 | 286528 | 61043270000 | 0.23 |
| 2022-11-02 | 2385.71 | 2418.32 | 2437.95 | 2375.51 | 422909 | 87715380000 | 0.34 |
| 2022-11-01 | 2306.43 | 2396.63 | 2397 | 2306.43 | 500989 | 96914780000 | 0.41 |
| 2022-10-31 | 2300.88 | 2295.92 | 2327.06 | 2288.01 | 415206 | 75891430000 | 0.34 |
| 2022-10-28 | 2364.75 | 2326.94 | 2377.91 | 2322.64 | 324582 | 70729710000 | 0.26 |
| 2022-10-27 | 2413.02 | 2381.26 | 2432.15 | 2379.06 | 355173 | 75410990000 | 0.29 |
| 2022-10-26 | 2395.87 | 2400.52 | 2438.69 | 2392.74 | 365801 | 69180870000 | 0.30 |
| 2022-10-25 | 2386.85 | 2394.92 | 2427.32 | 2376.16 | 284394 | 63865290000 | 0.23 |
| 2022-10-24 | 2468.7 | 2392.6 | 2493.06 | 2386.54 | 398019 | 89357090000 | 0.32 |
| 2022-10-21 | 2503.11 | 2487.22 | 2510.6 | 2473.2 | 272515 | 52814980000 | 0.22 |
| 2022-10-20 | 2495.02 | 2501.5 | 2535.39 | 2494.29 | 238332 | 56851850000 | 0.19 |
| 2022-10-19 | 2562.54 | 2519.9 | 2572.3 | 2519.9 | 215907 | 52542100000 | 0.18 |
| 2022-10-18 | 2594.7 | 2569.97 | 2598.21 | 2565.04 | 209751 | 46231590000 | 0.17 |
| 2022-10-17 | 2572.61 | 2585.5 | 2588.34 | 2561.24 | 268267 | 57829760000 | 0.22 |
| 2022-10-14 | 2544.24 | 2584.68 | 2599.14 | 2541.38 | 334496 | 73266110000 | 0.27 |
| 2022-10-13 | 2534.51 | 2523.63 | 2541.16 | 2517.44 | 286272 | 61241430000 | 0.23 |
| 2022-10-12 | 2537.81 | 2555.02 | 2556.52 | 2482.55 | 286356 | 59094760000 | 0.23 |
| 2022-10-11 | 2552.17 | 2539.95 | 2553.21 | 2532.28 | 242165 | 42992650000 | 0.20 |
| 2022-10-10 | 2610.76 | 2545.05 | 2611.05 | 2542.01 | 337184 | 59795590000 | 0.27 |
| 2022-09-30 | 2618.08 | 2610.12 | 2631.78 | 2604.93 | 232445 | 43646940000 | 0.19 |
| 2022-09-29 | 2633.07 | 2608.98 | 2644.07 | 2596.96 | 259690 | 52847180000 | 0.21 |
| 2022-09-28 | 2635.26 | 2611.98 | 2637.02 | 2608.64 | 247321 | 47725100000 | 0.20 |
| 2022-09-27 | 2616.05 | 2642.92 | 2645.74 | 2605.24 | 261450 | 50215190000 | 0.21 |
| 2022-09-26 | 2612.67 | 2614.9 | 2650.25 | 2611.53 | 343845 | 55792670000 | 0.28 |
| 2022-09-23 | 2625.25 | 2629.81 | 2649.81 | 2618.94 | 302779 | 46355760000 | 0.25 |
| 2022-09-22 | 2632 | 2629.37 | 2645.57 | 2621.82 | 242292 | 43456030000 | 0.20 |
| 2022-09-21 | 2667.17 | 2652.21 | 2670.06 | 2641.72 | 239601 | 45605600000 | 0.19 |
| 2022-09-20 | 2688.17 | 2673.88 | 2691.55 | 2666.66 | 237514 | 43436820000 | 0.19 |
| 2022-09-19 | 2677.33 | 2679.59 | 2695.4 | 2669.09 | 272604 | 46974620000 | 0.22 |
| 2022-09-16 | 2731.96 | 2678.03 | 2738.65 | 2678.03 | 384418 | 65500200000 | 0.31 |
| 2022-09-15 | 2753.13 | 2743.79 | 2769.46 | 2728.84 | 336989 | 65224690000 | 0.27 |
| 2022-09-14 | 2734.91 | 2745.43 | 2760.4 | 2732.78 | 248485 | 46151280000 | 0.20 |
| 2022-09-13 | 2769.41 | 2769.23 | 2781.4 | 2751.09 | 299290 | 62467590000 | 0.24 |
| 2022-09-09 | 2719.01 | 2757.57 | 2763.17 | 2710.77 | 324856 | 66848160000 | 0.26 |
| 2022-09-08 | 2714.03 | 2708.28 | 2725.25 | 2707.47 | 242090 | 45568620000 | 0.20 |
| 2022-09-07 | 2709.77 | 2710.69 | 2718.17 | 2703.08 | 234548 | 52204050000 | 0.19 |
| 2022-09-06 | 2706.1 | 2724.5 | 2726.72 | 2704 | 291244 | 59350160000 | 0.24 |
| 2022-09-05 | 2700.11 | 2697.77 | 2706.96 | 2676.6 | 249387 | 53553640000 | 0.20 |
| 2022-09-02 | 2737.2 | 2711.26 | 2740.66 | 2698.33 | 227813 | 46293970000 | 0.18 |
| 2022-09-01 | 2750.03 | 2732.4 | 2757.88 | 2731.7 | 254225 | 53892300000 | 0.21 |
| 2022-08-31 | 2713.29 | 2761.78 | 2779.62 | 2713.29 | 398864 | 84495700000 | 0.32 |
| 2022-08-30 | 2731.98 | 2726.66 | 2741.6 | 2705.05 | 259305 | 49973840000 | 0.21 |
| 2022-08-29 | 2721.86 | 2732.21 | 2736.6 | 2718.97 | 248905 | 49337710000 | 0.20 |
| 2022-08-26 | 2758.51 | 2751.59 | 2763.64 | 2745.52 | 260313 | 59152880000 | 0.21 |
| 2022-08-25 | 2715.64 | 2752.56 | 2756.94 | 2707.46 | 319640 | 66906950000 | 0.26 |
| 2022-08-24 | 2738.38 | 2708.09 | 2750.87 | 2706.15 | 309253 | 64735400000 | 0.25 |
| 2022-08-23 | 2754.63 | 2735.67 | 2759.69 | 2727.74 | 249085 | 62558930000 | 0.20 |
| 2022-08-22 | 2737.4 | 2756.37 | 2767.28 | 2736.13 | 291281 | 69087910000 | 0.24 |
| 2022-08-19 | 2755.09 | 2750.63 | 2772.22 | 2750.06 | 281867 | 65239910000 | 0.23 |
| 2022-08-18 | 2778.13 | 2759.29 | 2783.76 | 2751.48 | 225831 | 51799990000 | 0.19 |
| 2022-08-17 | 2773.39 | 2785.85 | 2791.71 | 2751.02 | 280305 | 54766830000 | 0.23 |
| 2022-08-16 | 2785.94 | 2769.26 | 2793.27 | 2764.66 | 234775 | 55102690000 | 0.19 |
| 2022-08-15 | 2787.51 | 2782.67 | 2811.24 | 2779.63 | 264583 | 55591480000 | 0.22 |
| 2022-08-12 | 2780.05 | 2796.89 | 2802.58 | 2774.96 | 266625 | 54831020000 | 0.22 |
| 2022-08-11 | 2744.68 | 2787.06 | 2787.37 | 2737.88 | 294724 | 66652790000 | 0.24 |
| 2022-08-10 | 2762.36 | 2730.96 | 2770.5 | 2719.61 | 229369 | 53349300000 | 0.19 |
| 2022-08-09 | 2760.24 | 2764.07 | 2769.73 | 2752.49 | 219037 | 51085170000 | 0.18 |
| 2022-08-08 | 2762.32 | 2761.16 | 2771.36 | 2751.36 | 238462 | 54567030000 | 0.20 |
| 2022-08-05 | 2748.65 | 2774.34 | 2777.11 | 2738.14 | 282423 | 62341990000 | 0.23 |
| 2022-08-04 | 2724.8 | 2741.09 | 2743.62 | 2717.79 | 269745 | 61032420000 | 0.22 |
| 2022-08-03 | 2735.16 | 2710.72 | 2755.68 | 2705.95 | 308438 | 69889920000 | 0.25 |
| 2022-08-02 | 2757.19 | 2730.76 | 2757.19 | 2705.73 | 385486 | 72447650000 | 0.32 |
| 2022-08-01 | 2785.69 | 2781.68 | 2794.18 | 2763.58 | 280038 | 59876350000 | 0.23 |
| 2022-07-29 | 2827.47 | 2792.33 | 2849.25 | 2784.57 | 335687 | 67290570000 | 0.28 |
| 2022-07-28 | 2839.25 | 2827.11 | 2861.52 | 2826.53 | 284665 | 64358460000 | 0.23 |
| 2022-07-27 | 2847.01 | 2829.92 | 2847.86 | 2825.62 | 228513 | 54040050000 | 0.19 |
| 2022-07-26 | 2845.14 | 2854.64 | 2864.46 | 2843 | 254316 | 54799250000 | 0.21 |
| 2022-07-25 | 2846.83 | 2837.26 | 2846.98 | 2829.24 | 215988 | 46782170000 | 0.18 |
| 2022-07-22 | 2845.92 | 2848.44 | 2869.36 | 2828.65 | 276859 | 58284600000 | 0.23 |
| 2022-07-21 | 2862.87 | 2836.66 | 2866.31 | 2836.24 | 319757 | 59544810000 | 0.26 |
| 2022-07-20 | 2883.52 | 2874.08 | 2887.94 | 2867.59 | 254360 | 54309120000 | 0.21 |
| 2022-07-19 | 2876.32 | 2865.6 | 2876.4 | 2839.06 | 318372 | 60686230000 | 0.26 |
| 2022-07-18 | 2849.99 | 2878.64 | 2880.75 | 2826.13 | 370441 | 73808620000 | 0.30 |
| 2022-07-15 | 2873.81 | 2839.39 | 2912.32 | 2839.39 | 466885 | 87698250000 | 0.38 |
| 2022-07-14 | 2906.48 | 2895.3 | 2916.18 | 2882.57 | 478532 | 84992880000 | 0.39 |
| 2022-07-13 | 2918.35 | 2914.29 | 2930.39 | 2902.66 | 415845 | 74213610000 | 0.34 |
| 2022-07-12 | 2942.52 | 2922 | 2953.7 | 2910.45 | 382704 | 74996180000 | 0.31 |
| 2022-07-11 | 2974.36 | 2942.3 | 2974.36 | 2930.1 | 442124 | 82810320000 | 0.36 |
| 2022-07-08 | 3012.88 | 2993.31 | 3022.35 | 2992.63 | 344553 | 77736660000 | 0.28 |
| 2022-07-07 | 2994.36 | 2989.21 | 3005 | 2968.35 | 360064 | 79829720000 | 0.30 |
| 2022-07-06 | 3041.49 | 2996.73 | 3041.49 | 2979.33 | 442067 | 94508530000 | 0.36 |
| 2022-07-05 | 3058.43 | 3052.11 | 3078.4 | 3018.19 | 459926 | 99185310000 | 0.38 |
| 2022-07-04 | 3031.06 | 3050.15 | 3051.06 | 3011.33 | 409038 | 97466330000 | 0.34 |
| 2022-07-01 | 3066.59 | 3045.27 | 3072.85 | 3033.6 | 456848 | 87637030000 | 0.38 |
| 2022-06-30 | 3001.81 | 3058.4 | 3085.22 | 3001.81 | 438749 | 100136520000 | 0.36 |
| 2022-06-29 | 3029.38 | 3009.24 | 3050.45 | 3001.28 | 507254 | 101279710000 | 0.42 |
| 2022-06-28 | 3012.62 | 3039.41 | 3044.54 | 2991.54 | 547923 | 100324930000 | 0.45 |
| 2022-06-27 | 2991.1 | 3013.95 | 3034.69 | 2991.1 | 614192 | 114054580000 | 0.50 |
| 2022-06-24 | 2945.29 | 2974.75 | 2983.61 | 2944.19 | 630001 | 108034460000 | 0.52 |
| 2022-06-23 | 2896.72 | 2935.88 | 2936.64 | 2896.72 | 628594 | 92505280000 | 0.52 |
| 2022-06-22 | 2932.06 | 2892.29 | 2932.06 | 2890.76 | 565982 | 84084550000 | 0.46 |
| 2022-06-21 | 2924.15 | 2926.48 | 2945.7 | 2902.38 | 558892 | 90988260000 | 0.46 |
| 2022-06-20 | 2935.22 | 2924.92 | 2951.07 | 2904.38 | 456104 | 92728620000 | 0.37 |
| 2022-06-17 | 2876.51 | 2936.2 | 2943.32 | 2876.51 | 403939 | 93115680000 | 0.33 |
| 2022-06-16 | 2927.16 | 2891.34 | 2936.47 | 2888.74 | 470819 | 90668010000 | 0.39 |
| 2022-06-15 | 2882.15 | 2923.99 | 2971.36 | 2882.15 | 679451 | 135234880000 | 0.56 |
| 2022-06-14 | 2814.82 | 2882.7 | 2884.47 | 2808.98 | 498687 | 91876000000 | 0.41 |
| 2022-06-13 | 2862.9 | 2844.72 | 2868.62 | 2826.98 | 474248 | 92932460000 | 0.39 |
| 2022-06-10 | 2843.58 | 2899.58 | 2902.48 | 2836.86 | 436088 | 85845350000 | 0.35 |
| 2022-06-09 | 2877.88 | 2868.42 | 2896.74 | 2857.82 | 393196 | 77278270000 | 0.31 |
| 2022-06-08 | 2857.69 | 2879.31 | 2888.67 | 2849.26 | 352993 | 83463850000 | 0.28 |
| 2022-06-07 | 2828.16 | 2846.81 | 2863.14 | 2819.82 | 366789 | 85956200000 | 0.29 |
| 2022-06-06 | 2792.44 | 2825.65 | 2826.6 | 2762.96 | 433914 | 86762900000 | 0.35 |
| 2022-06-02 | 2786.08 | 2790.32 | 2794.1 | 2776.73 | 252684 | 55769770000 | 0.20 |
| 2022-06-01 | 2811.15 | 2798.07 | 2812.78 | 2783.61 | 262448 | 54013740000 | 0.21 |
| 2022-05-31 | 2780.56 | 2813.22 | 2817.49 | 2769.56 | 325187 | 73083530000 | 0.26 |
| 2022-05-30 | 2777.85 | 2778.45 | 2788.98 | 2767.09 | 276743 | 58589670000 | 0.22 |
| 2022-05-27 | 2766.32 | 2763.07 | 2789.24 | 2753.78 | 291852 | 61031890000 | 0.23 |
| 2022-05-26 | 2749.99 | 2744.9 | 2760.8 | 2717.74 | 284414 | 60605730000 | 0.23 |
| 2022-05-25 | 2737.64 | 2743.42 | 2749.07 | 2727.49 | 237727 | 48795940000 | 0.19 |
| 2022-05-24 | 2784.65 | 2734.19 | 2786.54 | 2733.7 | 326099 | 63833540000 | 0.26 |
| 2022-05-23 | 2813.93 | 2782.55 | 2813.93 | 2769.7 | 284888 | 59978040000 | 0.23 |
| 2022-05-20 | 2759.83 | 2807.94 | 2807.98 | 2759.83 | 346676 | 76403790000 | 0.28 |
| 2022-05-19 | 2711.45 | 2744.55 | 2748.3 | 2708.81 | 259785 | 58086720000 | 0.21 |
| 2022-05-18 | 2765.28 | 2745.53 | 2765.28 | 2720.92 | 253191 | 57059040000 | 0.20 |
| 2022-05-17 | 2730.42 | 2756.74 | 2756.74 | 2723.7 | 283624 | 55606150000 | 0.23 |
| 2022-05-16 | 2764.39 | 2720.41 | 2765.9 | 2710.57 | 272787 | 54678310000 | 0.22 |
| 2022-05-13 | 2741.77 | 2748.24 | 2760.43 | 2729.58 | 272630 | 52374080000 | 0.22 |
| 2022-05-12 | 2723.41 | 2721.77 | 2740.52 | 2711.35 | 258356 | 52554280000 | 0.21 |
| 2022-05-11 | 2714.68 | 2741.23 | 2769.48 | 2713.86 | 381322 | 77871950000 | 0.31 |
| 2022-05-10 | 2653.99 | 2718.37 | 2733.11 | 2644.87 | 343302 | 66196820000 | 0.28 |
| 2022-05-09 | 2706.42 | 2695.13 | 2716.66 | 2679.31 | 218933 | 46285230000 | 0.18 |
| 2022-05-06 | 2754.97 | 2719.76 | 2760.44 | 2716.17 | 274798 | 54914660000 | 0.22 |
| 2022-05-05 | 2806.04 | 2800.93 | 2824.54 | 2799.72 | 352318 | 71507440000 | 0.28 |
| 2022-04-29 | 2772.95 | 2805.34 | 2820.55 | 2742.97 | 414149 | 83134130000 | 0.33 |
| 2022-04-28 | 2725.63 | 2769.71 | 2775.06 | 2722.24 | 378345 | 77001420000 | 0.30 |
| 2022-04-27 | 2674.46 | 2734.54 | 2737.03 | 2674.18 | 420859 | 85463830000 | 0.34 |
| 2022-04-26 | 2685.27 | 2681.03 | 2729.19 | 2667.91 | 403008 | 80852210000 | 0.32 |
| 2022-04-25 | 2750.56 | 2683.41 | 2772.55 | 2682.52 | 442858 | 87101770000 | 0.36 |
| 2022-04-22 | 2773.37 | 2814.13 | 2826.68 | 2769.67 | 308417 | 59024180000 | 0.25 |
| 2022-04-21 | 2821.36 | 2797.53 | 2848.82 | 2784.56 | 328555 | 64105130000 | 0.26 |
| 2022-04-20 | 2859.6 | 2835.35 | 2868.57 | 2828.21 | 292685 | 60404470000 | 0.23 |
| 2022-04-19 | 2881.9 | 2861.57 | 2899.26 | 2843.65 | 284284 | 63257130000 | 0.23 |
| 2022-04-18 | 2902.44 | 2887.72 | 2902.44 | 2875.96 | 291009 | 62253360000 | 0.23 |
| 2022-04-15 | 2911.14 | 2930.58 | 2943.6 | 2908.56 | 295896 | 58519090000 | 0.24 |
| 2022-04-14 | 2905.77 | 2928.6 | 2947.45 | 2897.05 | 286677 | 65368580000 | 0.23 |
| 2022-04-13 | 2881.74 | 2882.28 | 2914.2 | 2871.05 | 311482 | 62928750000 | 0.25 |
| 2022-04-12 | 2854.29 | 2894.26 | 2895.53 | 2827.63 | 339939 | 70111640000 | 0.27 |
| 2022-04-11 | 2908.54 | 2846.38 | 2908.54 | 2839.56 | 359188 | 74714650000 | 0.29 |
| 2022-04-08 | 2903.24 | 2925.49 | 2929.89 | 2889.2 | 362353 | 66120330000 | 0.29 |
| 2022-04-07 | 2916.8 | 2902.48 | 2943.24 | 2896.73 | 328227 | 60185210000 | 0.26 |
| 2022-04-06 | 2918.5 | 2931.2 | 2941.05 | 2910.02 | 433949 | 80799490000 | 0.35 |
| 2022-04-01 | 2886.36 | 2943.24 | 2954.51 | 2877.07 | 339688 | 75259310000 | 0.27 |
| 2022-03-31 | 2901.07 | 2898.83 | 2915.51 | 2892.11 | 331682 | 67509870000 | 0.27 |
| 2022-03-30 | 2864.24 | 2915.49 | 2915.49 | 2861.55 | 340052 | 76393790000 | 0.27 |
| 2022-03-29 | 2854.8 | 2842.15 | 2873.61 | 2837.7 | 236591 | 55581350000 | 0.19 |
| 2022-03-28 | 2817.26 | 2853.18 | 2866.07 | 2798.7 | 321362 | 66834020000 | 0.26 |
| 2022-03-25 | 2898.49 | 2856.43 | 2910.92 | 2855.33 | 267700 | 62089360000 | 0.21 |
| 2022-03-24 | 2898.14 | 2903.62 | 2918.3 | 2885.37 | 277339 | 65734830000 | 0.22 |
| 2022-03-23 | 2908.97 | 2916.51 | 2928.44 | 2890.49 | 300467 | 70411810000 | 0.24 |
| 2022-03-22 | 2893.57 | 2900.77 | 2921.73 | 2885.02 | 307452 | 63919630000 | 0.25 |
| 2022-03-21 | 2919.26 | 2892.11 | 2919.26 | 2868.4 | 304847 | 70316060000 | 0.24 |
| 2022-03-18 | 2869.7 | 2913.19 | 2925.72 | 2853.77 | 413030 | 84518470000 | 0.33 |
| 2022-03-17 | 2888.24 | 2877.22 | 2918.54 | 2861.24 | 432273 | 108677040000 | 0.35 |
| 2022-03-16 | 2746.15 | 2827.75 | 2836.85 | 2688.7 | 481166 | 108689750000 | 0.39 |
| 2022-03-15 | 2808.73 | 2702.85 | 2825.55 | 2702.85 | 521584 | 106705030000 | 0.42 |
| 2022-03-14 | 2889.83 | 2851.88 | 2920.71 | 2851.86 | 323741 | 79324420000 | 0.26 |
| 2022-03-11 | 2897.34 | 2935.68 | 2944.25 | 2852.79 | 364577 | 81836080000 | 0.29 |
| 2022-03-10 | 2969.49 | 2933.46 | 2973.61 | 2931.09 | 342238 | 83598080000 | 0.28 |
| 2022-03-09 | 2949.33 | 2907.18 | 2965.57 | 2809.99 | 472719 | 97616290000 | 0.38 |
| 2022-03-08 | 2983.05 | 2933.16 | 3005.56 | 2920.97 | 410556 | 88323420000 | 0.33 |
| 2022-03-07 | 3042.02 | 2974.68 | 3042.02 | 2965.22 | 426584 | 88830290000 | 0.34 |
| 2022-03-04 | 3068.4 | 3062.38 | 3079.47 | 3052.69 | 309168 | 67800940000 | 0.25 |
| 2022-03-03 | 3117.65 | 3097.09 | 3124.89 | 3090.2 | 370559 | 66863790000 | 0.30 |
| 2022-03-02 | 3108.62 | 3107.24 | 3113.35 | 3097.89 | 277457 | 56242650000 | 0.22 |
| 2022-03-01 | 3093.93 | 3125.69 | 3129.26 | 3093.93 | 276380 | 69462500000 | 0.22 |
| 2022-02-28 | 3069.1 | 3080.78 | 3081.36 | 3049.56 | 306654 | 65695580000 | 0.25 |
| 2022-02-25 | 3076.8 | 3075.59 | 3104.87 | 3068.18 | 356330 | 72606030000 | 0.29 |
| 2022-02-24 | 3098.14 | 3059.64 | 3104.7 | 3038.35 | 470719 | 97426140000 | 0.38 |
| 2022-02-23 | 3108.9 | 3118.04 | 3120.34 | 3094.21 | 296890 | 64515390000 | 0.24 |
| 2022-02-22 | 3122.04 | 3102.32 | 3122.29 | 3082.39 | 315564 | 69347750000 | 0.25 |
| 2022-02-21 | 3155.32 | 3144.86 | 3155.88 | 3128.59 | 263593 | 48939840000 | 0.21 |
| 2022-02-18 | 3126.28 | 3162.82 | 3162.82 | 3121.95 | 238790 | 49797090000 | 0.19 |
| 2022-02-17 | 3138.77 | 3139.18 | 3156.87 | 3132.09 | 254611 | 55771500000 | 0.20 |
| 2022-02-16 | 3134.88 | 3136.08 | 3150.86 | 3129.04 | 248350 | 54215140000 | 0.20 |
| 2022-02-15 | 3101.36 | 3119.93 | 3126.42 | 3097.08 | 293134 | 67952250000 | 0.24 |
| 2022-02-14 | 3131.39 | 3104 | 3131.84 | 3093.64 | 389257 | 77244850000 | 0.31 |
| 2022-02-11 | 3133.8 | 3142.91 | 3172.09 | 3130.69 | 435977 | 94112950000 | 0.35 |
| 2022-02-10 | 3145.33 | 3145.11 | 3146.96 | 3125.11 | 365056 | 76576790000 | 0.29 |
| 2022-02-09 | 3118.97 | 3139.56 | 3148.23 | 3110.88 | 391444 | 75034840000 | 0.32 |
| 2022-02-08 | 3107.89 | 3116.5 | 3118.58 | 3061.22 | 403653 | 75551470000 | 0.33 |
| 2022-02-07 | 3102.62 | 3114.26 | 3129.19 | 3096.69 | 364751 | 75016340000 | 0.29 |
| 2022-01-28 | 3127.18 | 3054.02 | 3140.29 | 3048.33 | 335553 | 78774550000 | 0.27 |
| 2022-01-27 | 3168.14 | 3119.24 | 3168.76 | 3115.86 | 311014 | 74072800000 | 0.25 |
| 2022-01-26 | 3156.65 | 3163.67 | 3169.53 | 3126.55 | 241817 | 59873020000 | 0.19 |
| 2022-01-25 | 3192.12 | 3144.95 | 3198.11 | 3144.73 | 303100 | 66217330000 | 0.24 |
| 2022-01-24 | 3204.18 | 3209.74 | 3218.98 | 3185.52 | 282742 | 63984540000 | 0.23 |
| 2022-01-21 | 3227.2 | 3218.74 | 3234.47 | 3202.73 | 323327 | 80402360000 | 0.26 |
| 2022-01-20 | 3188.14 | 3233.7 | 3251.22 | 3187.61 | 402611 | 84699620000 | 0.32 |
| 2022-01-19 | 3194.92 | 3187.19 | 3201.94 | 3172.26 | 309913 | 68467490000 | 0.25 |
| 2022-01-18 | 3147.85 | 3187.52 | 3198.47 | 3137.11 | 350573 | 73685210000 | 0.28 |
| 2022-01-17 | 3139.41 | 3147.7 | 3159.19 | 3134.08 | 270361 | 67786630000 | 0.22 |
| 2022-01-14 | 3173.85 | 3139.05 | 3173.85 | 3136.99 | 345170 | 73162060000 | 0.28 |
| 2022-01-13 | 3243.05 | 3184.11 | 3247.82 | 3182.85 | 347823 | 77551960000 | 0.28 |
| 2022-01-12 | 3220.19 | 3236.31 | 3244.23 | 3211.28 | 324417 | 72452770000 | 0.26 |
| 2022-01-11 | 3229.46 | 3214.53 | 3247.9 | 3210.4 | 306664 | 72886960000 | 0.25 |
| 2022-01-10 | 3217.35 | 3236.12 | 3237.22 | 3197.9 | 333828 | 75572960000 | 0.27 |
| 2022-01-07 | 3213.26 | 3223.27 | 3240.74 | 3213.26 | 406947 | 84494630000 | 0.33 |
| 2022-01-06 | 3242.53 | 3210.39 | 3251.12 | 3194.95 | 317304 | 85538370000 | 0.26 |
| 2022-01-05 | 3259.21 | 3254.28 | 3289.16 | 3244.21 | 370641 | 92853890000 | 0.30 |
| 2022-01-04 | 3277.67 | 3264.07 | 3281.74 | 3224.34 | 299826 | 82422020000 | 0.24 |
| 2021-12-31 | 3269.61 | 3274.32 | 3282.68 | 3261.84 | 205500 | 65632150000 | 0.17 |
| 2021-12-30 | 3240.26 | 3261.79 | 3277 | 3236.16 | 222850 | 70057610000 | 0.18 |
| 2021-12-29 | 3308.21 | 3240.85 | 3308.23 | 3240.85 | 200985 | 72426730000 | 0.16 |
| 2021-12-28 | 3282.6 | 3303.4 | 3307.79 | 3280.27 | 260023 | 71780780000 | 0.21 |
| 2021-12-27 | 3286.11 | 3278.44 | 3291.98 | 3264.02 | 196756 | 60256740000 | 0.16 |
| 2021-12-24 | 3293.3 | 3290.24 | 3306.91 | 3278.2 | 218062 | 69008560000 | 0.18 |
| 2021-12-23 | 3265.71 | 3287.19 | 3287.19 | 3246.24 | 214177 | 58960280000 | 0.17 |
| 2021-12-22 | 3280.69 | 3260.57 | 3287.76 | 3257.01 | 223429 | 57344380000 | 0.18 |
| 2021-12-21 | 3253.29 | 3273.03 | 3277.37 | 3251.96 | 245367 | 60773740000 | 0.20 |
| 2021-12-20 | 3264.1 | 3255.35 | 3294.13 | 3247.3 | 278485 | 74088920000 | 0.22 |
| 2021-12-17 | 3321.67 | 3278.9 | 3330.23 | 3278.12 | 263338 | 80561230000 | 0.21 |
| 2021-12-16 | 3312.7 | 3330.86 | 3330.86 | 3304.53 | 253374 | 76775720000 | 0.20 |
| 2021-12-15 | 3340.75 | 3318.98 | 3359.67 | 3318.41 | 248218 | 69106740000 | 0.20 |
| 2021-12-14 | 3353.03 | 3350.5 | 3364.52 | 3342.12 | 314698 | 83756120000 | 0.25 |
| 2021-12-13 | 3391.62 | 3366.07 | 3428.74 | 3363.69 | 397487 | 117272650000 | 0.32 |
| 2021-12-10 | 3339.24 | 3353.63 | 3353.63 | 3332.99 | 393907 | 96470050000 | 0.31 |
| 2021-12-09 | 3312.33 | 3360.18 | 3393.16 | 3309.95 | 425563 | 119308180000 | 0.33 |
| 2021-12-08 | 3263.26 | 3304.71 | 3306.97 | 3247.33 | 327467 | 94746330000 | 0.26 |
| 2021-12-07 | 3255.56 | 3254.5 | 3262.08 | 3237.16 | 377837 | 92537340000 | 0.30 |
| 2021-12-06 | 3234.43 | 3228.14 | 3257.19 | 3223.21 | 354127 | 92818440000 | 0.28 |
| 2021-12-03 | 3191.17 | 3221.42 | 3221.42 | 3191.17 | 272691 | 86537210000 | 0.22 |
| 2021-12-02 | 3179.99 | 3190.87 | 3198.03 | 3169.02 | 274177 | 72571930000 | 0.22 |
| 2021-12-01 | 3166.61 | 3180.42 | 3182.38 | 3165.7 | 250041 | 70578360000 | 0.20 |
| 2021-11-30 | 3186.25 | 3165.35 | 3196.04 | 3153.63 | 234193 | 65049780000 | 0.19 |
| 2021-11-29 | 3170.69 | 3187.05 | 3188.11 | 3163.96 | 271808 | 77384950000 | 0.22 |
| 2021-11-26 | 3213.63 | 3187.36 | 3214.05 | 3181.14 | 230366 | 65474270000 | 0.18 |
| 2021-11-25 | 3233.26 | 3218.05 | 3236.26 | 3212.73 | 210105 | 69084180000 | 0.17 |
| 2021-11-24 | 3226.02 | 3231.84 | 3247.78 | 3214.09 | 232103 | 75120280000 | 0.18 |
| 2021-11-23 | 3206.94 | 3224.15 | 3237.65 | 3206.43 | 264818 | 75921750000 | 0.21 |
| 2021-11-22 | 3217.33 | 3212.15 | 3228.29 | 3209.42 | 262573 | 77758720000 | 0.21 |
| 2021-11-19 | 3170.79 | 3212.91 | 3217.82 | 3168.3 | 257096 | 66031330000 | 0.20 |
| 2021-11-18 | 3199.21 | 3173.38 | 3199.21 | 3164.7 | 200422 | 57447230000 | 0.16 |
| 2021-11-17 | 3217.1 | 3208.78 | 3226.11 | 3202.56 | 198008 | 59776230000 | 0.16 |
| 2021-11-16 | 3222.51 | 3222.17 | 3243.45 | 3212.21 | 242414 | 71548200000 | 0.19 |
| 2021-11-15 | 3228.02 | 3221.69 | 3241.92 | 3209.48 | 222042 | 65744970000 | 0.18 |
| 2021-11-12 | 3239.35 | 3220.55 | 3241.13 | 3213.75 | 257643 | 67566360000 | 0.20 |
| 2021-11-11 | 3169.01 | 3233.37 | 3233.59 | 3164.94 | 380618 | 94025020000 | 0.30 |
| 2021-11-10 | 3177.61 | 3170.4 | 3182.26 | 3125.29 | 308518 | 87500520000 | 0.24 |
| 2021-11-09 | 3206.29 | 3186.96 | 3214.89 | 3172.09 | 236351 | 70903290000 | 0.19 |
| 2021-11-08 | 3198.69 | 3196.27 | 3214.33 | 3185.94 | 257731 | 72409460000 | 0.20 |
| 2021-11-05 | 3197.61 | 3201.55 | 3229.97 | 3189.68 | 264497 | 79645790000 | 0.21 |
| 2021-11-04 | 3194.47 | 3207.26 | 3216.23 | 3187.95 | 266350 | 85388670000 | 0.21 |
| 2021-11-03 | 3207.74 | 3181.45 | 3220.34 | 3173.33 | 272604 | 86124220000 | 0.22 |
| 2021-11-02 | 3245.04 | 3212.03 | 3267.76 | 3187.35 | 397441 | 113771090000 | 0.32 |
| 2021-11-01 | 3239.89 | 3250.92 | 3262.49 | 3223.87 | 334314 | 103293960000 | 0.27 |
| 2021-10-29 | 3241.91 | 3267.25 | 3267.25 | 3239.08 | 347748 | 112865620000 | 0.28 |
| 2021-10-28 | 3240.54 | 3239.61 | 3252.73 | 3223.72 | 299240 | 82682440000 | 0.24 |
| 2021-10-27 | 3282.26 | 3247.1 | 3282.26 | 3236.15 | 280449 | 74466500000 | 0.22 |
| 2021-10-26 | 3312.3 | 3290.04 | 3327.66 | 3285.23 | 259835 | 70015060000 | 0.21 |
| 2021-10-25 | 3295.25 | 3312.3 | 3316.57 | 3284.89 | 283460 | 78967150000 | 0.22 |
| 2021-10-22 | 3287.93 | 3318.13 | 3336.73 | 3282.88 | 312977 | 82354710000 | 0.25 |
| 2021-10-21 | 3256.61 | 3278.54 | 3294.05 | 3253.57 | 313068 | 80653500000 | 0.25 |
| 2021-10-20 | 3264.47 | 3255 | 3282.57 | 3242.1 | 275848 | 76961880000 | 0.22 |
| 2021-10-19 | 3227.01 | 3256.67 | 3265.51 | 3226.07 | 291272 | 80170180000 | 0.23 |
| 2021-10-18 | 3289.32 | 3229.63 | 3289.32 | 3213.24 | 324335 | 88584340000 | 0.26 |
| 2021-10-15 | 3258.57 | 3294.83 | 3301.15 | 3251.1 | 326192 | 80569850000 | 0.26 |
| 2021-10-14 | 3289.98 | 3270.69 | 3301.91 | 3264.25 | 241116 | 63778170000 | 0.19 |
| 2021-10-13 | 3257.4 | 3292.76 | 3307.23 | 3243.61 | 287785 | 78683320000 | 0.23 |
| 2021-10-12 | 3266.02 | 3259.38 | 3280.06 | 3232.32 | 349834 | 81094810000 | 0.28 |
| 2021-10-11 | 3264.72 | 3276.41 | 3318.15 | 3263.16 | 384225 | 95035080000 | 0.30 |
| 2021-10-08 | 3229.07 | 3256.26 | 3263.93 | 3215.56 | 389231 | 105047470000 | 0.31 |
| 2021-09-30 | 3202.02 | 3196.99 | 3213.56 | 3189.18 | 296982 | 73844960000 | 0.24 |
| 2021-09-29 | 3186.12 | 3199.23 | 3222.28 | 3160.39 | 408122 | 85329530000 | 0.32 |
| 2021-09-28 | 3197.04 | 3211.15 | 3224.57 | 3173.85 | 381059 | 84585290000 | 0.30 |
| 2021-09-27 | 3162.43 | 3199.97 | 3218.88 | 3162.43 | 422935 | 120661640000 | 0.34 |
| 2021-09-24 | 3120.43 | 3145.11 | 3173.05 | 3120.43 | 353827 | 93509680000 | 0.28 |
| 2021-09-23 | 3135.75 | 3127.82 | 3159.97 | 3116.56 | 377977 | 84987190000 | 0.30 |
| 2021-09-22 | 3100.39 | 3122.34 | 3129.78 | 3096.03 | 405816 | 80978360000 | 0.32 |
| 2021-09-17 | 3117.93 | 3161.92 | 3162.05 | 3110.03 | 400287 | 93805310000 | 0.32 |
| 2021-09-16 | 3145.44 | 3128.59 | 3157.9 | 3113.04 | 455264 | 98193980000 | 0.36 |
| 2021-09-15 | 3180.55 | 3146.63 | 3180.55 | 3130.97 | 428213 | 95115450000 | 0.34 |
| 2021-09-14 | 3243.68 | 3188.26 | 3257.62 | 3182.2 | 569256 | 114505870000 | 0.45 |
| 2021-09-13 | 3246.86 | 3242.04 | 3271.1 | 3222.22 | 514617 | 115847170000 | 0.41 |
| 2021-09-10 | 3203.06 | 3252.32 | 3268.73 | 3201.74 | 614654 | 127873390000 | 0.49 |
| 2021-09-09 | 3195.99 | 3204.28 | 3208.63 | 3183.21 | 523551 | 100706220000 | 0.42 |
| 2021-09-08 | 3241 | 3213.26 | 3254.1 | 3203.28 | 420631 | 100152060000 | 0.33 |
| 2021-09-07 | 3210.27 | 3248.05 | 3259.92 | 3192.02 | 461854 | 106266040000 | 0.37 |
| 2021-09-06 | 3175.88 | 3211.2 | 3228.95 | 3166.62 | 457553 | 124124420000 | 0.36 |
| 2021-09-03 | 3172.5 | 3175.88 | 3203.32 | 3137.88 | 527692 | 128714660000 | 0.42 |
| 2021-09-02 | 3166.27 | 3167.1 | 3189.25 | 3149.25 | 517865 | 125361150000 | 0.41 |
| 2021-09-01 | 3087.26 | 3165.04 | 3185.82 | 3064.5 | 730414 | 177068970000 | 0.58 |
| 2021-08-31 | 3099.47 | 3097.06 | 3122.91 | 3056.7 | 516077 | 138634320000 | 0.41 |
| 2021-08-30 | 3141.12 | 3112.7 | 3141.76 | 3092.83 | 452088 | 130054950000 | 0.36 |
| 2021-08-27 | 3086.05 | 3123.05 | 3145.98 | 3084.31 | 326134 | 97666470000 | 0.26 |
| 2021-08-26 | 3156.91 | 3088.83 | 3156.91 | 3087.3 | 315999 | 92897140000 | 0.25 |
| 2021-08-25 | 3160.74 | 3159.8 | 3173.37 | 3138.22 | 336668 | 105332830000 | 0.27 |
| 2021-08-24 | 3106.23 | 3147.77 | 3160.56 | 3104.97 | 382082 | 119776460000 | 0.30 |
| 2021-08-23 | 3079.29 | 3099.89 | 3109.99 | 3069.53 | 316640 | 102686650000 | 0.25 |
| 2021-08-20 | 3105.16 | 3072.75 | 3118.7 | 3044.88 | 385366 | 115273500000 | 0.31 |
| 2021-08-19 | 3179.93 | 3144.37 | 3185.73 | 3130.47 | 451996 | 112326380000 | 0.36 |
| 2021-08-18 | 3148.38 | 3190.55 | 3204.87 | 3133.88 | 455003 | 119532580000 | 0.36 |
| 2021-08-17 | 3219.83 | 3149.88 | 3240.33 | 3141.66 | 397847 | 112131110000 | 0.32 |
| 2021-08-16 | 3212.66 | 3222.62 | 3246.93 | 3205.53 | 325496 | 87987320000 | 0.26 |
