| date | open | last | high | low | volume | amount | exchange |
| --- | --- | --- | --- | --- | --- | --- | --- |
| 2026-08-14 | 3930.02 | 3923.46 | 3932.64 | 3919.76 | 227919479 | 431986278851 | 0.47 |
| 2026-08-13 | 3957.16 | 3926.96 | 3968.48 | 3924.64 | 5727937 | 1164203070000 | 1.18 |
| 2026-08-12 | 3933.55 | 3946.68 | 3950.62 | 3927.55 | 5032570 | 986122390000 | 1.04 |
| 2026-08-11 | 3950.71 | 3934.09 | 3966.39 | 3930.64 | 5294909 | 1066737090000 | 1.09 |
| 2026-08-10 | 3943.82 | 3966.59 | 3967.59 | 3938.63 | 5421181 | 1166893280000 | 1.12 |
| 2026-08-07 | 3896.49 | 3940.04 | 3940.93 | 3885.62 | 5649886 | 1209543570000 | 1.17 |
| 2026-08-06 | 3864.27 | 3900.35 | 3902.05 | 3864.27 | 5885553 | 1166818680000 | 1.22 |
| 2026-08-05 | 3815.12 | 3878.43 | 3884.4 | 3815.12 | 5921551 | 1208723020000 | 1.22 |
| 2026-08-04 | 3816.37 | 3822.28 | 3831.94 | 3799.52 | 5403249 | 1008382540000 | 1.12 |
| 2026-08-03 | 3812.61 | 3809.66 | 3827.64 | 3797.64 | 5245170 | 952256890000 | 1.08 |
| 2026-07-31 | 3833.54 | 3832.26 | 3847.09 | 3822.37 | 5975294 | 1187681550000 | 1.23 |
| 2026-07-30 | 3812.11 | 3804.69 | 3839.34 | 3767.5 | 5922989 | 1106477270000 | 1.22 |
| 2026-07-29 | 3823.29 | 3828.47 | 3845.77 | 3782.48 | 5712264 | 1087407760000 | 1.18 |
| 2026-07-28 | 3823.13 | 3813.31 | 3844.01 | 3797.37 | 4948291 | 949683080000 | 1.02 |
| 2026-07-27 | 3808.9 | 3858.25 | 3858.31 | 3793.45 | 5048795 | 1031312140000 | 1.04 |
| 2026-07-24 | 3853.63 | 3814.2 | 3861.04 | 3808.64 | 5082039 | 915366400000 | 1.05 |
| 2026-07-23 | 3868.09 | 3876.78 | 3878.83 | 3851.71 | 5621226 | 1025875520000 | 1.16 |
| 2026-07-22 | 3839.67 | 3867.03 | 3884.44 | 3839.67 | 6142552 | 1258148130000 | 1.27 |
| 2026-07-21 | 3812.16 | 3864.37 | 3864.6 | 3743.36 | 7350219 | 1396517620000 | 1.52 |
| 2026-07-20 | 3791.66 | 3796.28 | 3831.66 | 3741.11 | 7092341 | 1294651900000 | 1.47 |
| 2026-07-17 | 3865.32 | 3764.15 | 3869.21 | 3745.17 | 6504510 | 1246445450000 | 1.34 |
| 2026-07-16 | 3912.38 | 3882.41 | 3940.45 | 3867.6 | 5352819 | 1124208170000 | 1.11 |
| 2026-07-15 | 3963.73 | 3955.58 | 3981.67 | 3943.7 | 5762095 | 1226298270000 | 1.19 |
| 2026-07-14 | 3909.27 | 3967.13 | 3967.13 | 3869.3 | 5799821 | 1271796840000 | 1.20 |
| 2026-07-13 | 3966.02 | 3913.79 | 3983.05 | 3900.67 | 5909074 | 1334871930000 | 1.22 |
| 2026-07-10 | 4031.54 | 3996.16 | 4074.83 | 3995.81 | 6274501 | 1563108690000 | 1.30 |
| 2026-07-09 | 3977.55 | 4036.59 | 4040.54 | 3938.88 | 5530640 | 1364176550000 | 1.15 |
| 2026-07-08 | 3996.81 | 3970.88 | 4016.03 | 3967.91 | 4962294 | 1192355800000 | 1.03 |
| 2026-07-07 | 4019.49 | 3990.24 | 4028.51 | 3971.71 | 5144531 | 1196371090000 | 1.07 |
| 2026-07-06 | 4059.19 | 4041.24 | 4060.07 | 4005.41 | 5903649 | 1432112820000 | 1.22 |
| 2026-07-03 | 4031.34 | 4043.64 | 4073.88 | 4027.26 | 6020097 | 1465563100000 | 1.25 |
| 2026-07-02 | 4054.09 | 4028.9 | 4093.68 | 4019.21 | 6562336 | 1577183730000 | 1.36 |
| 2026-07-01 | 4090.76 | 4112.45 | 4143.31 | 4087.54 | 6723318 | 1698487570000 | 1.39 |
| 2026-06-30 | 4058.17 | 4094.4 | 4097.42 | 4052.17 | 5984122 | 1530325960000 | 1.24 |
| 2026-06-29 | 4026.69 | 4073.9 | 4075.33 | 3992.55 | 6591999 | 1666220370000 | 1.37 |
| 2026-06-26 | 4098.69 | 4027.26 | 4099.78 | 4007.86 | 6601087 | 1621195710000 | 1.37 |
| 2026-06-25 | 4103.48 | 4120.28 | 4133.1 | 4093.01 | 6704599 | 1618996560000 | 1.39 |
| 2026-06-24 | 4090.1 | 4110.81 | 4117.28 | 4075.49 | 6445275 | 1514193290000 | 1.34 |
| 2026-06-23 | 4153.59 | 4106.25 | 4175.35 | 4085.59 | 7090039 | 1594542360000 | 1.47 |
| 2026-06-22 | 4093.95 | 4163.1 | 4164.42 | 4070.17 | 7436994 | 1704000420000 | 1.54 |
| 2026-06-18 | 4094.23 | 4090.48 | 4117.45 | 4080.29 | 6581161 | 1560473970000 | 1.36 |
| 2026-06-17 | 4074.29 | 4108.08 | 4109.96 | 4073.73 | 6080774 | 1403145910000 | 1.26 |
| 2026-06-16 | 4094.21 | 4091.89 | 4103.93 | 4077.87 | 6156683 | 1369612990000 | 1.28 |
| 2026-06-15 | 4053.58 | 4096.47 | 4097.17 | 4051.07 | 6789078 | 1403586230000 | 1.41 |
| 2026-06-12 | 4017.86 | 4031.51 | 4060.27 | 4008.18 | 7431311 | 1537401520000 | 1.54 |
| 2026-06-11 | 3979.71 | 3987.01 | 3997.48 | 3958.44 | 5685452 | 1185554610000 | 1.18 |
| 2026-06-10 | 3985.12 | 3993.23 | 4006.31 | 3963.44 | 5986947 | 1227070070000 | 1.24 |
| 2026-06-09 | 3977.54 | 4010.03 | 4010.87 | 3955.91 | 5765701 | 1173088930000 | 1.20 |
| 2026-06-08 | 3938.71 | 3959.34 | 4007.49 | 3927.85 | 6592936 | 1267277240000 | 1.37 |
| 2026-06-05 | 4044.83 | 4027.74 | 4078.93 | 4015.06 | 6629186 | 1363887870000 | 1.38 |
| 2026-06-04 | 4053.67 | 4057.78 | 4080.72 | 4043.43 | 6211948 | 1274652180000 | 1.29 |
| 2026-06-03 | 4068.34 | 4083.97 | 4107.05 | 4059.91 | 6684526 | 1429755840000 | 1.39 |
| 2026-06-02 | 4061.46 | 4075.1 | 4089.57 | 4032.58 | 6422447 | 1280966180000 | 1.33 |
| 2026-06-01 | 4067.16 | 4057.74 | 4093.04 | 4045.69 | 6760258 | 1319801910000 | 1.40 |
| 2026-05-29 | 4110.52 | 4068.57 | 4112.96 | 4055.89 | 7315977 | 1532067350000 | 1.52 |
| 2026-05-28 | 4080.3 | 4098.64 | 4110.78 | 4055.83 | 6211800 | 1361325730000 | 1.29 |
| 2026-05-27 | 4138.81 | 4093.73 | 4153.56 | 4077.62 | 6604674 | 1473449050000 | 1.37 |
| 2026-05-26 | 4137.32 | 4145.37 | 4150.29 | 4104.46 | 6547778 | 1461685380000 | 1.36 |
| 2026-05-25 | 4126.34 | 4152.57 | 4153.88 | 4119.8 | 6159309 | 1445655380000 | 1.28 |
| 2026-05-22 | 4096.17 | 4112.9 | 4120.09 | 4067.75 | 5894596 | 1285847520000 | 1.23 |
| 2026-05-21 | 4174.38 | 4077.28 | 4199.53 | 4074.22 | 7272187 | 1595726690000 | 1.51 |
| 2026-05-20 | 4152.7 | 4162.18 | 4169.85 | 4139.97 | 6241520 | 1358926940000 | 1.30 |
| 2026-05-19 | 4122.96 | 4169.54 | 4170.29 | 4107.99 | 6176111 | 1306522480000 | 1.28 |
| 2026-05-18 | 4120.14 | 4131.53 | 4145.66 | 4108.6 | 6272331 | 1315084200000 | 1.30 |
| 2026-05-15 | 4174.18 | 4135.39 | 4191.81 | 4114.09 | 7331624 | 1519240030000 | 1.52 |
| 2026-05-14 | 4256.16 | 4177.92 | 4258.86 | 4177.92 | 7642350 | 1498116800000 | 1.59 |
| 2026-05-13 | 4192.31 | 4242.57 | 4245.07 | 4192.31 | 7050187 | 1447463950000 | 1.47 |
| 2026-05-12 | 4229.28 | 4214.49 | 4230.18 | 4199.34 | 7189840 | 1465272590000 | 1.50 |
| 2026-05-11 | 4201.35 | 4225.02 | 4229.58 | 4186.08 | 7627363 | 1584366750000 | 1.59 |
| 2026-05-08 | 4163.85 | 4179.95 | 4183.06 | 4154.25 | 6970191 | 1331673070000 | 1.45 |
| 2026-05-07 | 4168.45 | 4180.09 | 4180.21 | 4163.14 | 6855742 | 1359099510000 | 1.43 |
| 2026-05-06 | 4135.45 | 4160.17 | 4166.15 | 4129.91 | 7011775 | 1465903190000 | 1.46 |
| 2026-04-30 | 4107.3 | 4112.16 | 4118.76 | 4100.97 | 6569127 | 1276194740000 | 1.37 |
| 2026-04-29 | 4061.82 | 4107.51 | 4112.15 | 4061.82 | 6142215 | 1126615370000 | 1.28 |
| 2026-04-28 | 4076.14 | 4078.64 | 4090.2 | 4062.87 | 6005075 | 1113955560000 | 1.25 |
| 2026-04-27 | 4074.81 | 4086.34 | 4092.83 | 4071.08 | 5899509 | 1136051920000 | 1.23 |
| 2026-04-24 | 4081.03 | 4079.9 | 4092.61 | 4061.15 | 6050318 | 1143000200000 | 1.26 |
| 2026-04-23 | 4110.79 | 4093.25 | 4114.84 | 4070.46 | 6711661 | 1234396210000 | 1.40 |
| 2026-04-22 | 4074.81 | 4106.26 | 4106.84 | 4074.68 | 5824663 | 1093625890000 | 1.21 |
| 2026-04-21 | 4075.85 | 4085.08 | 4086.64 | 4062.13 | 5766895 | 1033349020000 | 1.20 |
| 2026-04-20 | 4053.37 | 4082.13 | 4083.19 | 4051.69 | 5898414 | 1084578010000 | 1.23 |
| 2026-04-17 | 4043.38 | 4051.43 | 4058.6 | 4038.43 | 5487914 | 1013520660000 | 1.14 |
| 2026-04-16 | 4030.14 | 4055.55 | 4057.83 | 4028.91 | 5458770 | 976565490000 | 1.14 |
| 2026-04-15 | 4039.47 | 4027.21 | 4050.62 | 4020.9 | 5694586 | 1028851870000 | 1.19 |
| 2026-04-14 | 4006.73 | 4026.63 | 4026.63 | 3992.41 | 5702590 | 998435130000 | 1.19 |
| 2026-04-13 | 3971.2 | 3988.56 | 3991.26 | 3966.2 | 5457818 | 919436480000 | 1.14 |
| 2026-04-10 | 3985.46 | 3986.22 | 4011.02 | 3979.81 | 5464155 | 955664110000 | 1.14 |
| 2026-04-09 | 3967.63 | 3966.17 | 3979.13 | 3955.25 | 5415698 | 902481840000 | 1.13 |
| 2026-04-08 | 3930.25 | 3995 | 3995 | 3926.25 | 6441354 | 1074211700000 | 1.34 |
| 2026-04-07 | 3884.15 | 3890.16 | 3902.61 | 3875.68 | 4736151 | 723905840000 | 0.99 |
| 2026-04-03 | 3927.59 | 3880.1 | 3929.53 | 3871.3 | 4926991 | 713830330000 | 1.03 |
| 2026-04-02 | 3940.8 | 3919.29 | 3952.58 | 3900.12 | 5442128 | 811896570000 | 1.13 |
| 2026-04-01 | 3939.57 | 3948.55 | 3955.94 | 3929.92 | 5646116 | 897278210000 | 1.18 |
| 2026-03-31 | 3924.07 | 3891.86 | 3948.81 | 3891.86 | 6067050 | 891945340000 | 1.26 |
| 2026-03-30 | 3884.28 | 3923.29 | 3924.29 | 3872.78 | 5955895 | 839822430000 | 1.24 |
| 2026-03-27 | 3852.09 | 3913.72 | 3924.11 | 3852.09 | 5613430 | 799696430000 | 1.17 |
| 2026-03-26 | 3924.96 | 3889.08 | 3937.1 | 3880.57 | 6159740 | 848361340000 | 1.28 |
| 2026-03-25 | 3892.27 | 3931.84 | 3933.06 | 3891.82 | 6883436 | 967854260000 | 1.43 |
| 2026-03-24 | 3849.63 | 3881.28 | 3881.42 | 3807.99 | 6806220 | 931418840000 | 1.42 |
| 2026-03-23 | 3904.95 | 3813.28 | 3906.62 | 3794.68 | 8047389 | 1086248290000 | 1.68 |
| 2026-03-20 | 4004.57 | 3957.05 | 4022.7 | 3955.71 | 6667984 | 964863110000 | 1.39 |
| 2026-03-19 | 4028.54 | 4006.55 | 4042.02 | 3994.17 | 6672554 | 935264960000 | 1.39 |
| 2026-03-18 | 4053.31 | 4062.98 | 4065.37 | 4023.03 | 6238731 | 876327490000 | 1.30 |
| 2026-03-17 | 4086.3 | 4049.91 | 4108.4 | 4049.58 | 6787712 | 951228130000 | 1.42 |
| 2026-03-16 | 4092.25 | 4084.79 | 4096.13 | 4048.09 | 7322271 | 1037223830000 | 1.53 |
| 2026-03-13 | 4117.57 | 4095.45 | 4134.08 | 4086.85 | 7920548 | 1063918170000 | 1.65 |
| 2026-03-12 | 4133.2 | 4129.1 | 4141.65 | 4103.16 | 7861512 | 1078215330000 | 1.64 |
| 2026-03-11 | 4123.67 | 4133.43 | 4135.84 | 4112.8 | 7077272 | 1063600870000 | 1.48 |
| 2026-03-10 | 4098.59 | 4123.14 | 4123.96 | 4098.59 | 6749222 | 1036427210000 | 1.41 |
| 2026-03-09 | 4098.7 | 4096.6 | 4106.53 | 4052.55 | 7978036 | 1194106190000 | 1.67 |
| 2026-03-06 | 4085.9 | 4124.19 | 4129.46 | 4085.9 | 6467658 | 978805930000 | 1.35 |
| 2026-03-05 | 4109.78 | 4108.57 | 4125.62 | 4090.62 | 6897465 | 1068043730000 | 1.44 |
| 2026-03-04 | 4087.63 | 4082.47 | 4106.04 | 4055.41 | 7651695 | 1113081990000 | 1.60 |
| 2026-03-03 | 4189.41 | 4122.68 | 4197.23 | 4116.01 | 9211392 | 1425790200000 | 1.92 |
| 2026-03-02 | 4151.8 | 4182.59 | 4188.77 | 4131.37 | 8615792 | 1345892470000 | 1.80 |
| 2026-02-27 | 4128.9 | 4162.88 | 4166.23 | 4128.36 | 6820476 | 1072367830000 | 1.42 |
| 2026-02-26 | 4151.07 | 4146.63 | 4152.19 | 4127.15 | 6517028 | 1067198720000 | 1.36 |
| 2026-02-25 | 4123.78 | 4147.23 | 4167.84 | 4122.7 | 7247872 | 1085969560000 | 1.51 |
| 2026-02-24 | 4129.13 | 4117.41 | 4131.55 | 4105.94 | 5663222 | 938611380000 | 1.18 |
| 2026-02-13 | 4115.92 | 4082.07 | 4123.84 | 4079.77 | 5007995 | 846808340000 | 1.05 |
| 2026-02-12 | 4136.99 | 4134.02 | 4140.59 | 4124.13 | 5293701 | 897955030000 | 1.11 |
| 2026-02-11 | 4124.43 | 4131.98 | 4142.56 | 4122.43 | 5006853 | 822607550000 | 1.05 |
| 2026-02-10 | 4127.77 | 4128.37 | 4134.34 | 4117.56 | 5246210 | 882201750000 | 1.10 |
| 2026-02-09 | 4103.54 | 4123.09 | 4123.16 | 4093.06 | 5726326 | 949726340000 | 1.20 |
| 2026-02-06 | 4040.3 | 4065.58 | 4095.03 | 4029.97 | 5567098 | 898655030000 | 1.16 |
| 2026-02-05 | 4075.03 | 4075.92 | 4088.9 | 4048.94 | 5967222 | 946988890000 | 1.25 |
| 2026-02-04 | 4064.68 | 4102.2 | 4104.62 | 4062.68 | 6742542 | 1063544770000 | 1.41 |
| 2026-02-03 | 4043.91 | 4067.74 | 4069.42 | 4002.78 | 6376842 | 1110720210000 | 1.33 |
| 2026-02-02 | 4079.71 | 4015.75 | 4103.41 | 4013.66 | 7329537 | 1163532650000 | 1.53 |
| 2026-01-30 | 4131.99 | 4117.95 | 4152.85 | 4064.78 | 8043427 | 1269855690000 | 1.68 |
| 2026-01-29 | 4155.92 | 4157.98 | 4170.21 | 4138.3 | 9059084 | 1485795400000 | 1.89 |
| 2026-01-28 | 4150.22 | 4151.24 | 4170.15 | 4138.02 | 8230267 | 1365526060000 | 1.72 |
| 2026-01-27 | 4125.22 | 4139.9 | 4158.8 | 4101.83 | 7549909 | 1289432380000 | 1.58 |
| 2026-01-26 | 4144.78 | 4132.61 | 4160.99 | 4124.7 | 8874397 | 1451859840000 | 1.86 |
| 2026-01-23 | 4130.11 | 4136.16 | 4143.75 | 4120.2 | 7821155 | 1336857050000 | 1.64 |
| 2026-01-22 | 4126.07 | 4122.58 | 4140.84 | 4109.92 | 7096954 | 1201764210000 | 1.48 |
| 2026-01-21 | 4103.53 | 4116.94 | 4135.96 | 4103.53 | 6669895 | 1180184560000 | 1.39 |
| 2026-01-20 | 4116.37 | 4113.65 | 4128.93 | 4080.29 | 7343625 | 1221485630000 | 1.54 |
| 2026-01-19 | 4090.72 | 4114 | 4126.52 | 4090.06 | 6889059 | 1190137810000 | 1.44 |
| 2026-01-16 | 4127.06 | 4101.91 | 4140.23 | 4091.81 | 7635885 | 1338017280000 | 1.60 |
| 2026-01-15 | 4106.22 | 4112.6 | 4133.07 | 4096.85 | 6802508 | 1175915100000 | 1.42 |
| 2026-01-14 | 4138.65 | 4126.09 | 4190.87 | 4103.62 | 9525513 | 1607041240000 | 1.99 |
| 2026-01-13 | 4169.7 | 4138.76 | 4179.7 | 4126.23 | 8683827 | 1481574220000 | 1.82 |
| 2026-01-12 | 4134.89 | 4165.29 | 4168.36 | 4119.88 | 8394561 | 1446230120000 | 1.76 |
| 2026-01-09 | 4086.76 | 4120.43 | 4121.72 | 4083.62 | 7298380 | 1289205970000 | 1.53 |
| 2026-01-08 | 4077.72 | 4082.98 | 4093.87 | 4067.12 | 6661313 | 1183188760000 | 1.39 |
| 2026-01-07 | 4083.84 | 4085.77 | 4098.78 | 4069.44 | 6833844 | 1197422800000 | 1.43 |
| 2026-01-06 | 4026.02 | 4083.67 | 4083.67 | 4025.09 | 7024723 | 1175768710000 | 1.47 |
| 2026-01-05 | 3986.97 | 4023.42 | 4025.26 | 3983.58 | 5969505 | 1067334170000 | 1.25 |
| 2025-12-31 | 3968.73 | 3968.84 | 3977.54 | 3955.49 | 4907515 | 829511900000 | 1.03 |
| 2025-12-30 | 3947.87 | 3965.12 | 3979.99 | 3947.42 | 5259326 | 887533320000 | 1.10 |
| 2025-12-29 | 3964.65 | 3965.28 | 3983.98 | 3956.95 | 5636872 | 903819730000 | 1.18 |
| 2025-12-26 | 3957.83 | 3963.68 | 3977.71 | 3945.52 | 5554896 | 893644360000 | 1.16 |
| 2025-12-25 | 3937.72 | 3959.62 | 3964.07 | 3936.08 | 4693131 | 785018650000 | 0.98 |
| 2025-12-24 | 3920.35 | 3940.95 | 3947.04 | 3912.31 | 4748964 | 773928620000 | 1 |
| 2025-12-23 | 3919.11 | 3919.98 | 3937.13 | 3910.74 | 5211570 | 806853440000 | 1.09 |
| 2025-12-22 | 3900.54 | 3917.36 | 3920.01 | 3900.52 | 5229390 | 789756390000 | 1.10 |
| 2025-12-19 | 3878.23 | 3890.45 | 3902.67 | 3871.78 | 5135119 | 738066000000 | 1.08 |
| 2025-12-18 | 3857.26 | 3876.37 | 3888.29 | 3856.42 | 4611726 | 704895600000 | 0.97 |
| 2025-12-17 | 3822.51 | 3870.28 | 3881.75 | 3818 | 5123137 | 766820530000 | 1.08 |
| 2025-12-16 | 3861.51 | 3824.81 | 3862.43 | 3815.84 | 5124948 | 733294000000 | 1.08 |
| 2025-12-15 | 3865.4 | 3867.92 | 3896.98 | 3863.63 | 5009228 | 764604820000 | 1.05 |
| 2025-12-12 | 3869.41 | 3889.35 | 3891.81 | 3850.6 | 5739471 | 909950910000 | 1.21 |
| 2025-12-11 | 3903.89 | 3873.32 | 3904.96 | 3862.82 | 5256586 | 764350150000 | 1.11 |
| 2025-12-10 | 3901.13 | 3900.5 | 3906.12 | 3876.47 | 4973315 | 730359830000 | 1.05 |
| 2025-12-09 | 3916.51 | 3909.52 | 3923.9 | 3902.13 | 5245383 | 781160400000 | 1.10 |
| 2025-12-08 | 3909.23 | 3924.08 | 3936.31 | 3904.74 | 5473498 | 839439000000 | 1.15 |
| 2025-12-05 | 3873.12 | 3902.81 | 3907.78 | 3863.31 | 5003688 | 716742450000 | 1.05 |
| 2025-12-04 | 3879.74 | 3875.79 | 3888.86 | 3859.05 | 4450403 | 623712570000 | 0.94 |
| 2025-12-03 | 3894.16 | 3878 | 3901.7 | 3869.95 | 4856173 | 647166530000 | 1.02 |
| 2025-12-02 | 3908.46 | 3897.71 | 3908.77 | 3888.33 | 4555845 | 627440670000 | 0.96 |
| 2025-12-01 | 3894.21 | 3914.01 | 3914.46 | 3890.95 | 5375541 | 785658340000 | 1.13 |
| 2025-11-28 | 3870.94 | 3888.6 | 3888.89 | 3856.25 | 4499320 | 645755820000 | 0.95 |
| 2025-11-27 | 3867.2 | 3875.26 | 3895.59 | 3864.13 | 4440219 | 698519110000 | 0.93 |
| 2025-11-26 | 3867.43 | 3864.18 | 3879.92 | 3861.18 | 4575898 | 701019870000 | 0.96 |
| 2025-11-25 | 3850.57 | 3870.02 | 3882.03 | 3845.14 | 4787276 | 722788780000 | 1.01 |
| 2025-11-24 | 3848.66 | 3836.77 | 3854.33 | 3816.58 | 5046017 | 715539250000 | 1.06 |
| 2025-11-21 | 3896.66 | 3834.89 | 3912.01 | 3834.75 | 6316463 | 824931130000 | 1.33 |
| 2025-11-20 | 3960.7 | 3931.05 | 3967.97 | 3927.51 | 5347495 | 711341280000 | 1.13 |
| 2025-11-19 | 3937.92 | 3946.74 | 3960.05 | 3930.07 | 5311496 | 720908760000 | 1.12 |
| 2025-11-18 | 3962.44 | 3939.81 | 3966.89 | 3926.59 | 5944110 | 790948600000 | 1.25 |
| 2025-11-17 | 3988.56 | 3972.03 | 3992.4 | 3958.95 | 5920180 | 805733130000 | 1.25 |
| 2025-11-14 | 4007.13 | 3990.49 | 4034.08 | 3990.31 | 6220171 | 837969500000 | 1.31 |
| 2025-11-13 | 3996.51 | 4029.5 | 4030.4 | 3994.77 | 6130311 | 876400920000 | 1.29 |
| 2025-11-12 | 3996.56 | 4000.14 | 4020.38 | 3980.68 | 5861932 | 840467210000 | 1.23 |
| 2025-11-11 | 4023.88 | 4002.76 | 4024.94 | 3991.52 | 5819949 | 858362140000 | 1.23 |
| 2025-11-10 | 4001.79 | 4018.6 | 4018.7 | 3990.84 | 6340500 | 960588650000 | 1.34 |
| 2025-11-07 | 3994.32 | 3997.56 | 4012.01 | 3993.69 | 5965070 | 875486750000 | 1.26 |
| 2025-11-06 | 3973.35 | 4007.76 | 4008.8 | 3973.35 | 6273675 | 930275550000 | 1.32 |
| 2025-11-05 | 3922.58 | 3969.25 | 3979.75 | 3922.58 | 6149916 | 827133580000 | 1.30 |
| 2025-11-04 | 3973.46 | 3960.19 | 3985.88 | 3938.52 | 6154938 | 852938370000 | 1.30 |
| 2025-11-03 | 3954.08 | 3976.52 | 3977.31 | 3937.02 | 6412459 | 941703700000 | 1.35 |
| 2025-10-31 | 3985.06 | 3954.79 | 3986.74 | 3951.73 | 6756154 | 1031104620000 | 1.42 |
| 2025-10-30 | 4007.82 | 3986.9 | 4025.7 | 3984.83 | 6684856 | 1070058590000 | 1.41 |
| 2025-10-29 | 3990.27 | 4016.33 | 4016.33 | 3986.94 | 6129175 | 968215710000 | 1.29 |
| 2025-10-28 | 3986.89 | 3988.22 | 4010.73 | 3976.83 | 5773577 | 940760860000 | 1.22 |
| 2025-10-27 | 3969.22 | 3996.94 | 3999.07 | 3963.1 | 6375895 | 1043404040000 | 1.34 |
| 2025-10-24 | 3929.12 | 3950.31 | 3950.31 | 3928.96 | 5678584 | 858491250000 | 1.20 |
| 2025-10-23 | 3904.16 | 3922.41 | 3926.22 | 3877.53 | 5651893 | 718931050000 | 1.19 |
| 2025-10-22 | 3896.07 | 3913.76 | 3918.59 | 3893.33 | 5431173 | 741524800000 | 1.15 |
| 2025-10-21 | 3870.75 | 3916.33 | 3919.32 | 3868.15 | 5994157 | 837938400000 | 1.26 |
| 2025-10-20 | 3865.55 | 3863.89 | 3877.72 | 3850.37 | 5492617 | 772503220000 | 1.16 |
| 2025-10-17 | 3912.04 | 3839.76 | 3921.06 | 3835.36 | 6175630 | 873181600000 | 1.30 |
| 2025-10-16 | 3900.68 | 3916.23 | 3931.05 | 3899.17 | 5954515 | 869264580000 | 1.26 |
| 2025-10-15 | 3867.54 | 3912.21 | 3912.29 | 3857.67 | 6450130 | 961552170000 | 1.36 |
| 2025-10-14 | 3910.78 | 3865.23 | 3918.44 | 3851.12 | 8008396 | 1209983830000 | 1.69 |
| 2025-10-13 | 3800.11 | 3889.5 | 3895.83 | 3800.11 | 7095061 | 1085413590000 | 1.50 |
| 2025-10-10 | 3915.48 | 3897.03 | 3933.01 | 3886.31 | 7189177 | 1132127150000 | 1.52 |
| 2025-10-09 | 3898.31 | 3933.97 | 3936.58 | 3885.74 | 7252185 | 1216888720000 | 1.53 |
| 2025-09-30 | 3869.7 | 3882.78 | 3887.57 | 3866.28 | 5697346 | 973274950000 | 1.20 |
| 2025-09-29 | 3828.17 | 3862.53 | 3881 | 3809.54 | 6084664 | 968212400000 | 1.28 |
| 2025-09-26 | 3839.86 | 3828.11 | 3856.61 | 3828.11 | 5512753 | 927864900000 | 1.16 |
| 2025-09-25 | 3852.43 | 3853.3 | 3866.11 | 3840.46 | 5899505 | 1001211370000 | 1.25 |
| 2025-09-24 | 3804.48 | 3853.64 | 3854.92 | 3804.33 | 6020567 | 1015707870000 | 1.27 |
| 2025-09-23 | 3830.14 | 3821.83 | 3838.61 | 3774.53 | 7019029 | 1071697830000 | 1.48 |
| 2025-09-22 | 3822.01 | 3828.58 | 3831.74 | 3806.2 | 5683257 | 941799980000 | 1.20 |
| 2025-09-19 | 3830.44 | 3820.09 | 3843.17 | 3811.9 | 6822926 | 1016348310000 | 1.44 |
| 2025-09-18 | 3876.06 | 3831.66 | 3899.96 | 3801 | 8760274 | 1365962420000 | 1.85 |
| 2025-09-17 | 3854.07 | 3876.34 | 3882.67 | 3848.95 | 6634347 | 1006679080000 | 1.40 |
| 2025-09-16 | 3865.98 | 3861.87 | 3876.69 | 3838.65 | 6734397 | 989786140000 | 1.42 |
| 2025-09-15 | 3876.1 | 3860.5 | 3879.74 | 3855.97 | 6447939 | 986171990000 | 1.36 |
| 2025-09-12 | 3875.51 | 3870.6 | 3892.74 | 3866.54 | 7006418 | 1093807300000 | 1.48 |
| 2025-09-11 | 3806.06 | 3875.31 | 3875.31 | 3796.43 | 6170129 | 1016794000000 | 1.30 |
| 2025-09-10 | 3806.58 | 3812.22 | 3827 | 3794.06 | 5345398 | 821113580000 | 1.13 |
| 2025-09-09 | 3816.66 | 3807.29 | 3834.67 | 3791.72 | 6002394 | 917795310000 | 1.26 |
| 2025-09-08 | 3811.67 | 3826.84 | 3833.14 | 3803.6 | 6600669 | 1025883750000 | 1.39 |
| 2025-09-05 | 3761.88 | 3812.51 | 3817.16 | 3745.31 | 6262234 | 979061710000 | 1.32 |
| 2025-09-04 | 3807.76 | 3765.88 | 3808.4 | 3732.84 | 7102279 | 1107892040000 | 1.49 |
| 2025-09-03 | 3865.29 | 3813.56 | 3868.39 | 3794.88 | 6456685 | 1012296080000 | 1.35 |
| 2025-09-02 | 3877.09 | 3858.13 | 3885.31 | 3828.68 | 7626188 | 1222777660000 | 1.59 |
| 2025-09-01 | 3869.75 | 3875.53 | 3879.05 | 3853.66 | 7477095 | 1208347980000 | 1.56 |
| 2025-08-29 | 3842.82 | 3857.93 | 3867.61 | 3839.21 | 7394624 | 1221691850000 | 1.54 |
| 2025-08-28 | 3796.71 | 3843.6 | 3845.09 | 3761.42 | 7883519 | 1265185530000 | 1.64 |
| 2025-08-27 | 3869.61 | 3800.35 | 3887.2 | 3800.35 | 8586335 | 1326848740000 | 1.78 |
| 2025-08-26 | 3871.47 | 3868.38 | 3888.6 | 3859.76 | 7345653 | 1114187900000 | 1.53 |
| 2025-08-25 | 3848.16 | 3883.56 | 3883.56 | 3839.97 | 8854748 | 1360903870000 | 1.84 |
| 2025-08-22 | 3772.28 | 3825.76 | 3825.76 | 3772.28 | 6981363 | 1095091500000 | 1.46 |
| 2025-08-21 | 3770.68 | 3771.1 | 3787.98 | 3757.99 | 6915530 | 997741900000 | 1.44 |
| 2025-08-20 | 3716.68 | 3766.21 | 3767.43 | 3704.99 | 6798364 | 1017500160000 | 1.42 |
| 2025-08-19 | 3728.49 | 3727.29 | 3746.67 | 3718.15 | 6960998 | 1060899240000 | 1.45 |
| 2025-08-18 | 3712.5 | 3728.03 | 3745.94 | 3702.38 | 7760167 | 1133941940000 | 1.62 |
| 2025-08-15 | 3659.81 | 3696.77 | 3702.26 | 3658.38 | 6785217 | 960624990000 | 1.41 |
| 2025-08-14 | 3685.52 | 3666.44 | 3704.77 | 3662.57 | 6478296 | 949464270000 | 1.35 |
| 2025-08-13 | 3668.66 | 3683.46 | 3688.63 | 3666.55 | 6135289 | 887022600000 | 1.28 |
| 2025-08-12 | 3647.96 | 3665.92 | 3669.04 | 3647.96 | 5366237 | 778161030000 | 1.12 |
| 2025-08-11 | 3637.05 | 3647.55 | 3656.85 | 3629.63 | 5513933 | 751329450000 | 1.15 |
| 2025-08-08 | 3634.85 | 3635.13 | 3645.37 | 3625.45 | 5264076 | 713569730000 | 1.09 |
| 2025-08-07 | 3637.78 | 3639.67 | 3645.12 | 3622.52 | 5355012 | 749700000000 | 1.11 |
| 2025-08-06 | 3615.81 | 3633.99 | 3634.31 | 3613.99 | 5124673 | 707221250000 | 1.07 |
| 2025-08-05 | 3588.81 | 3617.6 | 3617.6 | 3586.97 | 4997978 | 656382510000 | 1.04 |
| 2025-08-04 | 3547.16 | 3583.31 | 3583.31 | 3547.16 | 4585736 | 639775600000 | 0.96 |
| 2025-08-01 | 3568.26 | 3559.95 | 3581.75 | 3550.04 | 5095631 | 684645230000 | 1.06 |
| 2025-07-31 | 3604.7 | 3573.21 | 3606.37 | 3562.61 | 6545093 | 845893060000 | 1.36 |
| 2025-07-30 | 3608.35 | 3615.72 | 3636.17 | 3593.73 | 6372219 | 819627950000 | 1.33 |
| 2025-07-29 | 3595.81 | 3609.71 | 3611.35 | 3585.94 | 6106421 | 793606420000 | 1.28 |
| 2025-07-28 | 3594.23 | 3597.94 | 3606.27 | 3582.15 | 5941879 | 761265440000 | 1.24 |
| 2025-07-25 | 3604.45 | 3593.66 | 3610.03 | 3586.22 | 6971895 | 821609580000 | 1.45 |
| 2025-07-24 | 3578.91 | 3605.73 | 3608.73 | 3577.11 | 7732658 | 852239630000 | 1.61 |
| 2025-07-23 | 3588.88 | 3582.3 | 3613.02 | 3577.59 | 7676724 | 857045960000 | 1.59 |
| 2025-07-22 | 3561.63 | 3581.86 | 3584.72 | 3547.25 | 7161552 | 840573440000 | 1.48 |
| 2025-07-21 | 3542.82 | 3559.79 | 3560.63 | 3542.57 | 6336497 | 730905860000 | 1.31 |
| 2025-07-18 | 3519.48 | 3534.48 | 3536.01 | 3518.23 | 4934841 | 643627570000 | 1.02 |
| 2025-07-17 | 3500.37 | 3516.83 | 3517.28 | 3499.19 | 4722111 | 609791010000 | 0.97 |
| 2025-07-16 | 3502.9 | 3503.78 | 3511.81 | 3489.14 | 4708786 | 572419320000 | 0.95 |
| 2025-07-15 | 3519.81 | 3505 | 3527.04 | 3483.38 | 5720747 | 646851670000 | 1.20 |
| 2025-07-14 | 3513.25 | 3519.65 | 3532.12 | 3513.25 | 5720847 | 623102480000 | 1.20 |
| 2025-07-11 | 3511.37 | 3510.18 | 3555.22 | 3506.8 | 6641852 | 753549050000 | 1.39 |
| 2025-07-10 | 3491.5 | 3509.68 | 3526.59 | 3491.5 | 5641598 | 613160540000 | 1.18 |
| 2025-07-09 | 3498.72 | 3493.05 | 3512.67 | 3491.2 | 5239201 | 595962530000 | 1.09 |
| 2025-07-08 | 3474.63 | 3497.48 | 3499.89 | 3474.63 | 4934848 | 567506520000 | 1.03 |
| 2025-07-07 | 3467.98 | 3473.13 | 3474.8 | 3462.79 | 4366313 | 476197430000 | 0.91 |
| 2025-07-04 | 3459.59 | 3472.32 | 3497.22 | 3455.49 | 5001952 | 567241280000 | 1.05 |
| 2025-07-03 | 3456.15 | 3461.15 | 3463.62 | 3446.97 | 4385435 | 500211770000 | 0.91 |
| 2025-07-02 | 3458.17 | 3454.79 | 3461.33 | 3447.96 | 4981168 | 543130720000 | 1.04 |
| 2025-07-01 | 3445.85 | 3457.75 | 3459.59 | 3441.04 | 4443567 | 553556540000 | 0.92 |
| 2025-06-30 | 3423.47 | 3444.43 | 3447.46 | 3420.11 | 4573480 | 567137250000 | 0.95 |
| 2025-06-27 | 3450.69 | 3424.23 | 3462.63 | 3421.04 | 5231294 | 605731620000 | 1.09 |
| 2025-06-26 | 3451.72 | 3448.45 | 3462.75 | 3446.19 | 4965411 | 603095110000 | 1.03 |
| 2025-06-25 | 3419.09 | 3455.97 | 3459.01 | 3417.41 | 5093841 | 620173280000 | 1.06 |
| 2025-06-24 | 3380.08 | 3420.57 | 3423.78 | 3380.08 | 4609638 | 544882080000 | 0.96 |
| 2025-06-23 | 3349.46 | 3381.58 | 3389.45 | 3347.65 | 3845614 | 442789180000 | 0.80 |
| 2025-06-20 | 3358.91 | 3359.9 | 3370.8 | 3357.71 | 3502237 | 410873270000 | 0.73 |
| 2025-06-19 | 3384.29 | 3362.11 | 3386.92 | 3353.94 | 4153277 | 473258600000 | 0.86 |
| 2025-06-18 | 3386.14 | 3388.81 | 3391.71 | 3369.99 | 3786849 | 441011100000 | 0.79 |
| 2025-06-17 | 3388.18 | 3387.4 | 3393.31 | 3376.42 | 3900124 | 458038160000 | 0.81 |
| 2025-06-16 | 3369.37 | 3388.73 | 3389.76 | 3368.88 | 4053833 | 481594410000 | 0.84 |
| 2025-06-13 | 3397.48 | 3377 | 3401.55 | 3370.59 | 5100652 | 605384840000 | 1.06 |
| 2025-06-12 | 3397.97 | 3402.66 | 3408.2 | 3388.87 | 4094906 | 501624560000 | 0.85 |
| 2025-06-11 | 3385.46 | 3402.32 | 3413.51 | 3385.46 | 4240903 | 501807390000 | 0.88 |
| 2025-06-10 | 3402.01 | 3384.82 | 3406.45 | 3365.67 | 4816186 | 557427630000 | 1 |
| 2025-06-09 | 3388.78 | 3399.77 | 3402.05 | 3383.07 | 4273479 | 511879940000 | 0.89 |
| 2025-06-06 | 3384.29 | 3385.36 | 3391.45 | 3379.76 | 3801229 | 452743720000 | 0.79 |
| 2025-06-05 | 3378.22 | 3384.1 | 3387.76 | 3371.15 | 4062521 | 498241230000 | 0.85 |
| 2025-06-04 | 3363.39 | 3376.2 | 3379.64 | 3363.39 | 3864946 | 446844610000 | 0.81 |
| 2025-06-03 | 3340.07 | 3361.98 | 3367 | 3340.07 | 3980608 | 468292670000 | 0.84 |
| 2025-05-30 | 3358.81 | 3347.49 | 3361.28 | 3341.65 | 3856022 | 443358970000 | 0.81 |
| 2025-05-29 | 3340.4 | 3363.45 | 3368.63 | 3337.42 | 3932338 | 453741380000 | 0.82 |
| 2025-05-28 | 3341.85 | 3339.93 | 3348.23 | 3336.73 | 3415554 | 389341210000 | 0.71 |
| 2025-05-27 | 3346.5 | 3340.69 | 3351.57 | 3332.49 | 3440712 | 394408730000 | 0.72 |
| 2025-05-26 | 3346.56 | 3346.84 | 3362.31 | 3336.36 | 3475621 | 400526570000 | 0.73 |
| 2025-05-23 | 3376.87 | 3348.37 | 3389.47 | 3348.37 | 4002270 | 468587870000 | 0.84 |
| 2025-05-22 | 3381.87 | 3380.19 | 3390.59 | 3376.23 | 3942172 | 438334520000 | 0.82 |
| 2025-05-21 | 3380.21 | 3387.57 | 3394.75 | 3380.21 | 4124962 | 465956990000 | 0.86 |
| 2025-05-20 | 3371.69 | 3380.48 | 3387.8 | 3369.96 | 4055445 | 450290480000 | 0.85 |
| 2025-05-19 | 3365.88 | 3367.58 | 3373.6 | 3356.65 | 4030748 | 437177570000 | 0.84 |
| 2025-05-16 | 3374.71 | 3367.46 | 3380.29 | 3356.66 | 3954010 | 435647040000 | 0.83 |
| 2025-05-15 | 3398.43 | 3380.82 | 3402.87 | 3378.02 | 4241009 | 461292250000 | 0.89 |
| 2025-05-14 | 3374.24 | 3403.95 | 3417.31 | 3368.08 | 4649344 | 534872940000 | 0.98 |
| 2025-05-13 | 3386.23 | 3374.87 | 3386.23 | 3370.25 | 4262407 | 506608940000 | 0.89 |
| 2025-05-12 | 3352.97 | 3369.24 | 3372.47 | 3344.27 | 4182399 | 522080700000 | 0.88 |
| 2025-05-09 | 3350.41 | 3342 | 3351.22 | 3335.13 | 3989092 | 464862360000 | 0.83 |
| 2025-05-08 | 3331.21 | 3352 | 3359.73 | 3327.9 | 4283778 | 501611380000 | 0.90 |
| 2025-05-07 | 3354.97 | 3342.67 | 3356.69 | 3324.81 | 5111596 | 595230090000 | 1.08 |
| 2025-05-06 | 3295.25 | 3316.11 | 3316.45 | 3286.99 | 4743696 | 551825070000 | 1 |
| 2025-04-30 | 3284.08 | 3279.03 | 3292.2 | 3277.55 | 4357943 | 505572580000 | 0.91 |
| 2025-04-29 | 3281.45 | 3286.65 | 3294.98 | 3277.63 | 3889617 | 430881030000 | 0.81 |
| 2025-04-28 | 3292.06 | 3288.41 | 3296.93 | 3279.88 | 4106659 | 441916380000 | 0.86 |
| 2025-04-25 | 3300.39 | 3295.06 | 3305.26 | 3288.75 | 4110432 | 445417630000 | 0.86 |
| 2025-04-24 | 3295.15 | 3297.29 | 3313.51 | 3286.24 | 3928447 | 434706040000 | 0.82 |
| 2025-04-23 | 3308.15 | 3296.36 | 3312.19 | 3293.06 | 4116332 | 486209320000 | 0.86 |
| 2025-04-22 | 3289.17 | 3299.76 | 3311.15 | 3288.33 | 4031676 | 452675440000 | 0.85 |
| 2025-04-21 | 3273.14 | 3291.43 | 3298.64 | 3270.01 | 3793076 | 429391690000 | 0.80 |
| 2025-04-18 | 3270.35 | 3276.73 | 3283.09 | 3262.39 | 3588362 | 380313470000 | 0.75 |
| 2025-04-17 | 3261.72 | 3280.34 | 3285.92 | 3258.15 | 3820127 | 442596760000 | 0.80 |
| 2025-04-16 | 3267.67 | 3276 | 3276 | 3233.79 | 4295349 | 489200690000 | 0.90 |
| 2025-04-15 | 3260.69 | 3267.66 | 3268.98 | 3246.34 | 3966629 | 456332610000 | 0.83 |
| 2025-04-14 | 3251.98 | 3262.81 | 3272.72 | 3244.73 | 4713732 | 543811430000 | 0.97 |
| 2025-04-11 | 3219.51 | 3238.23 | 3249.85 | 3211.35 | 4755318 | 580791400000 | 1 |
| 2025-04-10 | 3227.84 | 3223.64 | 3239.94 | 3201.57 | 5912083 | 682356540000 | 1.24 |
| 2025-04-09 | 3110.01 | 3186.81 | 3186.81 | 3070.08 | 6847972 | 755430250000 | 1.44 |
| 2025-04-08 | 3094.26 | 3145.55 | 3145.55 | 3085.12 | 6622424 | 730166160000 | 1.39 |
| 2025-04-07 | 3193.1 | 3096.58 | 3217.78 | 3040.69 | 6621996 | 735367330000 | 1.40 |
| 2025-04-03 | 3319.61 | 3342.01 | 3358.43 | 3319.61 | 4005178 | 486510410000 | 0.84 |
| 2025-04-02 | 3344.17 | 3350.13 | 3361.13 | 3343.12 | 3501274 | 411666040000 | 0.73 |
| 2025-04-01 | 3340.71 | 3348.44 | 3357.62 | 3338.78 | 4225887 | 499415670000 | 0.89 |
| 2025-03-31 | 3343.34 | 3335.75 | 3361.74 | 3317.74 | 4725720 | 531475780000 | 0.99 |
| 2025-03-28 | 3372.04 | 3351.31 | 3375.05 | 3346.08 | 4122843 | 468807620000 | 0.87 |
| 2025-03-27 | 3362.71 | 3373.75 | 3394.03 | 3351.17 | 4147763 | 496457110000 | 0.86 |
| 2025-03-26 | 3365.67 | 3368.7 | 3382.34 | 3365.67 | 4285338 | 485185600000 | 0.90 |
| 2025-03-25 | 3370 | 3369.98 | 3379.99 | 3361.05 | 4563574 | 516435660000 | 0.96 |
| 2025-03-24 | 3364.83 | 3370.03 | 3373.69 | 3340.24 | 5133103 | 586745470000 | 1.08 |
| 2025-03-21 | 3401.76 | 3364.83 | 3414.71 | 3355.84 | 5208626 | 623164010000 | 1.09 |
| 2025-03-20 | 3425.22 | 3408.95 | 3427.05 | 3404.66 | 4516307 | 565607600000 | 0.94 |
| 2025-03-19 | 3424.17 | 3426.43 | 3439.05 | 3414.59 | 4403163 | 559970210000 | 0.92 |
| 2025-03-18 | 3434.57 | 3429.76 | 3437.07 | 3423.3 | 4549161 | 586338210000 | 0.95 |
| 2025-03-17 | 3430.81 | 3426.13 | 3436.35 | 3422.46 | 5156851 | 639349980000 | 1.08 |
| 2025-03-14 | 3361.69 | 3419.56 | 3421.23 | 3360.61 | 5826634 | 750041650000 | 1.23 |
| 2025-03-13 | 3371.09 | 3358.73 | 3377.12 | 3341.12 | 5190135 | 636211620000 | 1.09 |
| 2025-03-12 | 3385.69 | 3371.92 | 3392.41 | 3370.22 | 5021951 | 648501630000 | 1.05 |
| 2025-03-11 | 3335.44 | 3379.83 | 3379.83 | 3334.83 | 4484683 | 592285780000 | 0.94 |
| 2025-03-10 | 3373.26 | 3366.16 | 3375.8 | 3347.19 | 4503808 | 595026430000 | 0.95 |
| 2025-03-07 | 3373.18 | 3372.55 | 3390.94 | 3363.93 | 5176636 | 687879050000 | 1.09 |
| 2025-03-06 | 3353.57 | 3381.1 | 3387.05 | 3348.68 | 5399927 | 736438110000 | 1.14 |
| 2025-03-05 | 3324.7 | 3341.96 | 3342.71 | 3314.15 | 4609527 | 587767600000 | 0.97 |
| 2025-03-04 | 3300.5 | 3324.21 | 3327.82 | 3297.53 | 4299961 | 568728430000 | 0.91 |
| 2025-03-03 | 3328.4 | 3316.93 | 3349.02 | 3304.59 | 5024179 | 643980680000 | 1.06 |
| 2025-02-28 | 3374.66 | 3320.9 | 3383.19 | 3318.72 | 5683195 | 758054890000 | 1.19 |
| 2025-02-27 | 3378.45 | 3388.06 | 3388.78 | 3353.57 | 5758150 | 774059980000 | 1.21 |
| 2025-02-26 | 3351.21 | 3380.21 | 3380.21 | 3351.21 | 5539920 | 747887360000 | 1.16 |
| 2025-02-25 | 3345.65 | 3346.04 | 3369.56 | 3337.84 | 5275786 | 727509770000 | 1.11 |
| 2025-02-24 | 3374.08 | 3373.03 | 3384.81 | 3355.87 | 5981882 | 802847050000 | 1.26 |
| 2025-02-21 | 3356.69 | 3379.11 | 3381.06 | 3339.03 | 6081902 | 855656950000 | 1.28 |
| 2025-02-20 | 3347.59 | 3350.78 | 3355.56 | 3338.03 | 5043571 | 670099050000 | 1.06 |
| 2025-02-19 | 3320.78 | 3351.54 | 3352.09 | 3320.58 | 5029130 | 675146370000 | 1.07 |
| 2025-02-18 | 3348.98 | 3324.49 | 3366.01 | 3314.3 | 5626792 | 696798780000 | 1.20 |
| 2025-02-17 | 3355.42 | 3355.83 | 3357.12 | 3333.19 | 5895466 | 750113050000 | 1.25 |
| 2025-02-14 | 3328.48 | 3346.72 | 3349.08 | 3322.53 | 5323330 | 667555380000 | 1.13 |
| 2025-02-13 | 3343.23 | 3332.48 | 3359.18 | 3332.48 | 5686312 | 705799790000 | 1.21 |
| 2025-02-12 | 3312.26 | 3346.39 | 3346.39 | 3310.39 | 5134378 | 647387580000 | 1.09 |
| 2025-02-11 | 3323.67 | 3318.06 | 3324.17 | 3304.44 | 5119435 | 632166670000 | 1.09 |
| 2025-02-10 | 3308.04 | 3322.17 | 3325.36 | 3299.24 | 5465897 | 677038160000 | 1.16 |
| 2025-02-07 | 3269.23 | 3303.67 | 3324.43 | 3262.51 | 6005585 | 757613810000 | 1.27 |
| 2025-02-06 | 3226.58 | 3270.66 | 3271.43 | 3225.85 | 4608427 | 590421700000 | 0.98 |
| 2025-02-05 | 3270.16 | 3229.49 | 3271.02 | 3220.28 | 4063882 | 521103030000 | 0.86 |
| 2025-01-27 | 3256.61 | 3250.6 | 3274.39 | 3250.6 | 3874676 | 450231540000 | 0.82 |
| 2025-01-24 | 3222.88 | 3252.63 | 3260.01 | 3221.71 | 3986530 | 480685060000 | 0.85 |
| 2025-01-23 | 3237.6 | 3230.16 | 3273.52 | 3229.57 | 4582468 | 539800590000 | 0.98 |
| 2025-01-22 | 3235.49 | 3213.62 | 3235.5 | 3203.38 | 3648175 | 452312870000 | 0.78 |
| 2025-01-21 | 3256.83 | 3242.62 | 3258.61 | 3229.07 | 3845837 | 468263380000 | 0.82 |
| 2025-01-20 | 3256.15 | 3244.38 | 3268.26 | 3238.12 | 4033379 | 469741030000 | 0.86 |
| 2025-01-17 | 3226.76 | 3241.82 | 3256.51 | 3219.77 | 3835993 | 456553130000 | 0.82 |
| 2025-01-16 | 3239.03 | 3236.03 | 3265.28 | 3217.1 | 4306555 | 499055440000 | 0.92 |
| 2025-01-15 | 3234.72 | 3227.12 | 3245.9 | 3222.24 | 4047232 | 466216170000 | 0.86 |
| 2025-01-14 | 3165.16 | 3240.94 | 3245.22 | 3159.43 | 4692127 | 538983840000 | 1 |
| 2025-01-13 | 3148.83 | 3160.76 | 3172.7 | 3140.98 | 3727420 | 411773990000 | 0.80 |
| 2025-01-10 | 3211.71 | 3168.52 | 3220.11 | 3168.52 | 4036633 | 465939370000 | 0.86 |
| 2025-01-09 | 3220.72 | 3211.39 | 3228.97 | 3205.91 | 3829436 | 434445510000 | 0.82 |
| 2025-01-08 | 3218.86 | 3230.17 | 3246.29 | 3175.72 | 4728644 | 508148440000 | 1.01 |
| 2025-01-07 | 3203.31 | 3229.64 | 3230.85 | 3190.46 | 4096605 | 436388390000 | 0.87 |
| 2025-01-06 | 3209.78 | 3206.92 | 3219.49 | 3185.46 | 4309784 | 444188210000 | 0.92 |
| 2025-01-03 | 3267.08 | 3211.43 | 3273.57 | 3205.78 | 5175920 | 523159750000 | 1.10 |
| 2025-01-02 | 3347.94 | 3262.56 | 3351.72 | 3242.09 | 5613752 | 603340530000 | 1.20 |
| 2024-12-31 | 3406.97 | 3351.76 | 3413.45 | 3351.76 | 5027311 | 562584240000 | 1.08 |
| 2024-12-30 | 3395.4 | 3407.33 | 3412.84 | 3394.96 | 4552624 | 522245330000 | 0.97 |
| 2024-12-27 | 3397.29 | 3400.14 | 3418.95 | 3388.32 | 5004881 | 586090440000 | 1.07 |
| 2024-12-26 | 3389.34 | 3398.08 | 3401.1 | 3380.26 | 4221773 | 518937020000 | 0.90 |
| 2024-12-25 | 3395.11 | 3393.35 | 3406.21 | 3374.01 | 4713156 | 522168240000 | 1.01 |
| 2024-12-24 | 3353.54 | 3393.53 | 3394.9 | 3352.95 | 4719927 | 530758040000 | 1.01 |
| 2024-12-23 | 3367.9 | 3351.26 | 3384.99 | 3348.28 | 5567472 | 623117790000 | 1.19 |
| 2024-12-20 | 3364.48 | 3368.07 | 3390.62 | 3362.82 | 4909646 | 596821940000 | 1.05 |
| 2024-12-19 | 3355.9 | 3370.03 | 3377.53 | 3346.47 | 5139091 | 559130980000 | 1.10 |
| 2024-12-18 | 3371.3 | 3382.21 | 3396.46 | 3371.3 | 5125250 | 539790680000 | 1.10 |
| 2024-12-17 | 3381.81 | 3361.49 | 3396.21 | 3357.77 | 5689415 | 584789340000 | 1.22 |
| 2024-12-16 | 3390.08 | 3386.33 | 3401.93 | 3376.54 | 6255790 | 675237490000 | 1.34 |
| 2024-12-13 | 3442.93 | 3391.88 | 3442.93 | 3390.75 | 7774641 | 850714860000 | 1.67 |
| 2024-12-12 | 3432.28 | 3461.5 | 3464.12 | 3425.98 | 7000967 | 734168980000 | 1.50 |
| 2024-12-11 | 3416.09 | 3432.49 | 3437.81 | 3416.09 | 6815446 | 692929620000 | 1.46 |
| 2024-12-10 | 3490.29 | 3422.66 | 3494.87 | 3417.77 | 7946680 | 860483990000 | 1.70 |
| 2024-12-09 | 3402.63 | 3402.53 | 3426.65 | 3385.96 | 6949052 | 649443190000 | 1.48 |
| 2024-12-06 | 3370.94 | 3404.08 | 3418.26 | 3364.21 | 6981866 | 685981060000 | 1.49 |
| 2024-12-05 | 3353.06 | 3368.86 | 3377.06 | 3353.06 | 5438857 | 565551130000 | 1.16 |
| 2024-12-04 | 3376.57 | 3364.65 | 3388.02 | 3352.94 | 6210289 | 653467550000 | 1.33 |
| 2024-12-03 | 3366.29 | 3378.81 | 3386.62 | 3348.37 | 6630301 | 683982590000 | 1.42 |
| 2024-12-02 | 3328.48 | 3363.98 | 3369.3 | 3323.01 | 6684778 | 709509520000 | 1.43 |
| 2024-11-29 | 3295.21 | 3326.46 | 3357.5 | 3293.69 | 5802271 | 663851510000 | 1.24 |
| 2024-11-28 | 3308.28 | 3295.7 | 3319.26 | 3290.36 | 5119530 | 558164130000 | 1.09 |
| 2024-11-27 | 3250.59 | 3309.78 | 3309.88 | 3227.36 | 5112023 | 571617600000 | 1.09 |
| 2024-11-26 | 3256.86 | 3259.76 | 3285.33 | 3252.87 | 4722193 | 509490600000 | 1.01 |
| 2024-11-25 | 3274.88 | 3263.76 | 3285.46 | 3232.92 | 5388974 | 596502090000 | 1.15 |
| 2024-11-22 | 3368.04 | 3267.19 | 3372 | 3267.19 | 6306878 | 707626460000 | 1.35 |
| 2024-11-21 | 3362.94 | 3370.4 | 3378.52 | 3348.86 | 5303318 | 614517430000 | 1.13 |
| 2024-11-20 | 3337.68 | 3367.99 | 3375.25 | 3333 | 5661543 | 627858320000 | 1.21 |
| 2024-11-19 | 3324.88 | 3346.01 | 3346.76 | 3284.13 | 6250242 | 651575380000 | 1.34 |
| 2024-11-18 | 3344.69 | 3323.85 | 3386.9 | 3309.01 | 7439507 | 755809640000 | 1.60 |
| 2024-11-15 | 3369.81 | 3330.73 | 3391.32 | 3330.73 | 6302856 | 745937120000 | 1.35 |
| 2024-11-14 | 3429.51 | 3379.84 | 3441.77 | 3376.15 | 6315567 | 762884200000 | 1.35 |
| 2024-11-13 | 3406.92 | 3439.28 | 3442.3 | 3404.53 | 6736623 | 829435320000 | 1.43 |
| 2024-11-12 | 3469.89 | 3421.97 | 3489.42 | 3402.04 | 8179265 | 1039600860000 | 1.74 |
| 2024-11-11 | 3432.37 | 3470.07 | 3471.12 | 3416.73 | 8180254 | 1024334900000 | 1.75 |
| 2024-11-08 | 3502.13 | 3452.3 | 3509.82 | 3443.19 | 9640346 | 1107932300000 | 2.06 |
| 2024-11-07 | 3359.99 | 3470.66 | 3470.66 | 3356.26 | 9595567 | 1048841310000 | 2.05 |
| 2024-11-06 | 3395.22 | 3383.81 | 3421 | 3367.08 | 8958559 | 1026807640000 | 1.92 |
| 2024-11-05 | 3306.81 | 3386.99 | 3386.99 | 3302.05 | 8211249 | 929931430000 | 1.76 |
| 2024-11-04 | 3275.68 | 3310.21 | 3310.21 | 3263.84 | 6650775 | 692341760000 | 1.43 |
| 2024-11-01 | 3275.58 | 3272.01 | 3305.32 | 3258.73 | 8520553 | 878112790000 | 1.83 |
| 2024-10-31 | 3267.98 | 3279.82 | 3295.74 | 3252.39 | 7846491 | 864970970000 | 1.68 |
| 2024-10-30 | 3273.64 | 3266.24 | 3291.68 | 3244.81 | 6690181 | 730619790000 | 1.43 |
| 2024-10-29 | 3328.09 | 3286.41 | 3340.46 | 3284.21 | 7253262 | 806573820000 | 1.55 |
| 2024-10-28 | 3300.46 | 3322.2 | 3322.2 | 3279.72 | 6723731 | 717510220000 | 1.43 |
| 2024-10-25 | 3280.76 | 3299.7 | 3319.36 | 3276.13 | 5956517 | 677255320000 | 1.27 |
| 2024-10-24 | 3287.82 | 3280.26 | 3292.94 | 3266.88 | 5198271 | 585248950000 | 1.11 |
| 2024-10-23 | 3285.25 | 3302.8 | 3331.08 | 3277.07 | 6504441 | 760066420000 | 1.39 |
| 2024-10-22 | 3263.82 | 3285.87 | 3294.96 | 3255.14 | 5749138 | 698861460000 | 1.23 |
| 2024-10-21 | 3276.06 | 3268.11 | 3300.66 | 3239.1 | 6681503 | 855781450000 | 1.43 |
| 2024-10-18 | 3165.97 | 3261.56 | 3313.98 | 3152.82 | 6930146 | 827948920000 | 1.49 |
| 2024-10-17 | 3220.73 | 3169.38 | 3241.57 | 3169.38 | 5286118 | 557347350000 | 1.13 |
| 2024-10-16 | 3169.17 | 3202.95 | 3236.85 | 3167.74 | 5158140 | 533062410000 | 1.11 |
| 2024-10-15 | 3265.75 | 3201.29 | 3285.21 | 3201.29 | 5660546 | 619091470000 | 1.21 |
| 2024-10-14 | 3241.43 | 3284.32 | 3294.62 | 3203.9 | 6314669 | 701499240000 | 1.35 |
| 2024-10-11 | 3287.87 | 3217.74 | 3297.75 | 3187.99 | 6060274 | 664332790000 | 1.30 |
| 2024-10-10 | 3277.69 | 3301.93 | 3379.81 | 3228.12 | 8345003 | 947788510000 | 1.79 |
| 2024-10-09 | 3427.22 | 3258.86 | 3437.16 | 3249.16 | 9927573 | 1264311450000 | 2.13 |
| 2024-10-08 | 3674.4 | 3489.78 | 3674.4 | 3372.19 | 13134602 | 1510513250000 | 2.81 |
| 2024-09-30 | 3194.72 | 3336.5 | 3358.59 | 3153.7 | 11023379 | 1167772550000 | 2.35 |
| 2024-09-27 | 3049.1 | 3087.53 | 3087.53 | 3017.45 | 4922872 | 480612560000 | 1.06 |
| 2024-09-26 | 2893.75 | 3000.95 | 3000.95 | 2889.01 | 5763193 | 524669070000 | 1.24 |
| 2024-09-25 | 2901.42 | 2896.31 | 2952.45 | 2889.05 | 5682598 | 516698090000 | 1.22 |
| 2024-09-24 | 2770.75 | 2863.13 | 2863.15 | 2761.37 | 4776195 | 442795300000 | 1.03 |
| 2024-09-23 | 2735.39 | 2748.92 | 2760.48 | 2731.36 | 2576422 | 235214510000 | 0.55 |
| 2024-09-20 | 2734.23 | 2736.81 | 2741.16 | 2717.95 | 2856446 | 255433330000 | 0.61 |
| 2024-09-19 | 2723.21 | 2736.02 | 2747.74 | 2697.78 | 3152084 | 280536050000 | 0.67 |
| 2024-09-18 | 2705.35 | 2717.28 | 2724.11 | 2689.7 | 2478171 | 213090590000 | 0.53 |
| 2024-09-13 | 2718.99 | 2704.09 | 2728.78 | 2703.37 | 2512700 | 227818800000 | 0.54 |
| 2024-09-12 | 2722.14 | 2717.12 | 2734.68 | 2716.56 | 2400843 | 218571100000 | 0.51 |
| 2024-09-11 | 2732.73 | 2721.8 | 2732.73 | 2710.62 | 2422649 | 219755950000 | 0.52 |
| 2024-09-10 | 2737.88 | 2744.19 | 2750.12 | 2718.63 | 2621590 | 226408490000 | 0.56 |
| 2024-09-09 | 2754.72 | 2736.49 | 2756.56 | 2726.97 | 2614688 | 236605850000 | 0.55 |
| 2024-09-06 | 2791.76 | 2765.81 | 2804.09 | 2765.64 | 2536454 | 228570140000 | 0.54 |
| 2024-09-05 | 2785.26 | 2788.31 | 2796.02 | 2777.47 | 2420409 | 227514510000 | 0.52 |
| 2024-09-04 | 2786.5 | 2784.28 | 2800.61 | 2781.94 | 2574535 | 234711700000 | 0.55 |
| 2024-09-03 | 2809.17 | 2802.98 | 2814.9 | 2794.91 | 2757361 | 252782480000 | 0.59 |
| 2024-09-02 | 2832.35 | 2811.04 | 2839.28 | 2810.37 | 3407142 | 314813040000 | 0.73 |
| 2024-08-30 | 2819.65 | 2842.21 | 2867.96 | 2817.01 | 3975170 | 384092890000 | 0.85 |
| 2024-08-29 | 2829.45 | 2823.11 | 2831.43 | 2815.38 | 2775105 | 257644230000 | 0.59 |
| 2024-08-28 | 2844.33 | 2837.43 | 2852.56 | 2830.96 | 2287306 | 213862370000 | 0.49 |
| 2024-08-27 | 2850.88 | 2848.73 | 2853.78 | 2843.16 | 2306930 | 215686330000 | 0.49 |
| 2024-08-26 | 2855.47 | 2855.52 | 2860.65 | 2844.38 | 2273515 | 216806650000 | 0.49 |
| 2024-08-23 | 2844.77 | 2854.37 | 2860.73 | 2839.34 | 2266926 | 214581900000 | 0.48 |
| 2024-08-22 | 2856.2 | 2848.77 | 2861.61 | 2845.5 | 2453994 | 230124080000 | 0.52 |
| 2024-08-21 | 2858.94 | 2856.58 | 2863.89 | 2848.15 | 2292000 | 209909190000 | 0.49 |
| 2024-08-20 | 2895.55 | 2866.66 | 2896.52 | 2855.33 | 2636580 | 237307800000 | 0.56 |
| 2024-08-19 | 2877.95 | 2893.67 | 2905.15 | 2877.77 | 2616877 | 242994890000 | 0.56 |
| 2024-08-16 | 2877.94 | 2879.43 | 2888.68 | 2873.06 | 2636534 | 243608270000 | 0.57 |
| 2024-08-15 | 2844.2 | 2877.36 | 2889.09 | 2839.39 | 2719000 | 254987120000 | 0.58 |
| 2024-08-14 | 2866.24 | 2850.65 | 2866.24 | 2850.4 | 2178852 | 207457550000 | 0.46 |
| 2024-08-13 | 2860.41 | 2867.95 | 2867.95 | 2845.31 | 2316746 | 210908510000 | 0.50 |
| 2024-08-12 | 2858.89 | 2858.2 | 2869.27 | 2851.3 | 2442414 | 217626680000 | 0.52 |
| 2024-08-09 | 2879.87 | 2862.19 | 2887.85 | 2862.19 | 2842539 | 252884030000 | 0.61 |
| 2024-08-08 | 2864.76 | 2869.9 | 2886.4 | 2850.87 | 2891286 | 271107920000 | 0.62 |
| 2024-08-07 | 2864.01 | 2869.83 | 2886.94 | 2857.72 | 2630972 | 263793650000 | 0.56 |
| 2024-08-06 | 2878.65 | 2867.28 | 2888.2 | 2845.34 | 2973008 | 295835560000 | 0.64 |
| 2024-08-05 | 2889.36 | 2860.7 | 2919.03 | 2860.7 | 3555406 | 356863000000 | 0.76 |
| 2024-08-02 | 2913.02 | 2905.34 | 2931.26 | 2902.72 | 3122050 | 314917990000 | 0.67 |
| 2024-08-01 | 2940.12 | 2932.39 | 2947.88 | 2928.83 | 3466211 | 352586120000 | 0.74 |
| 2024-07-31 | 2877.54 | 2938.75 | 2940.59 | 2876.3 | 4127234 | 418871720000 | 0.89 |
| 2024-07-30 | 2885.22 | 2879.3 | 2885.22 | 2865.15 | 2624788 | 269477480000 | 0.56 |
| 2024-07-29 | 2889.47 | 2891.85 | 2898.95 | 2878.58 | 2568997 | 260094900000 | 0.55 |
| 2024-07-26 | 2886 | 2890.9 | 2899.12 | 2875.4 | 2783875 | 275443430000 | 0.60 |
| 2024-07-25 | 2891.89 | 2886.74 | 2897.77 | 2872.85 | 2746395 | 273281620000 | 0.59 |
| 2024-07-24 | 2909.15 | 2901.95 | 2922.03 | 2894.29 | 3061189 | 288660360000 | 0.65 |
| 2024-07-23 | 2960.5 | 2915.37 | 2960.5 | 2915.37 | 2962960 | 307194050000 | 0.63 |
| 2024-07-22 | 2978.19 | 2964.22 | 2978.6 | 2946.56 | 2787496 | 316415460000 | 0.59 |
| 2024-07-19 | 2963.51 | 2982.31 | 2986.24 | 2955.12 | 2809324 | 319112460000 | 0.60 |
| 2024-07-18 | 2951.14 | 2977.13 | 2978.09 | 2937.9 | 2780227 | 301283750000 | 0.59 |
| 2024-07-17 | 2970.81 | 2962.85 | 2972.79 | 2957.95 | 2823080 | 305469110000 | 0.61 |
| 2024-07-16 | 2963.9 | 2976.3 | 2977.36 | 2959.67 | 2607836 | 279121370000 | 0.56 |
| 2024-07-15 | 2963.85 | 2974.01 | 2977.31 | 2959.13 | 2689926 | 268733340000 | 0.57 |
| 2024-07-12 | 2965.61 | 2971.3 | 2977.14 | 2963.3 | 3037130 | 302581580000 | 0.65 |
| 2024-07-11 | 2957.25 | 2970.39 | 2971.36 | 2947.4 | 3283724 | 337653180000 | 0.70 |
| 2024-07-10 | 2949.03 | 2939.36 | 2958.86 | 2935.33 | 3015495 | 306035260000 | 0.64 |
| 2024-07-09 | 2919.57 | 2959.37 | 2963.78 | 2904.04 | 3150620 | 320361090000 | 0.67 |
| 2024-07-08 | 2939.84 | 2922.45 | 2947.61 | 2917.23 | 2775334 | 270872020000 | 0.59 |
| 2024-07-05 | 2954.37 | 2949.93 | 2957.11 | 2920.2 | 2723246 | 271508930000 | 0.56 |
| 2024-07-04 | 2984.83 | 2957.57 | 2995.57 | 2955.29 | 2742688 | 259006710000 | 0.59 |
| 2024-07-03 | 2995.66 | 2982.38 | 2998.54 | 2978.07 | 2462846 | 257840300000 | 0.53 |
| 2024-07-02 | 2992.86 | 2997.01 | 3004.99 | 2989.47 | 2813647 | 282559370000 | 0.61 |
| 2024-07-01 | 2965.25 | 2994.73 | 2996.41 | 2961.86 | 2977822 | 294321890000 | 0.64 |
| 2024-06-28 | 2940.3 | 2967.4 | 2985.47 | 2939.98 | 3152014 | 313347000000 | 0.67 |
| 2024-06-27 | 2962.7 | 2945.85 | 2963.06 | 2944.9 | 2705485 | 266670980000 | 0.58 |
| 2024-06-26 | 2943.45 | 2972.53 | 2976.67 | 2933.33 | 2823884 | 276215180000 | 0.60 |
| 2024-06-25 | 2962.77 | 2950 | 2971.65 | 2935.54 | 2732099 | 296569300000 | 0.59 |
| 2024-06-24 | 2982.83 | 2963.1 | 2990.64 | 2960.13 | 2986539 | 318595820000 | 0.64 |
| 2024-06-21 | 2998.24 | 2998.14 | 3011.91 | 2985.93 | 2550013 | 280275380000 | 0.54 |
| 2024-06-20 | 3015.72 | 3005.44 | 3028.51 | 3001.77 | 2955159 | 324101270000 | 0.62 |
| 2024-06-19 | 3029.1 | 3018.05 | 3030.23 | 3015.33 | 2612962 | 300290290000 | 0.55 |
| 2024-06-18 | 3015.07 | 3030.25 | 3031.98 | 3012.52 | 2736260 | 317320000000 | 0.58 |
| 2024-06-17 | 3017.72 | 3015.89 | 3026.62 | 3012.05 | 2957634 | 338146880000 | 0.63 |
| 2024-06-14 | 3020.96 | 3032.63 | 3037.9 | 3011.58 | 3487468 | 396194700000 | 0.75 |
| 2024-06-13 | 3038.09 | 3028.92 | 3040.4 | 3022.82 | 2978625 | 336871040000 | 0.64 |
| 2024-06-12 | 3025.3 | 3037.47 | 3042.04 | 3021.31 | 2794521 | 312058600000 | 0.60 |
| 2024-06-11 | 3042.13 | 3028.05 | 3043.2 | 3013.86 | 3104819 | 332683380000 | 0.67 |
| 2024-06-07 | 3053.92 | 3051.28 | 3065.02 | 3031.04 | 3163425 | 318911100000 | 0.68 |
| 2024-06-06 | 3069.44 | 3048.79 | 3077.67 | 3040.83 | 3698671 | 371317020000 | 0.80 |
| 2024-06-05 | 3086.05 | 3065.4 | 3092.35 | 3064.74 | 2905423 | 299722760000 | 0.62 |
| 2024-06-04 | 3071.32 | 3091.2 | 3095.32 | 3063.59 | 3092876 | 325589690000 | 0.67 |
| 2024-06-03 | 3085.98 | 3078.49 | 3097.2 | 3061.28 | 3575634 | 367608350000 | 0.78 |
| 2024-05-31 | 3094.76 | 3086.81 | 3107.6 | 3086.81 | 2760728 | 301121880000 | 0.60 |
| 2024-05-30 | 3103.71 | 3091.68 | 3121.22 | 3085.38 | 3023808 | 318475180000 | 0.66 |
| 2024-05-29 | 3108.03 | 3111.02 | 3128.14 | 3100.98 | 2899703 | 297512180000 | 0.63 |
| 2024-05-28 | 3122.39 | 3109.57 | 3130.31 | 3106.36 | 3100670 | 320985410000 | 0.67 |
| 2024-05-27 | 3094.14 | 3124.04 | 3125.51 | 3091.99 | 3193968 | 345383770000 | 0.69 |
| 2024-05-24 | 3110.75 | 3088.87 | 3130.42 | 3087.79 | 3065323 | 322748610000 | 0.66 |
| 2024-05-23 | 3149.88 | 3116.39 | 3150.63 | 3110.28 | 3539437 | 356689460000 | 0.76 |
| 2024-05-22 | 3157.19 | 3158.54 | 3166.92 | 3152.46 | 3540981 | 364137830000 | 0.77 |
| 2024-05-21 | 3164.68 | 3157.97 | 3165.22 | 3148.34 | 3357836 | 346584200000 | 0.73 |
| 2024-05-20 | 3156.15 | 3171.15 | 3174.27 | 3155.99 | 4268673 | 448816920000 | 0.93 |
| 2024-05-17 | 3121.71 | 3154.03 | 3154.03 | 3116.78 | 3839152 | 389572550000 | 0.83 |
| 2024-05-16 | 3127.18 | 3122.4 | 3137.88 | 3116.16 | 3674174 | 377502920000 | 0.80 |
| 2024-05-15 | 3141.25 | 3119.9 | 3142.97 | 3117.93 | 3210280 | 333005620000 | 0.69 |
| 2024-05-14 | 3148.85 | 3145.77 | 3155.81 | 3137.61 | 3435262 | 370069670000 | 0.74 |
| 2024-05-13 | 3139.48 | 3148.02 | 3157.37 | 3126.17 | 3970306 | 425963090000 | 0.86 |
| 2024-05-10 | 3158.59 | 3154.55 | 3163.14 | 3137.15 | 3842875 | 406707820000 | 0.84 |
| 2024-05-09 | 3128.16 | 3154.32 | 3158.46 | 3128.16 | 3608815 | 398979070000 | 0.79 |
| 2024-05-08 | 3141.49 | 3128.48 | 3144.99 | 3126.17 | 3340003 | 367220120000 | 0.73 |
| 2024-05-07 | 3139.66 | 3147.74 | 3151.22 | 3133.69 | 3791026 | 426951670000 | 0.83 |
| 2024-05-06 | 3132.51 | 3140.72 | 3142.38 | 3126.77 | 4506569 | 511256140000 | 0.98 |
| 2024-04-30 | 3110.16 | 3104.82 | 3123.29 | 3104.29 | 4402132 | 473803230000 | 0.96 |
| 2024-04-29 | 3086.68 | 3113.04 | 3119.69 | 3080.59 | 5069254 | 554918810000 | 1.11 |
| 2024-04-26 | 3054.98 | 3088.64 | 3092.43 | 3054.98 | 4393826 | 484160090000 | 0.96 |
| 2024-04-25 | 3037.93 | 3052.9 | 3060.26 | 3034.65 | 2922801 | 315797660000 | 0.63 |
| 2024-04-24 | 3029.4 | 3044.82 | 3045.64 | 3019.12 | 3052641 | 335157360000 | 0.66 |
| 2024-04-23 | 3038.61 | 3021.98 | 3044.94 | 3016.52 | 3255951 | 348651770000 | 0.71 |
| 2024-04-22 | 3059.06 | 3044.6 | 3078.42 | 3042.54 | 3572164 | 382192260000 | 0.78 |
| 2024-04-19 | 3060.3 | 3065.26 | 3080.32 | 3055.06 | 3755439 | 396614940000 | 0.82 |
| 2024-04-18 | 3060.03 | 3074.22 | 3102.55 | 3057.76 | 4163213 | 441432080000 | 0.91 |
| 2024-04-17 | 3008.06 | 3071.38 | 3071.38 | 3002.06 | 4133584 | 416254660000 | 0.90 |
| 2024-04-16 | 3043.55 | 3007.07 | 3052.43 | 3005.34 | 4480705 | 435170810000 | 0.98 |
| 2024-04-15 | 3013.67 | 3057.38 | 3066.94 | 2995.54 | 4612392 | 459849040000 | 1.00 |
| 2024-04-12 | 3035.58 | 3019.47 | 3043.56 | 3014.83 | 3342298 | 363119190000 | 0.73 |
| 2024-04-11 | 3013.57 | 3034.25 | 3050.34 | 3009.9 | 3408944 | 364147840000 | 0.74 |
| 2024-04-10 | 3045.96 | 3027.33 | 3049.61 | 3013.59 | 3489917 | 364717830000 | 0.76 |
| 2024-04-09 | 3044.61 | 3048.54 | 3051.59 | 3033.21 | 3334900 | 347834660000 | 0.73 |
| 2024-04-08 | 3057.33 | 3047.05 | 3077.35 | 3045.47 | 4029367 | 421808400000 | 0.88 |
| 2024-04-03 | 3074.89 | 3069.3 | 3079.02 | 3057.4 | 3632114 | 392704390000 | 0.79 |
| 2024-04-02 | 3076.88 | 3074.96 | 3085.54 | 3063.98 | 3673043 | 396705810000 | 0.80 |
| 2024-04-01 | 3049.02 | 3077.38 | 3078.49 | 3049.02 | 3753936 | 420902010000 | 0.82 |
| 2024-03-29 | 3008.38 | 3041.17 | 3041.3 | 3008.17 | 3348228 | 364571210000 | 0.73 |
| 2024-03-28 | 2988.59 | 3010.66 | 3033.37 | 2984.12 | 3532000 | 392929090000 | 0.77 |
| 2024-03-27 | 3026.81 | 2993.14 | 3030.45 | 2993.14 | 3431980 | 376242900000 | 0.74 |
| 2024-03-26 | 3026.92 | 3031.48 | 3036.49 | 3006.26 | 3459288 | 396410720000 | 0.75 |
| 2024-03-25 | 3040.5 | 3026.31 | 3065.26 | 3026.31 | 3874854 | 443472340000 | 0.84 |
| 2024-03-22 | 3070.55 | 3048.03 | 3073.21 | 3027.76 | 3947405 | 456762470000 | 0.86 |
| 2024-03-21 | 3084.41 | 3077.11 | 3090.05 | 3069.27 | 3668780 | 437634620000 | 0.79 |
| 2024-03-20 | 3058.65 | 3079.69 | 3081.75 | 3056.65 | 3491877 | 407432570000 | 0.76 |
| 2024-03-19 | 3077.98 | 3062.76 | 3090.05 | 3062.63 | 3841237 | 446930660000 | 0.83 |
| 2024-03-18 | 3057.21 | 3084.93 | 3085.31 | 3055.92 | 4066535 | 485520640000 | 0.89 |
| 2024-03-15 | 3031.52 | 3054.64 | 3056.45 | 3023.22 | 3602685 | 405917700000 | 0.79 |
| 2024-03-14 | 3042.41 | 3038.23 | 3060 | 3020.64 | 3640723 | 436338840000 | 0.79 |
| 2024-03-13 | 3053.34 | 3043.83 | 3061.95 | 3031.9 | 3650475 | 442453950000 | 0.80 |
| 2024-03-12 | 3068.18 | 3055.94 | 3075.13 | 3044.86 | 4157439 | 494558500000 | 0.91 |
| 2024-03-11 | 3042.62 | 3068.46 | 3068.46 | 3035.45 | 3616088 | 427851360000 | 0.79 |
| 2024-03-08 | 3026.17 | 3046.02 | 3049.19 | 3016.9 | 3192044 | 370647470000 | 0.69 |
| 2024-03-07 | 3040.21 | 3027.4 | 3063.69 | 3023.12 | 3771544 | 423391260000 | 0.82 |
| 2024-03-06 | 3041.75 | 3039.93 | 3060.56 | 3034.35 | 3409827 | 401334640000 | 0.74 |
| 2024-03-05 | 3027.1 | 3047.79 | 3052.54 | 3022.18 | 3835100 | 458900480000 | 0.84 |
| 2024-03-04 | 3026.61 | 3039.31 | 3040.34 | 3007.68 | 3877600 | 461727520000 | 0.84 |
| 2024-03-01 | 3013.82 | 3027.02 | 3032.23 | 3003.76 | 3791322 | 442984250000 | 0.83 |
| 2024-02-29 | 2943.62 | 3015.17 | 3015.17 | 2943.62 | 4096964 | 452808750000 | 0.89 |
| 2024-02-28 | 3016.26 | 2957.85 | 3031.49 | 2957.85 | 5441091 | 576555220000 | 1.18 |
| 2024-02-27 | 2966.42 | 3015.48 | 3015.48 | 2961.15 | 3729847 | 412614980000 | 0.81 |
| 2024-02-26 | 3002.12 | 2977.02 | 3009.48 | 2967.06 | 4090266 | 427564900000 | 0.88 |
| 2024-02-23 | 2992.91 | 3004.88 | 3009.14 | 2979.97 | 3800833 | 398232220000 | 0.82 |
| 2024-02-22 | 2945.45 | 2988.36 | 2988.36 | 2944.5 | 3541325 | 365264220000 | 0.77 |
| 2024-02-21 | 2906.02 | 2950.96 | 2994.61 | 2898.05 | 4442455 | 450922050000 | 0.97 |
| 2024-02-20 | 2902.88 | 2922.73 | 2927.31 | 2887.47 | 3501387 | 357057490000 | 0.76 |
| 2024-02-19 | 2886.59 | 2910.54 | 2910.54 | 2867.71 | 4589677 | 442148450000 | 1.00 |
| 2024-02-08 | 2832.49 | 2865.9 | 2867.47 | 2827.9 | 5311089 | 482939730000 | 1.16 |
| 2024-02-07 | 2791.51 | 2829.7 | 2829.7 | 2770.53 | 5471174 | 495919880000 | 1.20 |
| 2024-02-06 | 2680.48 | 2789.49 | 2802.93 | 2669.67 | 5028493 | 441215050000 | 1.10 |
| 2024-02-05 | 2716.08 | 2702.19 | 2739.74 | 2635.09 | 4789903 | 424877420000 | 1.05 |
| 2024-02-02 | 2773.29 | 2730.15 | 2791.68 | 2666.33 | 4262302 | 392661140000 | 0.93 |
| 2024-02-01 | 2773.42 | 2770.74 | 2805.01 | 2752.78 | 3528892 | 337547960000 | 0.77 |
| 2024-01-31 | 2815.5 | 2788.55 | 2834.01 | 2782.59 | 3771040 | 355637000000 | 0.82 |
| 2024-01-30 | 2866.28 | 2830.53 | 2881.35 | 2829.25 | 3356612 | 329254010000 | 0.73 |
| 2024-01-29 | 2910.61 | 2883.36 | 2923.9 | 2883.33 | 4105813 | 397014730000 | 0.89 |
| 2024-01-26 | 2897.91 | 2910.22 | 2924.31 | 2890.48 | 4211091 | 402400230000 | 0.92 |
| 2024-01-25 | 2823.83 | 2906.11 | 2906.79 | 2821.71 | 4420090 | 437679810000 | 0.96 |
| 2024-01-24 | 2782.14 | 2820.77 | 2823.7 | 2743.4 | 3690706 | 357316180000 | 0.79 |
| 2024-01-23 | 2746.89 | 2770.98 | 2784.84 | 2724.16 | 3087494 | 312191330000 | 0.66 |
| 2024-01-22 | 2826.5 | 2756.34 | 2828.32 | 2735.37 | 3501658 | 359918990000 | 0.76 |
| 2024-01-19 | 2836.97 | 2832.28 | 2849.88 | 2822.84 | 2666644 | 296717040000 | 0.57 |
| 2024-01-18 | 2822.67 | 2845.78 | 2849.26 | 2760.98 | 3903969 | 400709900000 | 0.85 |
| 2024-01-17 | 2887.29 | 2833.62 | 2887.49 | 2833.62 | 2612513 | 283073940000 | 0.56 |
| 2024-01-16 | 2881.56 | 2893.99 | 2896.68 | 2861.13 | 2862867 | 300837920000 | 0.62 |
| 2024-01-15 | 2872.56 | 2886.29 | 2904.46 | 2869.22 | 2446112 | 269229740000 | 0.53 |
| 2024-01-12 | 2880.04 | 2881.98 | 2904.17 | 2878.88 | 2616029 | 282877470000 | 0.56 |
| 2024-01-11 | 2873.8 | 2886.65 | 2896.18 | 2867.72 | 2670508 | 298552530000 | 0.58 |
| 2024-01-10 | 2886.98 | 2877.7 | 2903.16 | 2870.42 | 2440465 | 281192190000 | 0.53 |
| 2024-01-09 | 2887.11 | 2893.25 | 2900.73 | 2878.41 | 2629560 | 294446370000 | 0.57 |
| 2024-01-08 | 2923.46 | 2887.54 | 2924.46 | 2887.54 | 2702751 | 290730590000 | 0.58 |
| 2024-01-05 | 2949.82 | 2929.18 | 2967.97 | 2916.72 | 3010402 | 325917000000 | 0.65 |
| 2024-01-04 | 2965.51 | 2954.35 | 2966.68 | 2936.63 | 2649809 | 296291350000 | 0.57 |
| 2024-01-03 | 2957.11 | 2967.25 | 2971.28 | 2953.29 | 2854559 | 321018390000 | 0.62 |
| 2024-01-02 | 2972.78 | 2962.28 | 2976.27 | 2962.28 | 3041418 | 345950730000 | 0.66 |
| 2023-12-29 | 2950.84 | 2974.93 | 2975.03 | 2950.02 | 2906727 | 349002970000 | 0.63 |
| 2023-12-28 | 2913.11 | 2954.7 | 2961.65 | 2909.39 | 3392131 | 392449070000 | 0.74 |
| 2023-12-27 | 2900.15 | 2914.61 | 2917.96 | 2890.17 | 2479009 | 279048610000 | 0.53 |
| 2023-12-26 | 2917.97 | 2898.88 | 2917.97 | 2892.84 | 2281409 | 260220550000 | 0.49 |
| 2023-12-25 | 2909.88 | 2918.81 | 2920.63 | 2903.99 | 2298142 | 261487250000 | 0.49 |
| 2023-12-22 | 2919.29 | 2914.78 | 2935.7 | 2906.51 | 2966284 | 327498020000 | 0.64 |
| 2023-12-21 | 2892.02 | 2918.71 | 2924.26 | 2882.02 | 2825418 | 315943780000 | 0.62 |
| 2023-12-20 | 2932.12 | 2902.11 | 2937.1 | 2902.04 | 2655625 | 290838400000 | 0.58 |
| 2023-12-19 | 2928.76 | 2932.39 | 2940.5 | 2914.13 | 2659270 | 283234130000 | 0.58 |
| 2023-12-18 | 2936.58 | 2930.8 | 2951.15 | 2924.33 | 2930870 | 304915890000 | 0.64 |
| 2023-12-15 | 2966.3 | 2942.56 | 2976.31 | 2940.03 | 2893276 | 322083690000 | 0.63 |
| 2023-12-14 | 2979.7 | 2958.99 | 2986.18 | 2958.07 | 2714577 | 312658120000 | 0.60 |
| 2023-12-13 | 2997.34 | 2968.76 | 2997.34 | 2968.76 | 2827541 | 331476610000 | 0.62 |
| 2023-12-12 | 2986.33 | 3003.44 | 3003.75 | 2980.45 | 2876388 | 333170580000 | 0.63 |
| 2023-12-11 | 2956.29 | 2991.44 | 2995.67 | 2930.42 | 3602163 | 405351580000 | 0.79 |
| 2023-12-08 | 2965.39 | 2969.56 | 2980.83 | 2962.33 | 3691387 | 423492310000 | 0.81 |
| 2023-12-07 | 2965.65 | 2966.21 | 2976.01 | 2949.14 | 2962437 | 348039620000 | 0.65 |
| 2023-12-06 | 2966.95 | 2968.93 | 2985.31 | 2959.6 | 2941042 | 336218910000 | 0.65 |
| 2023-12-05 | 3017.01 | 2972.3 | 3017.01 | 2972.3 | 2939433 | 340454490000 | 0.64 |
| 2023-12-04 | 3033.3 | 3022.91 | 3038.98 | 3022.35 | 2881621 | 344279700000 | 0.63 |
| 2023-12-01 | 3027.35 | 3031.64 | 3035.76 | 3010.23 | 2860897 | 335547180000 | 0.63 |
| 2023-11-30 | 3021.1 | 3029.67 | 3030.91 | 3013.77 | 2829454 | 326755700000 | 0.62 |
| 2023-11-29 | 3038.46 | 3021.69 | 3038.98 | 3017.66 | 2779564 | 322141210000 | 0.61 |
| 2023-11-28 | 3028.6 | 3038.55 | 3039.69 | 3020.23 | 2689207 | 317303700000 | 0.59 |
| 2023-11-27 | 3038.19 | 3031.7 | 3038.36 | 3015.01 | 3105179 | 350705840000 | 0.68 |
| 2023-11-24 | 3060.33 | 3040.97 | 3060.33 | 3037.2 | 2877884 | 311509360000 | 0.63 |
| 2023-11-23 | 3041.68 | 3061.86 | 3062.87 | 3034.3 | 2765921 | 315612520000 | 0.60 |
| 2023-11-22 | 3060.5 | 3043.61 | 3067.96 | 3043.61 | 2890565 | 330385480000 | 0.63 |
| 2023-11-21 | 3074.83 | 3067.93 | 3089.77 | 3063.34 | 3307331 | 391558030000 | 0.72 |
| 2023-11-20 | 3056.93 | 3068.32 | 3072.51 | 3043.51 | 2875570 | 367109310000 | 0.63 |
| 2023-11-17 | 3043.62 | 3054.37 | 3055.86 | 3033.75 | 2676064 | 328568600000 | 0.58 |
| 2023-11-16 | 3066.86 | 3050.93 | 3071.45 | 3050.93 | 2710795 | 329364380000 | 0.59 |
| 2023-11-15 | 3077.03 | 3072.83 | 3080.13 | 3064.35 | 3042501 | 389515980000 | 0.66 |
| 2023-11-14 | 3046.82 | 3056.07 | 3059.53 | 3044.43 | 2948447 | 358249840000 | 0.64 |
| 2023-11-13 | 3044.03 | 3046.53 | 3048.62 | 3028.17 | 2904306 | 344120020000 | 0.64 |
| 2023-11-10 | 3043.56 | 3038.97 | 3044 | 3027.09 | 2855465 | 346913080000 | 0.62 |
| 2023-11-09 | 3047.65 | 3053.28 | 3063.47 | 3045.83 | 3156218 | 388556750000 | 0.69 |
| 2023-11-08 | 3051.15 | 3052.37 | 3062.99 | 3037.29 | 3356778 | 415289260000 | 0.73 |
| 2023-11-07 | 3052.92 | 3057.27 | 3064.58 | 3042.47 | 3268535 | 401065570000 | 0.72 |
| 2023-11-06 | 3047.13 | 3058.41 | 3058.99 | 3037.69 | 3729496 | 447638160000 | 0.82 |
| 2023-11-03 | 3012.47 | 3030.8 | 3040.98 | 3012.47 | 2684863 | 329300480000 | 0.59 |
| 2023-11-02 | 3028.66 | 3009.41 | 3038.64 | 3009.12 | 2687946 | 311936400000 | 0.59 |
| 2023-11-01 | 3038.18 | 3023.08 | 3038.33 | 3013.93 | 2801104 | 347121460000 | 0.62 |
| 2023-10-31 | 3019.65 | 3018.77 | 3023 | 3006.61 | 3198600 | 386277230000 | 0.70 |
| 2023-10-30 | 3009.61 | 3021.55 | 3028.26 | 3002.35 | 3606042 | 439587970000 | 0.79 |
| 2023-10-27 | 2978.4 | 3017.78 | 3029.21 | 2974.88 | 3218037 | 385692320000 | 0.71 |
| 2023-10-26 | 2960.1 | 2988.3 | 2990.33 | 2956.01 | 2918145 | 332258830000 | 0.64 |
| 2023-10-25 | 2986.41 | 2974.11 | 2993.3 | 2972.42 | 3323920 | 362846640000 | 0.73 |
| 2023-10-24 | 2944.31 | 2962.24 | 2964.76 | 2929.09 | 3109854 | 339902180000 | 0.68 |
| 2023-10-23 | 2969.79 | 2939.29 | 2973.66 | 2923.51 | 2789041 | 304028960000 | 0.61 |
| 2023-10-20 | 2995.36 | 2983.06 | 3006.27 | 2977.17 | 2671136 | 307388390000 | 0.59 |
| 2023-10-19 | 3043.2 | 3005.39 | 3043.2 | 3004.77 | 3040389 | 355069180000 | 0.67 |
| 2023-10-18 | 3076.58 | 3058.71 | 3076.58 | 3057.06 | 2686472 | 310306040000 | 0.59 |
| 2023-10-17 | 3076.43 | 3083.5 | 3084.07 | 3064.89 | 2590196 | 300026230000 | 0.57 |
| 2023-10-16 | 3091.06 | 3073.81 | 3091.13 | 3063.69 | 2638824 | 314394200000 | 0.58 |
| 2023-10-13 | 3092 | 3088.1 | 3094.92 | 3080.55 | 2550852 | 309538090000 | 0.56 |
| 2023-10-12 | 3101.71 | 3107.9 | 3109.99 | 3092.18 | 2748280 | 325865890000 | 0.60 |
| 2023-10-11 | 3085.7 | 3078.96 | 3095.66 | 3071.94 | 2599187 | 326562390000 | 0.57 |
| 2023-10-10 | 3104.37 | 3075.24 | 3109.98 | 3073.19 | 2553274 | 293653290000 | 0.56 |
| 2023-10-09 | 3100 | 3096.92 | 3103.36 | 3072.64 | 2644222 | 302662160000 | 0.58 |
| 2023-09-28 | 3117.75 | 3110.48 | 3121.84 | 3105.94 | 2363300 | 288396220000 | 0.52 |
| 2023-09-27 | 3104.04 | 3107.32 | 3125.45 | 3103.84 | 2404958 | 293421020000 | 0.52 |
| 2023-09-26 | 3114.02 | 3102.27 | 3120.29 | 3102.27 | 2226443 | 270006130000 | 0.48 |
| 2023-09-25 | 3131.21 | 3115.61 | 3131.21 | 3112.15 | 2580719 | 294635830000 | 0.56 |
| 2023-09-22 | 3084.76 | 3132.43 | 3132.56 | 3078.8 | 2859784 | 321443780000 | 0.62 |
| 2023-09-21 | 3103.18 | 3084.7 | 3113.49 | 3084.7 | 2286591 | 243536280000 | 0.50 |
| 2023-09-20 | 3118.67 | 3108.57 | 3122.13 | 3108.16 | 2281245 | 243020000000 | 0.49 |
| 2023-09-19 | 3123.99 | 3124.96 | 3131.13 | 3113.53 | 2536528 | 274062660000 | 0.55 |
| 2023-09-18 | 3110.44 | 3125.93 | 3128.7 | 3098.5 | 2594443 | 299644730000 | 0.57 |
| 2023-09-15 | 3133.59 | 3117.74 | 3141.96 | 3107.45 | 2920264 | 326091460000 | 0.64 |
| 2023-09-14 | 3124.85 | 3126.55 | 3135.03 | 3111.86 | 2639901 | 281641860000 | 0.58 |
| 2023-09-13 | 3137.77 | 3123.07 | 3143.76 | 3106.97 | 2497010 | 282015560000 | 0.54 |
| 2023-09-12 | 3140.34 | 3137.06 | 3147.51 | 3134.32 | 2346721 | 281897500000 | 0.51 |
| 2023-09-11 | 3119.61 | 3142.78 | 3155.1 | 3113.82 | 2904429 | 351883740000 | 0.63 |
| 2023-09-08 | 3114.23 | 3116.72 | 3126.04 | 3104.67 | 2281251 | 270006710000 | 0.49 |
| 2023-09-07 | 3152.2 | 3122.35 | 3152.27 | 3120.82 | 2692647 | 317186960000 | 0.58 |
| 2023-09-06 | 3147.14 | 3158.08 | 3162.15 | 3136.9 | 2670022 | 324001130000 | 0.58 |
| 2023-09-05 | 3169.74 | 3154.37 | 3169.74 | 3150.08 | 2940618 | 342760610000 | 0.64 |
| 2023-09-04 | 3145.94 | 3177.06 | 3177.06 | 3143.38 | 3663911 | 404500270000 | 0.80 |
| 2023-09-01 | 3126.02 | 3133.25 | 3143.85 | 3123.19 | 2923110 | 334739630000 | 0.63 |
| 2023-08-31 | 3134.55 | 3119.88 | 3139.98 | 3113.95 | 3134482 | 362507130000 | 0.68 |
| 2023-08-30 | 3144.41 | 3137.14 | 3153.69 | 3126.9 | 3475119 | 414729470000 | 0.76 |
| 2023-08-29 | 3091.94 | 3135.89 | 3145.76 | 3090.44 | 3988758 | 443979440000 | 0.87 |
| 2023-08-28 | 3219.04 | 3098.64 | 3219.04 | 3089.12 | 4856078 | 517234120000 | 1.07 |
| 2023-08-25 | 3068.62 | 3064.07 | 3085.05 | 3053.04 | 2933477 | 317757170000 | 0.64 |
| 2023-08-24 | 3085.91 | 3082.24 | 3106.18 | 3072.95 | 3000246 | 332447830000 | 0.65 |
| 2023-08-23 | 3116.27 | 3078.4 | 3116.38 | 3077.61 | 2722441 | 297986360000 | 0.59 |
| 2023-08-22 | 3103.78 | 3120.33 | 3126.78 | 3074.53 | 3093163 | 348637690000 | 0.67 |
| 2023-08-21 | 3125.99 | 3092.98 | 3134.96 | 3092.98 | 2657534 | 293721060000 | 0.58 |
| 2023-08-18 | 3165.1 | 3131.95 | 3179.12 | 3131.95 | 2943904 | 320449010000 | 0.63 |
| 2023-08-17 | 3137.35 | 3163.74 | 3167.45 | 3123.25 | 2946926 | 320785470000 | 0.64 |
| 2023-08-16 | 3164.7 | 3150.13 | 3176.63 | 3149.72 | 2817283 | 303611330000 | 0.61 |
| 2023-08-15 | 3180.56 | 3176.18 | 3186.23 | 3147.35 | 2732519 | 300827990000 | 0.59 |
| 2023-08-14 | 3159.71 | 3178.43 | 3180.51 | 3141.66 | 2998403 | 322632050000 | 0.66 |
| 2023-08-11 | 3254.48 | 3189.25 | 3254.48 | 3189.25 | 3301378 | 339187130000 | 0.73 |
| 2023-08-10 | 3242.21 | 3254.56 | 3257.03 | 3234.12 | 2874121 | 307263290000 | 0.63 |
| 2023-08-09 | 3251.15 | 3244.49 | 3257.08 | 3240.29 | 2712185 | 309778300000 | 0.59 |
| 2023-08-08 | 3260.72 | 3260.62 | 3274.52 | 3246.67 | 3165207 | 355750330000 | 0.70 |
| 2023-08-07 | 3276.78 | 3268.83 | 3276.78 | 3258.54 | 3603415 | 393056930000 | 0.79 |
| 2023-08-04 | 3296.09 | 3288.08 | 3315.05 | 3281.73 | 4709277 | 497188090000 | 1.05 |
| 2023-08-03 | 3254.57 | 3280.46 | 3280.86 | 3247.27 | 3846913 | 389530670000 | 0.85 |
| 2023-08-02 | 3281.86 | 3261.69 | 3290.82 | 3252.3 | 4053415 | 388952700000 | 0.90 |
| 2023-08-01 | 3288.76 | 3290.95 | 3305.34 | 3279.57 | 4598908 | 441023320000 | 1.02 |
| 2023-07-31 | 3287.21 | 3291.04 | 3322.13 | 3281.01 | 4590310 | 511505350000 | 1.02 |
| 2023-07-28 | 3206.74 | 3275.93 | 3280.28 | 3200.99 | 4110684 | 436923620000 | 0.91 |
| 2023-07-27 | 3225.48 | 3216.67 | 3245.6 | 3210.47 | 3271189 | 332145070000 | 0.72 |
| 2023-07-26 | 3228.09 | 3223.03 | 3229.89 | 3212.88 | 3172061 | 328306930000 | 0.70 |
| 2023-07-25 | 3201.46 | 3231.52 | 3231.75 | 3201.46 | 3486177 | 410846600000 | 0.77 |
| 2023-07-24 | 3157.47 | 3164.16 | 3178.73 | 3151.13 | 2165952 | 260119090000 | 0.48 |
| 2023-07-21 | 3163.42 | 3167.75 | 3185.64 | 3157.33 | 2253314 | 280673190000 | 0.49 |
| 2023-07-20 | 3201.91 | 3169.52 | 3209.06 | 3165.67 | 2389329 | 302376020000 | 0.52 |
| 2023-07-19 | 3195.01 | 3198.84 | 3204.36 | 3181.56 | 2173559 | 281206090000 | 0.48 |
| 2023-07-18 | 3206.79 | 3197.82 | 3210.25 | 3190 | 2350303 | 307331650000 | 0.52 |
| 2023-07-17 | 3219.02 | 3209.63 | 3219.02 | 3195.89 | 2502084 | 322074500000 | 0.55 |
| 2023-07-14 | 3240.97 | 3237.7 | 3248.38 | 3234 | 2733275 | 368337830000 | 0.59 |
| 2023-07-13 | 3202.7 | 3236.48 | 3238.47 | 3202.7 | 2766205 | 373242520000 | 0.60 |
| 2023-07-12 | 3220.38 | 3196.13 | 3224.33 | 3193.44 | 2714234 | 365433180000 | 0.59 |
| 2023-07-11 | 3211.12 | 3221.37 | 3221.68 | 3200.38 | 2276005 | 309950250000 | 0.50 |
| 2023-07-10 | 3208.73 | 3203.7 | 3216.53 | 3192.66 | 2365604 | 311462500000 | 0.52 |
| 2023-07-07 | 3197.47 | 3196.61 | 3212.05 | 3189.21 | 2556885 | 313607450000 | 0.56 |
| 2023-07-06 | 3215.86 | 3205.57 | 3229.48 | 3199.72 | 2461190 | 320808310000 | 0.53 |
| 2023-07-05 | 3240.05 | 3222.95 | 3241.84 | 3218.6 | 2640164 | 351234980000 | 0.58 |
| 2023-07-04 | 3241.23 | 3245.35 | 3246.96 | 3233.99 | 2792487 | 387115940000 | 0.62 |
| 2023-07-03 | 3209.16 | 3243.98 | 3246.86 | 3209.16 | 3123714 | 421353470000 | 0.69 |
| 2023-06-30 | 3178.92 | 3202.06 | 3212.99 | 3177.99 | 2653799 | 359739560000 | 0.59 |
| 2023-06-29 | 3185.42 | 3182.38 | 3196.5 | 3179.53 | 2503401 | 340636710000 | 0.55 |
| 2023-06-28 | 3183.49 | 3189.38 | 3192.66 | 3157.12 | 2762319 | 360118190000 | 0.61 |
| 2023-06-27 | 3153.31 | 3189.44 | 3194.41 | 3148.27 | 2876043 | 354487810000 | 0.64 |
| 2023-06-26 | 3177.23 | 3150.62 | 3181.08 | 3144.25 | 3081298 | 398859660000 | 0.68 |
| 2023-06-21 | 3230.11 | 3197.9 | 3236.36 | 3197.9 | 2943774 | 406234560000 | 0.65 |
| 2023-06-20 | 3252.54 | 3240.36 | 3252.84 | 3237.79 | 2982606 | 433243980000 | 0.66 |
| 2023-06-19 | 3271.16 | 3255.81 | 3271.16 | 3251.78 | 3277530 | 455226180000 | 0.72 |
| 2023-06-16 | 3256.3 | 3273.33 | 3276.55 | 3255.5 | 3262818 | 444375630000 | 0.71 |
| 2023-06-15 | 3230.45 | 3252.98 | 3252.98 | 3229.15 | 3132558 | 437522980000 | 0.69 |
| 2023-06-14 | 3238.12 | 3228.99 | 3248.46 | 3226.77 | 3035373 | 404009520000 | 0.67 |
| 2023-06-13 | 3223.9 | 3233.67 | 3235.09 | 3215.5 | 2806285 | 377193490000 | 0.62 |
| 2023-06-12 | 3225.3 | 3228.83 | 3239.44 | 3210.71 | 3137844 | 403241620000 | 0.70 |
| 2023-06-09 | 3213.03 | 3231.41 | 3231.41 | 3206.1 | 3141555 | 413341770000 | 0.70 |
| 2023-06-08 | 3194.83 | 3213.59 | 3225.53 | 3180.54 | 2935307 | 353551630000 | 0.66 |
| 2023-06-07 | 3197.47 | 3197.76 | 3210.33 | 3188.01 | 2580634 | 331083870000 | 0.58 |
| 2023-06-06 | 3228.41 | 3195.34 | 3247.35 | 3189.27 | 3082859 | 387492230000 | 0.69 |
| 2023-06-05 | 3231.81 | 3232.44 | 3244.18 | 3221.63 | 2780602 | 357810090000 | 0.63 |
| 2023-06-02 | 3212.45 | 3230.07 | 3233.99 | 3211.74 | 2946671 | 377507930000 | 0.66 |
| 2023-06-01 | 3196.15 | 3204.63 | 3225.09 | 3189.52 | 3123308 | 400981480000 | 0.70 |
| 2023-05-31 | 3214.66 | 3204.56 | 3216.36 | 3190.27 | 2945733 | 384999190000 | 0.66 |
| 2023-05-30 | 3214.67 | 3224.21 | 3230.63 | 3186.63 | 3035325 | 376622570000 | 0.68 |
| 2023-05-29 | 3219.76 | 3221.45 | 3230.97 | 3208.96 | 2973895 | 377876000000 | 0.67 |
| 2023-05-26 | 3198.88 | 3212.5 | 3220.77 | 3179.82 | 2617005 | 333319270000 | 0.59 |
| 2023-05-25 | 3197.36 | 3201.26 | 3207.02 | 3168.57 | 2835889 | 347709230000 | 0.64 |
| 2023-05-24 | 3237.7 | 3204.75 | 3237.7 | 3204.38 | 2887203 | 342677330000 | 0.65 |
| 2023-05-23 | 3294.79 | 3246.24 | 3298.23 | 3246.24 | 2752791 | 324667930000 | 0.62 |
| 2023-05-22 | 3278.6 | 3296.47 | 3308.53 | 3276.54 | 2738900 | 342448400000 | 0.62 |
| 2023-05-19 | 3288.89 | 3283.54 | 3302.34 | 3268.22 | 2854041 | 359507960000 | 0.64 |
| 2023-05-18 | 3288.41 | 3297.32 | 3313.86 | 3284.17 | 3099675 | 368435070000 | 0.70 |
| 2023-05-17 | 3281.97 | 3284.23 | 3298.52 | 3269.89 | 2857441 | 340482660000 | 0.64 |
| 2023-05-16 | 3310.16 | 3290.99 | 3317.9 | 3282.49 | 3224794 | 385386010000 | 0.73 |
| 2023-05-15 | 3269.88 | 3310.74 | 3310.74 | 3235.87 | 3880459 | 431706860000 | 0.88 |
| 2023-05-12 | 3304.46 | 3272.36 | 3319.13 | 3271.43 | 3473150 | 387081200000 | 0.79 |
| 2023-05-11 | 3323.66 | 3309.55 | 3333.25 | 3307.29 | 3542583 | 401313950000 | 0.80 |
| 2023-05-10 | 3347.7 | 3319.15 | 3349.72 | 3305.25 | 4517397 | 489553670000 | 1.02 |
| 2023-05-09 | 3402.39 | 3357.67 | 3418.95 | 3356.12 | 5730133 | 619108480000 | 1.32 |
| 2023-05-08 | 3340.99 | 3395 | 3400.18 | 3340.99 | 5341037 | 564661990000 | 1.23 |
| 2023-05-05 | 3350.65 | 3334.5 | 3364.14 | 3321.19 | 4365045 | 499294430000 | 0.99 |
| 2023-05-04 | 3306.48 | 3350.46 | 3352.75 | 3302.03 | 4833649 | 550494850000 | 1.11 |
| 2023-04-28 | 3283.12 | 3323.27 | 3324.88 | 3283.12 | 4015548 | 514904620000 | 0.92 |
| 2023-04-27 | 3256.23 | 3285.88 | 3299.3 | 3253.11 | 3415905 | 466175350000 | 0.78 |
| 2023-04-26 | 3255.22 | 3264.1 | 3277.98 | 3239.99 | 3579178 | 480418150000 | 0.82 |
| 2023-04-25 | 3276.4 | 3264.87 | 3288.57 | 3229.45 | 3808957 | 494240130000 | 0.87 |
| 2023-04-24 | 3300.81 | 3275.41 | 3303.09 | 3264.93 | 3542556 | 473265990000 | 0.81 |
| 2023-04-21 | 3364 | 3301.26 | 3367.61 | 3301.26 | 3873951 | 530517860000 | 0.87 |
| 2023-04-20 | 3367.05 | 3367.03 | 3371.37 | 3344.02 | 3503550 | 499672390000 | 0.79 |
| 2023-04-19 | 3391.35 | 3370.13 | 3394.96 | 3364.64 | 3461234 | 476496940000 | 0.79 |
| 2023-04-18 | 3379.23 | 3393.33 | 3396.17 | 3375.78 | 3483995 | 474287390000 | 0.79 |
| 2023-04-17 | 3337.06 | 3385.61 | 3385.61 | 3336.39 | 4028099 | 523790270000 | 0.92 |
| 2023-04-14 | 3326.37 | 3338.15 | 3340.08 | 3316.81 | 3382993 | 478345420000 | 0.76 |
| 2023-04-13 | 3321.27 | 3318.36 | 3334.47 | 3309.25 | 3478621 | 477587940000 | 0.79 |
| 2023-04-12 | 3316.86 | 3327.18 | 3330.71 | 3315.4 | 3430253 | 482066170000 | 0.78 |
| 2023-04-11 | 3317.08 | 3313.57 | 3317.45 | 3298.25 | 3205661 | 466895850000 | 0.72 |
| 2023-04-10 | 3331.51 | 3315.36 | 3332.72 | 3309.92 | 3408198 | 516434330000 | 0.76 |
| 2023-04-07 | 3312.48 | 3327.65 | 3328.85 | 3308.06 | 2830322 | 436372800000 | 0.64 |
| 2023-04-06 | 3302.75 | 3312.63 | 3314.53 | 3296.06 | 3271554 | 506500170000 | 0.74 |
| 2023-04-04 | 3297.18 | 3312.56 | 3312.56 | 3290.99 | 3858716 | 555811060000 | 0.88 |
| 2023-04-03 | 3277.34 | 3296.4 | 3299.73 | 3276.42 | 3576768 | 513390570000 | 0.81 |
| 2023-03-31 | 3263.41 | 3272.86 | 3278.42 | 3260.04 | 2836137 | 396689290000 | 0.64 |
| 2023-03-30 | 3243.07 | 3261.25 | 3263.74 | 3220.98 | 2998983 | 401634270000 | 0.68 |
| 2023-03-29 | 3253.62 | 3240.06 | 3254.56 | 3229.58 | 2969005 | 405542780000 | 0.67 |
| 2023-03-28 | 3256.6 | 3245.38 | 3264.1 | 3241.74 | 2956827 | 396882940000 | 0.67 |
| 2023-03-27 | 3261.82 | 3251.4 | 3261.82 | 3229.7 | 3378612 | 453585770000 | 0.77 |
| 2023-03-24 | 3282.74 | 3265.65 | 3282.74 | 3260.84 | 3245133 | 430761600000 | 0.74 |
| 2023-03-23 | 3258.78 | 3286.65 | 3286.65 | 3252.99 | 3061184 | 426564790000 | 0.69 |
| 2023-03-22 | 3263.41 | 3265.75 | 3279.39 | 3255.74 | 2908405 | 382509080000 | 0.66 |
| 2023-03-21 | 3240.84 | 3255.65 | 3256 | 3237.89 | 3018108 | 388047060000 | 0.69 |
| 2023-03-20 | 3253.93 | 3234.91 | 3267.99 | 3231.65 | 3925174 | 480292400000 | 0.90 |
| 2023-03-17 | 3245.26 | 3250.55 | 3279.92 | 3240.16 | 3430010 | 431983060000 | 0.79 |
| 2023-03-16 | 3244.47 | 3226.89 | 3257.43 | 3224.72 | 3273896 | 392910210000 | 0.75 |
| 2023-03-15 | 3261.03 | 3263.31 | 3273.12 | 3256.86 | 3051688 | 373276380000 | 0.70 |
| 2023-03-14 | 3261.92 | 3245.31 | 3262 | 3216.99 | 3199060 | 409976280000 | 0.73 |
| 2023-03-13 | 3228.12 | 3268.7 | 3268.7 | 3228.12 | 2949281 | 364414210000 | 0.67 |
| 2023-03-10 | 3255.51 | 3230.08 | 3262.15 | 3229.5 | 2811354 | 342198580000 | 0.64 |
| 2023-03-09 | 3285.94 | 3276.09 | 3289.06 | 3260 | 2640219 | 328825700000 | 0.60 |
| 2023-03-08 | 3271.88 | 3283.25 | 3283.25 | 3263.69 | 2604435 | 312822180000 | 0.59 |
| 2023-03-07 | 3320.21 | 3285.1 | 3342.86 | 3284.41 | 3899580 | 430081150000 | 0.90 |
| 2023-03-06 | 3332.02 | 3322.03 | 3333.06 | 3308.73 | 3405304 | 431616810000 | 0.78 |
| 2023-03-03 | 3314.77 | 3328.39 | 3330.6 | 3302.62 | 3439969 | 388860010000 | 0.79 |
| 2023-03-02 | 3308.01 | 3310.65 | 3320.74 | 3306.46 | 3285200 | 389390630000 | 0.75 |
| 2023-03-01 | 3279.14 | 3312.35 | 3315.16 | 3272.04 | 3183987 | 384387410000 | 0.73 |
| 2023-02-28 | 3265.74 | 3279.61 | 3280.42 | 3246.14 | 2516250 | 318030140000 | 0.58 |
| 2023-02-27 | 3257 | 3258.03 | 3276.58 | 3251.72 | 2428553 | 324605090000 | 0.56 |
| 2023-02-24 | 3287.26 | 3267.16 | 3288.39 | 3253.97 | 2342063 | 308004350000 | 0.54 |
| 2023-02-23 | 3293.52 | 3287.48 | 3307.44 | 3275.36 | 2623243 | 334364530000 | 0.61 |
| 2023-02-22 | 3292.05 | 3291.15 | 3307.03 | 3286.72 | 2554040 | 320515620000 | 0.59 |
| 2023-02-21 | 3291.63 | 3306.52 | 3308.79 | 3282.44 | 3244094 | 390691270000 | 0.75 |
| 2023-02-20 | 3230.47 | 3290.34 | 3291.04 | 3225.84 | 3250077 | 397720320000 | 0.75 |
| 2023-02-17 | 3244.73 | 3224.02 | 3262.47 | 3223.26 | 2784512 | 355625840000 | 0.64 |
| 2023-02-16 | 3281.74 | 3249.03 | 3308.83 | 3231.34 | 3808635 | 468382510000 | 0.87 |
| 2023-02-15 | 3294.02 | 3280.49 | 3296.2 | 3274.55 | 2699391 | 357621820000 | 0.62 |
| 2023-02-14 | 3288.97 | 3293.28 | 3293.73 | 3279.19 | 2709742 | 355558050000 | 0.62 |
| 2023-02-13 | 3256.99 | 3284.16 | 3285.09 | 3252.63 | 2972132 | 397011410000 | 0.68 |
| 2023-02-10 | 3266.44 | 3260.67 | 3269.99 | 3247.23 | 2606269 | 341749870000 | 0.59 |
| 2023-02-09 | 3227.73 | 3270.38 | 3270.38 | 3225.77 | 2547545 | 351760830000 | 0.58 |
| 2023-02-08 | 3251.5 | 3232.11 | 3257.11 | 3230.44 | 2345305 | 293332740000 | 0.53 |
| 2023-02-07 | 3245.23 | 3248.09 | 3250.03 | 3233.83 | 2509465 | 321257640000 | 0.58 |
| 2023-02-06 | 3244.7 | 3238.7 | 3250.35 | 3226.21 | 2670531 | 349127260000 | 0.61 |
| 2023-02-03 | 3275.66 | 3263.41 | 3275.66 | 3235.35 | 2933428 | 378648520000 | 0.67 |
| 2023-02-02 | 3291.78 | 3285.67 | 3295.76 | 3272.41 | 3334131 | 428662800000 | 0.76 |
| 2023-02-01 | 3262.2 | 3284.92 | 3284.92 | 3245.41 | 3395094 | 413395190000 | 0.78 |
| 2023-01-31 | 3266.14 | 3255.67 | 3277.25 | 3252.01 | 3001630 | 375260750000 | 0.69 |
| 2023-01-30 | 3308.87 | 3269.32 | 3310.49 | 3266.76 | 3533258 | 453177010000 | 0.81 |
| 2023-01-20 | 3247.2 | 3264.81 | 3267.06 | 3247.2 | 2732192 | 329028170000 | 0.63 |
| 2023-01-19 | 3221.52 | 3240.28 | 3240.28 | 3210.38 | 2264650 | 296815560000 | 0.52 |
| 2023-01-18 | 3227.59 | 3224.41 | 3234.82 | 3220.37 | 2121097 | 266068180000 | 0.48 |
| 2023-01-17 | 3229.44 | 3224.24 | 3231.26 | 3211.76 | 2265922 | 302611780000 | 0.52 |
| 2023-01-16 | 3198.52 | 3227.59 | 3251.37 | 3197.32 | 3067495 | 413219640000 | 0.70 |
| 2023-01-13 | 3170.35 | 3195.31 | 3195.31 | 3167.51 | 2202269 | 288062500000 | 0.51 |
| 2023-01-12 | 3167.27 | 3163.45 | 3171.59 | 3153.4 | 2166713 | 275371840000 | 0.50 |
| 2023-01-11 | 3172.38 | 3161.84 | 3184.76 | 3160.89 | 2377429 | 309248890000 | 0.55 |
| 2023-01-10 | 3178.02 | 3169.51 | 3178.16 | 3165.14 | 2329842 | 310357700000 | 0.54 |
| 2023-01-09 | 3169.37 | 3176.08 | 3183.58 | 3165.43 | 2581152 | 342693770000 | 0.59 |
| 2023-01-06 | 3155.07 | 3157.64 | 3170.74 | 3151.84 | 2573803 | 338539840000 | 0.59 |
| 2023-01-05 | 3132.76 | 3155.22 | 3159.43 | 3130.23 | 2570030 | 335635930000 | 0.59 |
| 2023-01-04 | 3117.57 | 3123.52 | 3129.09 | 3109.45 | 2733136 | 316391230000 | 0.63 |
| 2023-01-03 | 3087.51 | 3116.51 | 3119.86 | 3073.05 | 2813704 | 331392140000 | 0.65 |
| 2022-12-30 | 3084.52 | 3089.26 | 3096.31 | 3082.2 | 2175453 | 250355950000 | 0.50 |
| 2022-12-29 | 3076.73 | 3073.7 | 3086 | 3064.46 | 2155707 | 253916980000 | 0.49 |
| 2022-12-28 | 3088.62 | 3087.4 | 3098.65 | 3079.43 | 2245542 | 260508530000 | 0.51 |
| 2022-12-27 | 3077.75 | 3095.57 | 3098.08 | 3074.31 | 2222183 | 267946790000 | 0.51 |
| 2022-12-26 | 3048.2 | 3065.56 | 3071.84 | 3047.35 | 2065039 | 255470270000 | 0.47 |
| 2022-12-23 | 3038.84 | 3045.87 | 3061.87 | 3031.54 | 1920203 | 233335250000 | 0.44 |
| 2022-12-22 | 3085.8 | 3054.43 | 3096.24 | 3044.6 | 2236395 | 266315480000 | 0.52 |
| 2022-12-21 | 3078.33 | 3068.41 | 3085.8 | 3060.55 | 1890679 | 226852790000 | 0.44 |
| 2022-12-20 | 3098.95 | 3073.77 | 3100.75 | 3061.51 | 2188368 | 261716070000 | 0.50 |
| 2022-12-19 | 3165.31 | 3107.12 | 3170.26 | 3096.1 | 2785135 | 307934620000 | 0.65 |
| 2022-12-16 | 3156.13 | 3167.86 | 3175.35 | 3151.61 | 2597718 | 307227740000 | 0.60 |
| 2022-12-15 | 3177.2 | 3168.65 | 3179.1 | 3158.45 | 2430233 | 305205000000 | 0.56 |
| 2022-12-14 | 3178.55 | 3176.53 | 3189.84 | 3168.59 | 2656236 | 333950670000 | 0.61 |
| 2022-12-13 | 3179.44 | 3176.33 | 3187.2 | 3171.48 | 2858212 | 333539760000 | 0.66 |
| 2022-12-12 | 3195.87 | 3179.04 | 3196.72 | 3176.58 | 3333818 | 394919620000 | 0.77 |
| 2022-12-09 | 3197.12 | 3206.95 | 3212.11 | 3182.91 | 3733432 | 447750220000 | 0.87 |
| 2022-12-08 | 3196.02 | 3197.35 | 3206.72 | 3187.26 | 3209693 | 364935620000 | 0.74 |
| 2022-12-07 | 3204.94 | 3199.62 | 3226.08 | 3188.67 | 3541131 | 402146130000 | 0.82 |
| 2022-12-06 | 3200.28 | 3212.53 | 3224.82 | 3195.08 | 3735903 | 435248700000 | 0.86 |
| 2022-12-05 | 3181.92 | 3211.81 | 3213.44 | 3177.06 | 4473984 | 479203620000 | 1.04 |
| 2022-12-02 | 3160.58 | 3156.14 | 3170.9 | 3149.84 | 3078125 | 366318680000 | 0.70 |
| 2022-12-01 | 3187.99 | 3165.47 | 3198.41 | 3164.53 | 3870131 | 462184970000 | 0.89 |
| 2022-11-30 | 3141.4 | 3151.34 | 3158.57 | 3137.37 | 3727183 | 404504380000 | 0.86 |
| 2022-11-29 | 3096.11 | 3149.75 | 3152 | 3096.11 | 3914497 | 439102620000 | 0.91 |
| 2022-11-28 | 3055.29 | 3078.55 | 3080.18 | 3034.7 | 3058113 | 338549350000 | 0.71 |
| 2022-11-25 | 3085.46 | 3101.69 | 3111.42 | 3077.97 | 3114320 | 325426340000 | 0.72 |
| 2022-11-24 | 3104.1 | 3089.31 | 3113.24 | 3084.86 | 2674829 | 308190190000 | 0.62 |
| 2022-11-23 | 3084.74 | 3096.91 | 3108.24 | 3075.32 | 3261554 | 356400840000 | 0.76 |
| 2022-11-22 | 3084.23 | 3088.94 | 3118.12 | 3076.32 | 3275659 | 374142820000 | 0.76 |
| 2022-11-21 | 3078.06 | 3085.04 | 3085.24 | 3056.17 | 2560455 | 345025500000 | 0.59 |
| 2022-11-18 | 3116.73 | 3097.24 | 3126.71 | 3096.89 | 2999543 | 389207390000 | 0.69 |
| 2022-11-17 | 3110.96 | 3115.43 | 3115.44 | 3087.17 | 2870284 | 377900110000 | 0.66 |
| 2022-11-16 | 3133.65 | 3119.98 | 3145.75 | 3115.35 | 3034298 | 386992910000 | 0.70 |
| 2022-11-15 | 3081.13 | 3134.08 | 3135.59 | 3074.5 | 3314706 | 446460010000 | 0.77 |
| 2022-11-14 | 3100.87 | 3083.4 | 3121.41 | 3075.22 | 3617882 | 454546730000 | 0.85 |
| 2022-11-11 | 3099.65 | 3087.29 | 3117.74 | 3070.3 | 4096045 | 513784600000 | 0.95 |
| 2022-11-10 | 3031.69 | 3036.13 | 3047.98 | 3022.85 | 2703718 | 335925920000 | 0.62 |
| 2022-11-09 | 3064.46 | 3048.17 | 3073.92 | 3046.19 | 2356373 | 306860900000 | 0.54 |
| 2022-11-08 | 3077.31 | 3064.49 | 3078.28 | 3047.46 | 2565220 | 338966940000 | 0.60 |
| 2022-11-07 | 3062.86 | 3077.82 | 3088.19 | 3054.46 | 3205671 | 424429130000 | 0.74 |
| 2022-11-04 | 2997 | 3070.8 | 3081.59 | 2997 | 3298067 | 458770090000 | 0.77 |
| 2022-11-03 | 2981.2 | 2997.81 | 3003.72 | 2977.72 | 2593486 | 370653280000 | 0.60 |
| 2022-11-02 | 2960.65 | 3003.37 | 3019.05 | 2954.95 | 3250782 | 457581520000 | 0.76 |
| 2022-11-01 | 2899.5 | 2969.2 | 2969.2 | 2896.76 | 3198096 | 431015900000 | 0.75 |
| 2022-10-31 | 2893.2 | 2893.48 | 2926.02 | 2885.09 | 3019942 | 396654160000 | 0.70 |
| 2022-10-28 | 2967.02 | 2915.93 | 2974.24 | 2908.98 | 2925313 | 385261360000 | 0.68 |
| 2022-10-27 | 3005.04 | 2982.9 | 3017.26 | 2981.69 | 2656083 | 381330370000 | 0.62 |
| 2022-10-26 | 2977.56 | 2999.5 | 3028.35 | 2977.56 | 2686895 | 372845270000 | 0.62 |
| 2022-10-25 | 2969.16 | 2976.28 | 3001.72 | 2944.26 | 2555542 | 337519280000 | 0.59 |
| 2022-10-24 | 3034.75 | 2977.56 | 3064.42 | 2965.17 | 2980854 | 394725940000 | 0.69 |
| 2022-10-21 | 3038.04 | 3038.93 | 3055.42 | 3026.96 | 2452541 | 315110990000 | 0.56 |
| 2022-10-20 | 3029.3 | 3035.05 | 3070.26 | 3013.69 | 2447361 | 340091340000 | 0.56 |
| 2022-10-19 | 3073.26 | 3044.38 | 3081.39 | 3044.38 | 2308953 | 313108350000 | 0.53 |
| 2022-10-18 | 3094.93 | 3080.96 | 3099.92 | 3074.22 | 2456348 | 326002910000 | 0.56 |
| 2022-10-17 | 3060.52 | 3084.94 | 3087.19 | 3052.71 | 2626086 | 349214470000 | 0.61 |
| 2022-10-14 | 3035.03 | 3071.99 | 3084.27 | 3035.03 | 2773041 | 372050690000 | 0.65 |
| 2022-10-13 | 3008.3 | 3016.36 | 3036.25 | 3004.5 | 2496833 | 317764790000 | 0.58 |
| 2022-10-12 | 2976.72 | 3025.51 | 3025.51 | 2934.09 | 2480136 | 306871330000 | 0.58 |
| 2022-10-11 | 2978.06 | 2979.79 | 2986.91 | 2953.5 | 2086360 | 246715640000 | 0.49 |
| 2022-10-10 | 3026.94 | 2974.15 | 3029.45 | 2968.28 | 2434048 | 290120020000 | 0.57 |
| 2022-09-30 | 3042.17 | 3024.39 | 3054.61 | 3021.93 | 2041153 | 240262770000 | 0.47 |
| 2022-09-29 | 3067.47 | 3041.2 | 3076.76 | 3026.08 | 2300304 | 276441060000 | 0.54 |
| 2022-09-28 | 3089.1 | 3045.07 | 3089.1 | 3044.86 | 2300987 | 276039740000 | 0.54 |
| 2022-09-27 | 3056.39 | 3093.86 | 3094.04 | 3048.37 | 2327353 | 290065700000 | 0.54 |
| 2022-09-26 | 3067.57 | 3051.23 | 3102.65 | 3048.51 | 2626986 | 293536440000 | 0.61 |
| 2022-09-23 | 3106.81 | 3088.37 | 3124.66 | 3072.24 | 2430577 | 285552920000 | 0.57 |
| 2022-09-22 | 3098.77 | 3108.91 | 3125.68 | 3092.82 | 2211407 | 269978600000 | 0.52 |
| 2022-09-21 | 3116.01 | 3117.18 | 3129.82 | 3091.3 | 2329725 | 269513750000 | 0.55 |
| 2022-09-20 | 3127.84 | 3122.41 | 3140.03 | 3114.04 | 2199425 | 268600300000 | 0.52 |
| 2022-09-19 | 3122.75 | 3115.6 | 3135.56 | 3101.22 | 2491137 | 289918820000 | 0.58 |
| 2022-09-16 | 3189.83 | 3126.4 | 3191.83 | 3126.4 | 3164759 | 355085340000 | 0.75 |
| 2022-09-15 | 3248.97 | 3199.92 | 3254.18 | 3174.39 | 3252061 | 392490590000 | 0.77 |
| 2022-09-14 | 3224.68 | 3237.54 | 3250.8 | 3221.96 | 2551934 | 306452820000 | 0.60 |
| 2022-09-13 | 3272.05 | 3263.8 | 3278.17 | 3259.66 | 2761898 | 339021890000 | 0.65 |
| 2022-09-09 | 3241.18 | 3262.05 | 3266.2 | 3236.51 | 2838277 | 338566710000 | 0.67 |
| 2022-09-08 | 3245.56 | 3235.59 | 3253.7 | 3233.8 | 2816804 | 328657090000 | 0.67 |
| 2022-09-07 | 3232.14 | 3246.29 | 3253.77 | 3227.82 | 3010145 | 368608740000 | 0.71 |
| 2022-09-06 | 3207.93 | 3243.45 | 3244.64 | 3203.82 | 3188697 | 378636070000 | 0.76 |
| 2022-09-05 | 3183.95 | 3199.91 | 3199.91 | 3172.04 | 2806756 | 339591540000 | 0.66 |
| 2022-09-02 | 3189.64 | 3186.48 | 3198.28 | 3173.79 | 2504569 | 313337600000 | 0.59 |
| 2022-09-01 | 3196.54 | 3184.98 | 3214.56 | 3181.63 | 2746605 | 336978640000 | 0.65 |
| 2022-08-31 | 3216.53 | 3202.14 | 3232.02 | 3184.39 | 3444088 | 431758010000 | 0.82 |
| 2022-08-30 | 3240.18 | 3227.22 | 3243.75 | 3212.63 | 2943189 | 353775670000 | 0.69 |
| 2022-08-29 | 3203.1 | 3240.73 | 3240.73 | 3199 | 2970151 | 363729980000 | 0.70 |
| 2022-08-26 | 3250.63 | 3236.22 | 3266.27 | 3232.28 | 3099276 | 397556250000 | 0.73 |
| 2022-08-25 | 3223.46 | 3246.25 | 3248.35 | 3199.12 | 3361962 | 419464280000 | 0.79 |
| 2022-08-24 | 3279.17 | 3215.2 | 3281.88 | 3212.39 | 3661406 | 458360280000 | 0.86 |
| 2022-08-23 | 3274.43 | 3276.22 | 3284.6 | 3262.63 | 3165664 | 418311740000 | 0.74 |
| 2022-08-22 | 3249.7 | 3277.79 | 3278.17 | 3247.19 | 3145379 | 427653300000 | 0.74 |
| 2022-08-19 | 3275.62 | 3258.08 | 3286.49 | 3258.06 | 3335355 | 457863360000 | 0.78 |
| 2022-08-18 | 3286.37 | 3277.54 | 3289.14 | 3270.56 | 3016948 | 418075200000 | 0.71 |
| 2022-08-17 | 3282.1 | 3292.53 | 3296 | 3263.35 | 3261248 | 423859010000 | 0.77 |
| 2022-08-16 | 3278.68 | 3277.88 | 3295.02 | 3271.57 | 3035923 | 409210080000 | 0.71 |
| 2022-08-15 | 3268.37 | 3276.09 | 3286.89 | 3261.82 | 2871068 | 387257740000 | 0.68 |
| 2022-08-12 | 3275.77 | 3276.89 | 3288.22 | 3272.84 | 2999329 | 403906160000 | 0.71 |
| 2022-08-11 | 3243.47 | 3281.67 | 3281.67 | 3237.9 | 3006054 | 427399150000 | 0.71 |
| 2022-08-10 | 3242.36 | 3230.02 | 3253.17 | 3217.81 | 2575836 | 390066120000 | 0.61 |
| 2022-08-09 | 3235.74 | 3247.43 | 3248.77 | 3227.54 | 2596055 | 391415560000 | 0.61 |
| 2022-08-08 | 3218.85 | 3236.93 | 3237.97 | 3214.08 | 2542681 | 392277180000 | 0.60 |
| 2022-08-05 | 3195.23 | 3227.03 | 3228.89 | 3184.45 | 2746837 | 414055640000 | 0.64 |
| 2022-08-04 | 3179.43 | 3189.04 | 3191 | 3155.7 | 2608989 | 371146920000 | 0.61 |
| 2022-08-03 | 3188.89 | 3163.67 | 3217.55 | 3159.46 | 3248857 | 455409760000 | 0.77 |
| 2022-08-02 | 3231.26 | 3186.27 | 3231.26 | 3155.19 | 3941762 | 475962700000 | 0.93 |
| 2022-08-01 | 3246.62 | 3259.96 | 3264.3 | 3225.55 | 2922048 | 399000240000 | 0.69 |
| 2022-07-29 | 3282.81 | 3253.24 | 3294.8 | 3246.37 | 3073310 | 410553090000 | 0.73 |
| 2022-07-28 | 3287.5 | 3282.58 | 3305.71 | 3277.11 | 2880551 | 395925560000 | 0.68 |
| 2022-07-27 | 3271.78 | 3275.76 | 3282.57 | 3265.73 | 2491315 | 339768240000 | 0.59 |
| 2022-07-26 | 3254.19 | 3277.44 | 3282.41 | 3246.04 | 2594687 | 334421590000 | 0.61 |
| 2022-07-25 | 3269.71 | 3250.39 | 3273.18 | 3243.03 | 2712457 | 348281870000 | 0.64 |
| 2022-07-22 | 3276.2 | 3269.97 | 3293.64 | 3246.73 | 3006901 | 383576010000 | 0.71 |
| 2022-07-21 | 3297.66 | 3272 | 3300.53 | 3272 | 3323587 | 420696580000 | 0.79 |
| 2022-07-20 | 3291.55 | 3304.72 | 3308.35 | 3287.74 | 3015151 | 383422750000 | 0.72 |
| 2022-07-19 | 3278.72 | 3279.43 | 3283.93 | 3256.02 | 3156519 | 396042360000 | 0.75 |
| 2022-07-18 | 3235.09 | 3278.1 | 3278.47 | 3226.23 | 3483460 | 423357270000 | 0.83 |
| 2022-07-15 | 3261.38 | 3228.06 | 3288.92 | 3228.06 | 3801564 | 460877020000 | 0.91 |
| 2022-07-14 | 3277.45 | 3281.74 | 3299.25 | 3261.49 | 3559264 | 431969350000 | 0.86 |
| 2022-07-13 | 3279.6 | 3284.29 | 3297.02 | 3266.48 | 3318457 | 394134620000 | 0.80 |
| 2022-07-12 | 3307.22 | 3281.47 | 3319.25 | 3277.08 | 3346005 | 410950560000 | 0.80 |
| 2022-07-11 | 3341.1 | 3313.58 | 3341.1 | 3297.01 | 3426692 | 424942270000 | 0.82 |
| 2022-07-08 | 3380.37 | 3356.08 | 3386.31 | 3354.12 | 3229211 | 421883930000 | 0.77 |
| 2022-07-07 | 3353.13 | 3364.4 | 3375.86 | 3332.31 | 3344002 | 438203110000 | 0.80 |
| 2022-07-06 | 3391.03 | 3355.35 | 3391.03 | 3333.1 | 3846300 | 487474670000 | 0.92 |
| 2022-07-05 | 3411.13 | 3404.03 | 3424.84 | 3372.06 | 4116997 | 516605700000 | 0.99 |
| 2022-07-04 | 3381.82 | 3405.43 | 3405.62 | 3364.09 | 3577379 | 489347960000 | 0.86 |
| 2022-07-01 | 3400.26 | 3387.64 | 3404.05 | 3378.36 | 3504893 | 458435290000 | 0.84 |
| 2022-06-30 | 3358.93 | 3398.62 | 3417.01 | 3358.93 | 3812432 | 510307200000 | 0.91 |
| 2022-06-29 | 3399.68 | 3361.52 | 3414.65 | 3358.47 | 4405736 | 561306980000 | 1.06 |
| 2022-06-28 | 3377.68 | 3409.21 | 3412.1 | 3358.87 | 4120565 | 525512510000 | 0.99 |
| 2022-06-27 | 3364 | 3379.19 | 3393.31 | 3364 | 4141177 | 541573850000 | 0.99 |
| 2022-06-24 | 3324.74 | 3349.75 | 3356.71 | 3322.95 | 3908197 | 509616000000 | 0.94 |
| 2022-06-23 | 3269.05 | 3320.15 | 3320.15 | 3262.29 | 4006142 | 474200110000 | 0.97 |
| 2022-06-22 | 3309.12 | 3267.2 | 3311.02 | 3266.54 | 3755298 | 440850990000 | 0.90 |
| 2022-06-21 | 3313.79 | 3306.72 | 3329.39 | 3279.83 | 3944569 | 471793650000 | 0.95 |
| 2022-06-20 | 3315.78 | 3315.43 | 3333.9 | 3292.93 | 4134604 | 527751760000 | 0.99 |
| 2022-06-17 | 3265.51 | 3316.79 | 3323.28 | 3262.89 | 3953007 | 497252170000 | 0.95 |
| 2022-06-16 | 3306.84 | 3285.38 | 3319.69 | 3277.53 | 4332209 | 506053990000 | 1.04 |
| 2022-06-15 | 3289.1 | 3305.41 | 3358.55 | 3288.85 | 5505841 | 621972530000 | 1.32 |
| 2022-06-14 | 3224.21 | 3288.91 | 3289.13 | 3195.82 | 4503882 | 513844990000 | 1.08 |
| 2022-06-13 | 3256.28 | 3255.55 | 3272.99 | 3229.31 | 4385783 | 511966170000 | 1.06 |
| 2022-06-10 | 3214.18 | 3284.83 | 3286.62 | 3210.81 | 4398657 | 504153680000 | 1.05 |
| 2022-06-09 | 3259.49 | 3238.95 | 3270.56 | 3223.48 | 4227284 | 468458210000 | 1.02 |
| 2022-06-08 | 3245.02 | 3263.79 | 3266.63 | 3216.01 | 4341833 | 508408530000 | 1.04 |
| 2022-06-07 | 3235.42 | 3241.76 | 3253.09 | 3222.64 | 4022032 | 482203200000 | 0.95 |
| 2022-06-06 | 3196.96 | 3236.37 | 3237.07 | 3181.65 | 4220278 | 517314350000 | 0.99 |
| 2022-06-02 | 3170.31 | 3195.46 | 3197.28 | 3163.76 | 3617706 | 413729260000 | 0.85 |
| 2022-06-01 | 3179.69 | 3182.16 | 3190.61 | 3160.04 | 3656644 | 402419940000 | 0.87 |
| 2022-05-31 | 3149.94 | 3186.43 | 3188.6 | 3142 | 3745233 | 432528020000 | 0.89 |
| 2022-05-30 | 3141.96 | 3149.06 | 3150.89 | 3123.15 | 3493623 | 376667690000 | 0.84 |
| 2022-05-27 | 3135.03 | 3130.24 | 3151.05 | 3112.54 | 3594639 | 372631600000 | 0.86 |
| 2022-05-26 | 3111.48 | 3123.11 | 3133.28 | 3079.48 | 3703055 | 377364660000 | 0.88 |
| 2022-05-25 | 3070.17 | 3107.46 | 3107.63 | 3069.95 | 3422592 | 342322170000 | 0.81 |
| 2022-05-24 | 3149.06 | 3070.93 | 3153.13 | 3070.93 | 4163122 | 438605380000 | 1.00 |
| 2022-05-23 | 3150.49 | 3146.86 | 3150.51 | 3127.9 | 3533763 | 381178570000 | 0.85 |
| 2022-05-20 | 3107.09 | 3146.57 | 3146.57 | 3107.09 | 3723366 | 415306220000 | 0.89 |
| 2022-05-19 | 3046.71 | 3096.96 | 3096.96 | 3042.67 | 3366007 | 360018210000 | 0.80 |
| 2022-05-18 | 3095.89 | 3085.98 | 3105.84 | 3071.31 | 3150379 | 338849160000 | 0.76 |
| 2022-05-17 | 3076.5 | 3093.7 | 3093.7 | 3057.64 | 3303565 | 351671300000 | 0.79 |
| 2022-05-16 | 3100.55 | 3073.75 | 3102.58 | 3063.4 | 3381085 | 348957710000 | 0.81 |
| 2022-05-13 | 3068.03 | 3084.28 | 3086.1 | 3059.25 | 3317379 | 340942190000 | 0.80 |
| 2022-05-12 | 3044.8 | 3054.99 | 3072.16 | 3032.95 | 3444405 | 368879650000 | 0.82 |
| 2022-05-11 | 3035.39 | 3058.7 | 3100.9 | 3034.67 | 4239919 | 472963380000 | 1.02 |
| 2022-05-10 | 2965.78 | 3035.84 | 3043.78 | 2957.4 | 3706610 | 384012600000 | 0.89 |
| 2022-05-09 | 2990.2 | 3004.14 | 3015.94 | 2983.61 | 2920616 | 299983260000 | 0.70 |
| 2022-05-06 | 3011.32 | 3001.56 | 3030.69 | 2992.72 | 3432642 | 346214400000 | 0.82 |
| 2022-05-05 | 3044.85 | 3067.76 | 3082.23 | 3042.12 | 3830729 | 409352000000 | 0.92 |
| 2022-04-29 | 2986.06 | 3047.06 | 3048.49 | 2968.33 | 4239328 | 440422730000 | 1.01 |
| 2022-04-28 | 2945.81 | 2975.48 | 2991.51 | 2936.79 | 3753718 | 388743020000 | 0.89 |
| 2022-04-27 | 2866.82 | 2958.28 | 2959.18 | 2863.65 | 4230602 | 422928350000 | 1.01 |
| 2022-04-26 | 2930.45 | 2886.43 | 2957.68 | 2878.26 | 4016152 | 395985960000 | 0.96 |
| 2022-04-25 | 3034.27 | 2928.51 | 3043.82 | 2928.51 | 4336061 | 427077210000 | 1.03 |
| 2022-04-22 | 3058.4 | 3086.92 | 3105.66 | 3049.36 | 3420006 | 348793630000 | 0.81 |
| 2022-04-21 | 3138.43 | 3079.81 | 3160.9 | 3069.68 | 3919347 | 396542030000 | 0.92 |
| 2022-04-20 | 3189.89 | 3151.05 | 3191.83 | 3142.05 | 3620470 | 373572710000 | 0.87 |
| 2022-04-19 | 3192.09 | 3194.03 | 3207.83 | 3174.71 | 3399441 | 362769880000 | 0.82 |
| 2022-04-18 | 3185.94 | 3195.52 | 3204.03 | 3166.98 | 3473651 | 366380810000 | 0.84 |
| 2022-04-15 | 3210.7 | 3211.24 | 3229.87 | 3200.13 | 4078421 | 413498820000 | 0.99 |
| 2022-04-14 | 3203.63 | 3225.64 | 3240 | 3200.23 | 3712423 | 401191630000 | 0.90 |
| 2022-04-13 | 3199.8 | 3186.82 | 3225.47 | 3183.53 | 3911569 | 398216900000 | 0.95 |
| 2022-04-12 | 3165.12 | 3213.33 | 3214.54 | 3140.9 | 4183219 | 422455850000 | 1.01 |
| 2022-04-11 | 3239.86 | 3167.13 | 3239.86 | 3156.51 | 4241602 | 435129510000 | 1.03 |
| 2022-04-08 | 3239.88 | 3251.85 | 3257.09 | 3208.35 | 4138268 | 414037260000 | 1.00 |
| 2022-04-07 | 3267.81 | 3236.7 | 3290.26 | 3236.48 | 4026267 | 398081850000 | 0.97 |
| 2022-04-06 | 3269.43 | 3283.43 | 3288.11 | 3255.69 | 4296428 | 433556390000 | 1.04 |
| 2022-04-01 | 3234.67 | 3282.72 | 3287.23 | 3226.3 | 3782105 | 405675720000 | 0.91 |
| 2022-03-31 | 3256.14 | 3252.2 | 3272.04 | 3246.06 | 3984399 | 428089030000 | 0.96 |
| 2022-03-30 | 3217.59 | 3266.6 | 3266.6 | 3216.3 | 3667537 | 413008940000 | 0.88 |
| 2022-03-29 | 3216.01 | 3203.94 | 3229.18 | 3196.46 | 3162736 | 363964470000 | 0.76 |
| 2022-03-28 | 3185.17 | 3214.5 | 3230.22 | 3159.83 | 3449949 | 374472280000 | 0.83 |
| 2022-03-25 | 3247.16 | 3212.24 | 3257.11 | 3211.64 | 3400200 | 389770400000 | 0.82 |
| 2022-03-24 | 3256.06 | 3250.26 | 3266.89 | 3236.66 | 3290067 | 390727520000 | 0.78 |
| 2022-03-23 | 3264.79 | 3271.03 | 3279.89 | 3251.98 | 3498754 | 405422030000 | 0.84 |
| 2022-03-22 | 3249.54 | 3259.86 | 3279.11 | 3239.53 | 3611962 | 402798960000 | 0.86 |
| 2022-03-21 | 3255.62 | 3253.69 | 3267.5 | 3223.39 | 3542285 | 421076290000 | 0.85 |
| 2022-03-18 | 3207.15 | 3251.07 | 3260.78 | 3197.36 | 3730356 | 428415080000 | 0.89 |
| 2022-03-17 | 3215.01 | 3215.04 | 3260.17 | 3202.93 | 4208135 | 532549480000 | 1.01 |
| 2022-03-16 | 3107.67 | 3170.71 | 3177.79 | 3023.3 | 4446672 | 522305340000 | 1.06 |
| 2022-03-15 | 3192.36 | 3063.97 | 3196.92 | 3063.97 | 4650372 | 508158410000 | 1.12 |
| 2022-03-14 | 3271.89 | 3223.53 | 3297.8 | 3223.53 | 3379687 | 418055600000 | 0.82 |
| 2022-03-11 | 3259.32 | 3309.75 | 3315.66 | 3217.42 | 3840671 | 458687050000 | 0.92 |
| 2022-03-10 | 3312.18 | 3296.09 | 3326.58 | 3291.24 | 3783364 | 466084010000 | 0.91 |
| 2022-03-09 | 3303.71 | 3256.39 | 3321.48 | 3147.68 | 4662856 | 519833300000 | 1.12 |
| 2022-03-08 | 3372.55 | 3293.53 | 3383.63 | 3287.34 | 4159268 | 485623580000 | 1.00 |
| 2022-03-07 | 3438.56 | 3372.86 | 3438.56 | 3360.74 | 3935890 | 458156890000 | 0.95 |
| 2022-03-04 | 3459.98 | 3447.65 | 3474.88 | 3437.7 | 3935266 | 430669060000 | 0.95 |
| 2022-03-03 | 3495.93 | 3481.11 | 3500.29 | 3473.34 | 4125943 | 443621780000 | 1.00 |
| 2022-03-02 | 3478.29 | 3484.19 | 3486.62 | 3467 | 3293677 | 380143820000 | 0.79 |
| 2022-03-01 | 3471.36 | 3488.83 | 3491.13 | 3465.72 | 3260017 | 412562470000 | 0.77 |
| 2022-02-28 | 3450.32 | 3462.31 | 3462.31 | 3425.52 | 3458384 | 413804530000 | 0.82 |
| 2022-02-25 | 3445.34 | 3451.41 | 3480.18 | 3440.93 | 3775426 | 441659490000 | 0.91 |
| 2022-02-24 | 3474.37 | 3429.96 | 3486.98 | 3400.21 | 4883549 | 569794040000 | 1.16 |
| 2022-02-23 | 3458.51 | 3489.15 | 3490.76 | 3458.18 | 3256049 | 415630340000 | 0.78 |
| 2022-02-22 | 3473.29 | 3457.15 | 3473.39 | 3437.67 | 3262795 | 387678930000 | 0.78 |
| 2022-02-21 | 3488.41 | 3490.61 | 3492.2 | 3471.69 | 3015417 | 345398590000 | 0.71 |
| 2022-02-18 | 3451.63 | 3490.76 | 3490.76 | 3447.03 | 2951500 | 327220390000 | 0.71 |
| 2022-02-17 | 3464.21 | 3468.04 | 3480.97 | 3454.28 | 2972627 | 355783130000 | 0.71 |
| 2022-02-16 | 3457.07 | 3465.83 | 3475.06 | 3453.8 | 2749939 | 325563410000 | 0.65 |
| 2022-02-15 | 3428.04 | 3446.09 | 3447.49 | 3421.64 | 2755593 | 341638880000 | 0.66 |
| 2022-02-14 | 3451.85 | 3428.88 | 3457.26 | 3415.45 | 3152744 | 361677860000 | 0.75 |
| 2022-02-11 | 3472.28 | 3462.95 | 3500.15 | 3459.33 | 3613561 | 426297920000 | 0.85 |
| 2022-02-10 | 3481.91 | 3485.91 | 3488.86 | 3464.22 | 3556663 | 404969420000 | 0.84 |
| 2022-02-09 | 3450.82 | 3479.95 | 3484.74 | 3444.08 | 3502499 | 393719990000 | 0.83 |
| 2022-02-08 | 3428.54 | 3452.63 | 3453.19 | 3390.46 | 3660939 | 387969870000 | 0.88 |
| 2022-02-07 | 3407.76 | 3429.58 | 3434.03 | 3407.76 | 3204852 | 357140420000 | 0.77 |
| 2022-01-28 | 3407.59 | 3361.44 | 3417.05 | 3356.56 | 2908553 | 353774610000 | 0.68 |
| 2022-01-27 | 3456.1 | 3394.25 | 3456.36 | 3392.02 | 2806065 | 346533960000 | 0.66 |
| 2022-01-26 | 3442.69 | 3455.67 | 3462.12 | 3417.76 | 2751228 | 338312360000 | 0.64 |
| 2022-01-25 | 3509.28 | 3433.06 | 3519.83 | 3433.06 | 3273538 | 383727740000 | 0.78 |
| 2022-01-24 | 3508.24 | 3524.11 | 3531.61 | 3500.14 | 2802683 | 358009690000 | 0.67 |
| 2022-01-21 | 3546.75 | 3522.57 | 3547 | 3514.89 | 3265349 | 417768920000 | 0.78 |
| 2022-01-20 | 3556.23 | 3555.06 | 3576.26 | 3540.55 | 3795098 | 459701840000 | 0.91 |
| 2022-01-19 | 3567.63 | 3558.18 | 3578.73 | 3541.66 | 3332353 | 420763360000 | 0.80 |
| 2022-01-18 | 3541.89 | 3569.91 | 3579.31 | 3531.33 | 3771464 | 470832040000 | 0.90 |
| 2022-01-17 | 3522.09 | 3541.67 | 3546.09 | 3519.43 | 3128867 | 438272980000 | 0.75 |
| 2022-01-14 | 3544.07 | 3521.26 | 3548.42 | 3519.32 | 3769370 | 463197640000 | 0.90 |
| 2022-01-13 | 3601.03 | 3555.26 | 3601.07 | 3555.16 | 3693684 | 457005420000 | 0.88 |
| 2022-01-12 | 3578.16 | 3597.43 | 3599.5 | 3572.1 | 3431330 | 435817890000 | 0.82 |
| 2022-01-11 | 3589.9 | 3567.44 | 3602.15 | 3562.75 | 3597619 | 441300570000 | 0.86 |
| 2022-01-10 | 3572.74 | 3593.52 | 3593.52 | 3555.13 | 3562226 | 443400850000 | 0.85 |
| 2022-01-07 | 3588.99 | 3579.54 | 3607.23 | 3577.1 | 4363070 | 502891440000 | 1.05 |
| 2022-01-06 | 3581.22 | 3586.08 | 3594.49 | 3559.88 | 3715405 | 474284290000 | 0.88 |
| 2022-01-05 | 3628.26 | 3595.18 | 3628.26 | 3583.47 | 4239020 | 538963630000 | 1.00 |
| 2022-01-04 | 3649.15 | 3632.33 | 3651.89 | 3610.09 | 4050278 | 510251060000 | 0.98 |
| 2021-12-31 | 3626.24 | 3639.78 | 3642.84 | 3624.94 | 3296819 | 433489800000 | 0.78 |
| 2021-12-30 | 3596.49 | 3619.19 | 3628.92 | 3595.5 | 3078393 | 413947690000 | 0.73 |
| 2021-12-29 | 3630.92 | 3597 | 3630.92 | 3596.32 | 3051318 | 410425340000 | 0.72 |
| 2021-12-28 | 3619.64 | 3630.11 | 3631.08 | 3607.36 | 3162022 | 408761370000 | 0.75 |
| 2021-12-27 | 3613.05 | 3615.97 | 3632.19 | 3601.94 | 3292353 | 407482650000 | 0.77 |
| 2021-12-24 | 3645.39 | 3618.05 | 3648.96 | 3612.07 | 3903476 | 476261150000 | 0.92 |
| 2021-12-23 | 3625.47 | 3643.34 | 3643.55 | 3618.05 | 3829257 | 449988150000 | 0.91 |
| 2021-12-22 | 3632.68 | 3622.62 | 3635.9 | 3616.55 | 3948252 | 432451310000 | 0.95 |
| 2021-12-21 | 3591.45 | 3625.13 | 3627.09 | 3591.45 | 4081843 | 428379390000 | 0.99 |
| 2021-12-20 | 3620.04 | 3593.6 | 3643.95 | 3589.36 | 4238514 | 491828990000 | 1.02 |
| 2021-12-17 | 3670.26 | 3632.36 | 3673.65 | 3631.66 | 4084878 | 491952920000 | 0.98 |
| 2021-12-16 | 3648.93 | 3675.02 | 3675.02 | 3644.66 | 3813295 | 465911360000 | 0.91 |
| 2021-12-15 | 3655.05 | 3647.63 | 3668.4 | 3645.24 | 3774777 | 481134370000 | 0.89 |
| 2021-12-14 | 3669.81 | 3661.53 | 3671.68 | 3654.66 | 3621719 | 487468520000 | 0.86 |
| 2021-12-13 | 3686.94 | 3681.08 | 3708.94 | 3678.06 | 4240920 | 574187960000 | 0.99 |
| 2021-12-10 | 3654.37 | 3666.35 | 3667.85 | 3651.35 | 4199888 | 556324240000 | 0.97 |
| 2021-12-09 | 3641.16 | 3673.04 | 3688.4 | 3638.7 | 4319182 | 568529390000 | 1.02 |
| 2021-12-08 | 3602.82 | 3637.57 | 3637.72 | 3591.99 | 3610367 | 486034350000 | 0.85 |
| 2021-12-07 | 3611.22 | 3595.09 | 3614.22 | 3572.57 | 4038426 | 524119460000 | 0.97 |
| 2021-12-06 | 3615.24 | 3589.31 | 3626.13 | 3586.81 | 4186767 | 528229670000 | 1.01 |
| 2021-12-03 | 3576.45 | 3607.43 | 3608.47 | 3573.21 | 3775510 | 493565550000 | 0.89 |
| 2021-12-02 | 3573.25 | 3573.84 | 3586.87 | 3567.14 | 3540415 | 468424830000 | 0.85 |
| 2021-12-01 | 3561.89 | 3576.89 | 3576.89 | 3558.69 | 3298735 | 467522790000 | 0.79 |
| 2021-11-30 | 3570.75 | 3563.89 | 3582.12 | 3546.36 | 3491879 | 493605520000 | 0.84 |
| 2021-11-29 | 3528.67 | 3562.7 | 3563.68 | 3526.36 | 3336183 | 490038170000 | 0.80 |
| 2021-11-26 | 3576.11 | 3564.09 | 3576.11 | 3554.88 | 3010001 | 434625240000 | 0.72 |
| 2021-11-25 | 3593.39 | 3584.18 | 3597.15 | 3579.53 | 3064515 | 450558840000 | 0.73 |
| 2021-11-24 | 3590.02 | 3592.7 | 3602.74 | 3575.29 | 3367752 | 481020420000 | 0.80 |
| 2021-11-23 | 3580.51 | 3589.09 | 3598.37 | 3577.36 | 3600116 | 508083890000 | 0.86 |
| 2021-11-22 | 3562.76 | 3582.08 | 3585.19 | 3562.75 | 3300094 | 509123410000 | 0.79 |
| 2021-11-19 | 3519.28 | 3560.37 | 3561.91 | 3517.65 | 3179900 | 440593610000 | 0.77 |
| 2021-11-18 | 3531.49 | 3520.71 | 3537.98 | 3513.11 | 3124269 | 432898310000 | 0.74 |
| 2021-11-17 | 3518.56 | 3537.37 | 3537.51 | 3513.52 | 2767357 | 401552320000 | 0.66 |
| 2021-11-16 | 3530.46 | 3521.79 | 3549.77 | 3517.81 | 3103999 | 444700780000 | 0.74 |
| 2021-11-15 | 3542.9 | 3533.3 | 3550.44 | 3521.29 | 3130176 | 464065410000 | 0.75 |
| 2021-11-12 | 3534.15 | 3539.1 | 3543.65 | 3527.39 | 3086834 | 443398370000 | 0.74 |
| 2021-11-11 | 3486.45 | 3532.79 | 3534.2 | 3482.83 | 3220880 | 464803860000 | 0.78 |
| 2021-11-10 | 3498.94 | 3492.46 | 3498.94 | 3448.44 | 3070307 | 443112740000 | 0.74 |
| 2021-11-09 | 3507.11 | 3507 | 3514.95 | 3489.04 | 2873160 | 421200700000 | 0.69 |
| 2021-11-08 | 3491.97 | 3498.63 | 3507.27 | 3484.24 | 2981837 | 421968080000 | 0.72 |
| 2021-11-05 | 3520.21 | 3491.57 | 3525.87 | 3491.46 | 3545336 | 485823220000 | 0.85 |
| 2021-11-04 | 3505.89 | 3526.87 | 3527.95 | 3503.01 | 3194408 | 468829180000 | 0.76 |
| 2021-11-03 | 3501.11 | 3498.54 | 3512.61 | 3480.49 | 3066077 | 449115130000 | 0.74 |
| 2021-11-02 | 3543.38 | 3505.63 | 3559.05 | 3477.66 | 4175632 | 585519470000 | 1.01 |
| 2021-11-01 | 3530.4 | 3544.48 | 3556.59 | 3519.29 | 3822513 | 564100260000 | 0.91 |
| 2021-10-29 | 3519.33 | 3547.34 | 3547.34 | 3502.8 | 3588094 | 527231830000 | 0.87 |
| 2021-10-28 | 3548.7 | 3518.42 | 3552.04 | 3509.49 | 3781717 | 502982770000 | 0.91 |
| 2021-10-27 | 3589.86 | 3562.31 | 3589.86 | 3553.13 | 3506209 | 470777790000 | 0.84 |
| 2021-10-26 | 3612.83 | 3597.64 | 3625.02 | 3589.71 | 3372783 | 465179590000 | 0.82 |
| 2021-10-25 | 3574.26 | 3609.86 | 3611.09 | 3564.21 | 3211968 | 443961630000 | 0.79 |
| 2021-10-22 | 3594.75 | 3582.6 | 3607.58 | 3578.76 | 3531572 | 455441250000 | 0.87 |
| 2021-10-21 | 3590.05 | 3594.78 | 3610.96 | 3576.35 | 3523109 | 453571670000 | 0.86 |
| 2021-10-20 | 3583.24 | 3587 | 3596.05 | 3574.3 | 3442450 | 450482950000 | 0.83 |
| 2021-10-19 | 3562.3 | 3593.15 | 3596.79 | 3560.62 | 3341977 | 440181530000 | 0.82 |
| 2021-10-18 | 3571.05 | 3568.14 | 3571.05 | 3539.48 | 3409506 | 455787890000 | 0.83 |
| 2021-10-15 | 3551.99 | 3572.37 | 3578.77 | 3542.69 | 3202930 | 425924720000 | 0.78 |
| 2021-10-14 | 3555.11 | 3558.28 | 3569.69 | 3547.18 | 2949692 | 377519260000 | 0.71 |
| 2021-10-13 | 3543.49 | 3561.76 | 3569.13 | 3515.65 | 3250507 | 405020010000 | 0.79 |
| 2021-10-12 | 3581.3 | 3546.94 | 3583.64 | 3515.14 | 4053937 | 461983490000 | 0.99 |
| 2021-10-11 | 3600.36 | 3591.71 | 3614.7 | 3586.75 | 3943612 | 468673830000 | 0.97 |
| 2021-10-08 | 3609.09 | 3592.17 | 3612.55 | 3571.73 | 4071611 | 492964830000 | 1.00 |
| 2021-09-30 | 3541.93 | 3568.17 | 3572.43 | 3541.93 | 3956296 | 445734700000 | 0.97 |
| 2021-09-29 | 3573.52 | 3536.29 | 3573.52 | 3518.05 | 4525112 | 511106930000 | 1.10 |
| 2021-09-28 | 3577.89 | 3602.22 | 3610.92 | 3568.82 | 4441688 | 500082000000 | 1.08 |
| 2021-09-27 | 3625.96 | 3582.83 | 3640.81 | 3559.92 | 5108028 | 640673650000 | 1.25 |
| 2021-09-24 | 3637.87 | 3613.07 | 3651.43 | 3607.79 | 5073048 | 606788610000 | 1.24 |
| 2021-09-23 | 3651.27 | 3642.22 | 3670.95 | 3632.28 | 5349955 | 633218930000 | 1.30 |
| 2021-09-22 | 3563.21 | 3628.49 | 3629.45 | 3560.5 | 4722961 | 559874730000 | 1.13 |
| 2021-09-17 | 3595.27 | 3613.97 | 3620.96 | 3569.27 | 5168502 | 628834390000 | 1.24 |
| 2021-09-16 | 3664.84 | 3607.09 | 3677.92 | 3606.73 | 5467415 | 673955340000 | 1.35 |
| 2021-09-15 | 3651.16 | 3656.22 | 3677.53 | 3638.32 | 4749700 | 604231540000 | 1.15 |
| 2021-09-14 | 3709.63 | 3662.6 | 3723.85 | 3655.63 | 5649524 | 693778090000 | 1.41 |
| 2021-09-13 | 3699.25 | 3715.37 | 3716.83 | 3692.82 | 5574840 | 696192350000 | 1.38 |
| 2021-09-10 | 3691.19 | 3703.11 | 3722.87 | 3681.64 | 6352004 | 759084640000 | 1.57 |
| 2021-09-09 | 3666.82 | 3693.13 | 3693.45 | 3662.16 | 6048103 | 679465420000 | 1.49 |
| 2021-09-08 | 3673.4 | 3675.19 | 3695.32 | 3661 | 5864362 | 674348480000 | 1.42 |
| 2021-09-07 | 3621.71 | 3676.59 | 3681.93 | 3615.14 | 5477219 | 658867920000 | 1.34 |
| 2021-09-06 | 3580.14 | 3621.86 | 3626.29 | 3580.14 | 5217133 | 654085730000 | 1.26 |
| 2021-09-03 | 3602.74 | 3581.73 | 3613.95 | 3569.4 | 6145324 | 743840780000 | 1.48 |
| 2021-09-02 | 3559.9 | 3597.04 | 3597.37 | 3557.68 | 5726840 | 691113290000 | 1.39 |
| 2021-09-01 | 3543.87 | 3567.1 | 3582.32 | 3514.67 | 6672763 | 842528980000 | 1.65 |
| 2021-08-31 | 3519.02 | 3543.94 | 3543.94 | 3496.39 | 5242051 | 703504820000 | 1.28 |
| 2021-08-30 | 3535.07 | 3528.15 | 3539.49 | 3512.99 | 5127857 | 699116240000 | 1.25 |
| 2021-08-27 | 3494.42 | 3522.16 | 3530.19 | 3493.38 | 4553459 | 595518690000 | 1.10 |
| 2021-08-26 | 3537.31 | 3501.66 | 3537.32 | 3499.45 | 5029031 | 622393480000 | 1.22 |
| 2021-08-25 | 3517.92 | 3540.38 | 3540.39 | 3510.07 | 4500470 | 598611870000 | 1.06 |
| 2021-08-24 | 3482.27 | 3514.47 | 3522.7 | 3481.14 | 4302365 | 616084140000 | 1.05 |
| 2021-08-23 | 3436.8 | 3477.13 | 3481.25 | 3436.67 | 3847274 | 564308160000 | 0.93 |
| 2021-08-20 | 3442.51 | 3427.33 | 3453.15 | 3394.97 | 3911369 | 552667600000 | 0.86 |
| 2021-08-19 | 3475.3 | 3465.55 | 3480.46 | 3446.01 | 3823830 | 537926520000 | 0.92 |
| 2021-08-18 | 3442.35 | 3485.29 | 3487.44 | 3437.69 | 3892038 | 535463070000 | 0.95 |
| 2021-08-17 | 3512.11 | 3446.98 | 3531.72 | 3438.12 | 4228858 | 570430620000 | 1.03 |
| 2021-08-16 | 3514.34 | 3517.34 | 3537.85 | 3510.9 | 3910997 | 535458940000 | 0.94 |
