| date | open | last | high | low | volume | amount | exchange |
| --- | --- | --- | --- | --- | --- | --- | --- |
| 2026-08-14 | 14335.41 | 14297.55 | 14384.18 | 14271.5 | 295397593 | 509219778677.00006 | 1.21 |
| 2026-08-13 | 14536.48 | 14289.44 | 14584.3 | 14289.01 | 738110176 | 1386713670000 | 3.01 |
| 2026-08-12 | 14253.12 | 14414.43 | 14467 | 14237.2 | 625395865 | 1166300720000 | 2.55 |
| 2026-08-11 | 14266.44 | 14259.44 | 14447.1 | 14201.29 | 643011992 | 1254248830000 | 2.62 |
| 2026-08-10 | 14348.95 | 14316.96 | 14373.77 | 14102.66 | 687533827 | 1356209540000 | 2.80 |
| 2026-08-07 | 14152.78 | 14311.01 | 14396.07 | 14049.34 | 719703760 | 1454876180000 | 2.94 |
| 2026-08-06 | 13981.44 | 14110.12 | 14252.14 | 13922.41 | 716171979 | 1361962800000 | 2.92 |
| 2026-08-05 | 13644.83 | 14144.2 | 14246.38 | 13644.83 | 732409197 | 1450911480000 | 2.99 |
| 2026-08-04 | 13572.95 | 13885.71 | 13936.52 | 13537.76 | 664836577 | 1205209290000 | 2.71 |
| 2026-08-03 | 13497.1 | 13448.29 | 13570.51 | 13407.99 | 618828696 | 1045128970000 | 2.53 |
| 2026-07-31 | 13690 | 13578.93 | 13841.96 | 13578.93 | 719395944 | 1354266630000 | 2.94 |
| 2026-07-30 | 13531.07 | 13285.8 | 13619.03 | 13068.56 | 686984750 | 1236331990000 | 2.80 |
| 2026-07-29 | 13498.75 | 13658.44 | 13756.71 | 13267.64 | 675056731 | 1209171340000 | 2.76 |
| 2026-07-28 | 13830.35 | 13509.68 | 13940.99 | 13470.11 | 573579930 | 1076097520000 | 2.34 |
| 2026-07-27 | 13768.6 | 14148.73 | 14148.73 | 13689.01 | 571360929 | 1045308330000 | 2.33 |
| 2026-07-24 | 13915.04 | 13774.68 | 14061.03 | 13774.68 | 568710893 | 1015773620000 | 2.32 |
| 2026-07-23 | 14116.02 | 14123.31 | 14203.64 | 13991.83 | 625578724 | 1169425770000 | 2.56 |
| 2026-07-22 | 14169.97 | 14061.44 | 14360.37 | 13988.51 | 681366334 | 1395196960000 | 2.78 |
| 2026-07-21 | 13656.08 | 14264.29 | 14264.8 | 13364.41 | 835911335 | 1560575060000 | 3.42 |
| 2026-07-20 | 13869.06 | 13610.23 | 13972.99 | 13342.93 | 772878368 | 1407475250000 | 3.16 |
| 2026-07-17 | 14348.22 | 13706.88 | 14350.47 | 13586.49 | 763770395 | 1408513310000 | 3.12 |
| 2026-07-16 | 14497.43 | 14488.65 | 14780.46 | 14386.41 | 665968453 | 1279356960000 | 2.72 |
| 2026-07-15 | 14970.77 | 14779.4 | 15041.33 | 14741.8 | 688984096 | 1344855610000 | 2.81 |
| 2026-07-14 | 14532.36 | 14924.87 | 14924.87 | 14338.36 | 674840592 | 1432171610000 | 2.75 |
| 2026-07-13 | 14908.98 | 14522.85 | 14997.07 | 14437.07 | 733844798 | 1482889150000 | 2.99 |
| 2026-07-10 | 15480.41 | 15046.67 | 15581.94 | 15046.67 | 828811174 | 1825441560000 | 3.38 |
| 2026-07-09 | 15038.47 | 15398.73 | 15419.12 | 14781.24 | 716541158 | 1549552440000 | 2.92 |
| 2026-07-08 | 15269.82 | 14939.73 | 15292.12 | 14907.62 | 654790391 | 1371167330000 | 2.66 |
| 2026-07-07 | 15345.39 | 15225.11 | 15461.37 | 15081.92 | 678476454 | 1384786220000 | 2.76 |
| 2026-07-06 | 15677.93 | 15416.8 | 15749.36 | 15288.49 | 768142319 | 1659011640000 | 3.12 |
| 2026-07-03 | 15480.12 | 15597.51 | 15823.05 | 15432.89 | 785895029 | 1716890420000 | 3.20 |
| 2026-07-02 | 15729.92 | 15498.81 | 15886.7 | 15453.52 | 857269760 | 1873367630000 | 3.47 |
| 2026-07-01 | 16226.97 | 16119.17 | 16332.48 | 15988.42 | 873614867 | 1961516090000 | 3.57 |
| 2026-06-30 | 15811.67 | 16205.56 | 16232.23 | 15809.65 | 745149838 | 1743431710000 | 3.05 |
| 2026-06-29 | 15781.79 | 15812.87 | 15938.23 | 15487.92 | 808457859 | 1851533400000 | 3.31 |
| 2026-06-26 | 16211.41 | 15782.22 | 16215.45 | 15728.84 | 837034655 | 1931214760000 | 3.42 |
| 2026-06-25 | 16099.76 | 16344.08 | 16359.62 | 16058.85 | 830961769 | 1975291470000 | 3.41 |
| 2026-06-24 | 15782.4 | 16051.32 | 16068.41 | 15730.16 | 790758052 | 1770135020000 | 3.24 |
| 2026-06-23 | 16324.24 | 15854.2 | 16355.95 | 15756.41 | 808549306 | 1846221650000 | 3.31 |
| 2026-06-22 | 16095.63 | 16372.5 | 16374.02 | 15914.05 | 876768616 | 2033198470000 | 3.59 |
| 2026-06-18 | 15826.79 | 16030.7 | 16104.77 | 15825.32 | 764976920 | 1749632940000 | 3.14 |
| 2026-06-17 | 15569.92 | 15880.95 | 15885.49 | 15569.92 | 745916232 | 1688618260000 | 3.06 |
| 2026-06-16 | 15584.37 | 15675.25 | 15761 | 15537.5 | 754828802 | 1695082860000 | 3.10 |
| 2026-06-15 | 15153.18 | 15531.11 | 15531.11 | 15055.95 | 757054683 | 1627612450000 | 3.11 |
| 2026-06-12 | 15149.52 | 14963.41 | 15171.22 | 14943.43 | 792336423 | 1677548230000 | 3.25 |
| 2026-06-11 | 14889.57 | 14851.98 | 15062.75 | 14706.09 | 669817686 | 1366466940000 | 2.75 |
| 2026-06-10 | 15062.51 | 14954.1 | 15149.37 | 14817.11 | 710462329 | 1392172810000 | 2.92 |
| 2026-06-09 | 14992.55 | 15268.71 | 15274.72 | 14846.55 | 718050679 | 1467207130000 | 2.95 |
| 2026-06-08 | 14835.37 | 14821.19 | 15137.75 | 14681.64 | 788640863 | 1525460880000 | 3.24 |
| 2026-06-05 | 15595.7 | 15314.7 | 15710.14 | 15243.51 | 818251186 | 1705304050000 | 3.36 |
| 2026-06-04 | 15540.06 | 15661.57 | 15745.19 | 15517.94 | 718939421 | 1483016700000 | 2.95 |
| 2026-06-03 | 15646.69 | 15704.71 | 15962.36 | 15542.66 | 792737877 | 1700522740000 | 3.26 |
| 2026-06-02 | 15410.7 | 15591.13 | 15664.39 | 15203.8 | 737350307 | 1512025930000 | 3.03 |
| 2026-06-01 | 15601.03 | 15340.36 | 15717.45 | 15316.02 | 760393033 | 1557686050000 | 3.13 |
| 2026-05-29 | 15957.12 | 15575.13 | 15981.93 | 15492.84 | 848879728 | 1786964800000 | 3.49 |
| 2026-05-28 | 15691.16 | 15861.89 | 15889.83 | 15504.79 | 747849432 | 1606824860000 | 3.08 |
| 2026-05-27 | 15868.9 | 15736.47 | 16047.41 | 15656.65 | 815871163 | 1765113240000 | 3.36 |
| 2026-05-26 | 15786.82 | 15876.16 | 15894.55 | 15662.16 | 823273532 | 1782006720000 | 3.39 |
| 2026-05-25 | 15716.39 | 15856.61 | 15857.08 | 15547.16 | 781225873 | 1760074860000 | 3.21 |
| 2026-05-22 | 15382.29 | 15597.3 | 15624.97 | 15295.57 | 763067278 | 1617472540000 | 3.14 |
| 2026-05-21 | 15707.96 | 15247.27 | 15894.3 | 15232.6 | 878984174 | 1885877970000 | 3.62 |
| 2026-05-20 | 15487.43 | 15569.98 | 15622.21 | 15426.38 | 726217958 | 1594787540000 | 2.99 |
| 2026-05-19 | 15469.36 | 15569.91 | 15585.04 | 15221.35 | 731216529 | 1580035930000 | 3.01 |
| 2026-05-18 | 15465.3 | 15530.23 | 15658.11 | 15419.04 | 738305604 | 1578895900000 | 3.04 |
| 2026-05-15 | 15753.19 | 15561.37 | 15855.55 | 15447.4 | 849695631 | 1825236170000 | 3.50 |
| 2026-05-14 | 16202.22 | 15745.74 | 16207.75 | 15745.74 | 873525492 | 1864136880000 | 3.60 |
| 2026-05-13 | 15713.54 | 16089.75 | 16100.46 | 15713.54 | 827341429 | 1792550090000 | 3.41 |
| 2026-05-12 | 15952.79 | 15824.92 | 15952.79 | 15711.27 | 847817149 | 1777383750000 | 3.49 |
| 2026-05-11 | 15697.44 | 15899.3 | 15921.65 | 15622.33 | 911634859 | 1954494740000 | 3.76 |
| 2026-05-08 | 15520.38 | 15563.8 | 15639.39 | 15466.84 | 826218480 | 1716868860000 | 3.41 |
| 2026-05-07 | 15541.3 | 15641.89 | 15652.58 | 15439.48 | 844489884 | 1784856100000 | 3.48 |
| 2026-05-06 | 15323.19 | 15459.62 | 15534.67 | 15254.99 | 826248677 | 1760931030000 | 3.41 |
| 2026-04-30 | 15157.07 | 15107.55 | 15186.12 | 15044.86 | 737703743 | 1464716730000 | 3.04 |
| 2026-04-29 | 14751.42 | 15120.92 | 15139.71 | 14751.42 | 736380398 | 1463521740000 | 3.04 |
| 2026-04-28 | 14925.22 | 14830.46 | 14943.36 | 14772.46 | 723727547 | 1422352270000 | 2.99 |
| 2026-04-27 | 14960.02 | 14995.75 | 15054.46 | 14919.22 | 709930001 | 1453399430000 | 2.93 |
| 2026-04-24 | 14951.74 | 14940.3 | 15033.67 | 14795.22 | 709729439 | 1498859080000 | 2.93 |
| 2026-04-23 | 15234.22 | 15043.45 | 15248.43 | 14934.68 | 761022818 | 1570096210000 | 3.14 |
| 2026-04-22 | 14897.96 | 15177.29 | 15182.82 | 14897.96 | 698955593 | 1466159220000 | 2.89 |
| 2026-04-21 | 14920.38 | 14982.14 | 15017.75 | 14774.08 | 701150038 | 1375194590000 | 2.89 |
| 2026-04-20 | 14870.9 | 14966.75 | 15006.92 | 14845.97 | 723332086 | 1494192080000 | 2.99 |
| 2026-04-17 | 14806.28 | 14885.42 | 14916.39 | 14787.87 | 695914499 | 1412063030000 | 2.87 |
| 2026-04-16 | 14546.35 | 14796.33 | 14807.16 | 14522.86 | 686456018 | 1365124840000 | 2.83 |
| 2026-04-15 | 14736.01 | 14498.45 | 14738.53 | 14440.21 | 697369584 | 1386392930000 | 2.88 |
| 2026-04-14 | 14514.69 | 14639.95 | 14640.77 | 14463.93 | 683376964 | 1385288550000 | 2.82 |
| 2026-04-13 | 14233.11 | 14407.86 | 14440.26 | 14233.11 | 623636577 | 1230931860000 | 2.57 |
| 2026-04-10 | 14098.02 | 14309.47 | 14382.61 | 14095.88 | 668726169 | 1367204590000 | 2.76 |
| 2026-04-09 | 13928.43 | 13996.27 | 14058.05 | 13891.48 | 653026389 | 1231594300000 | 2.69 |
| 2026-04-08 | 13717.22 | 14042.5 | 14042.5 | 13694.91 | 748327010 | 1360312860000 | 3.09 |
| 2026-04-07 | 13392.94 | 13400.41 | 13476.08 | 13305.51 | 540630597 | 890489000000 | 2.23 |
| 2026-04-03 | 13553.65 | 13352.9 | 13558.91 | 13345.61 | 586572227 | 942677100000 | 2.42 |
| 2026-04-02 | 13658.25 | 13486.94 | 13680.63 | 13418.5 | 636038710 | 1031097370000 | 2.62 |
| 2026-04-01 | 13731.39 | 13706.52 | 13740.97 | 13603.79 | 655763382 | 1115237780000 | 2.70 |
| 2026-03-31 | 13683.68 | 13478.06 | 13783.97 | 13478.06 | 664490771 | 1100705940000 | 2.74 |
| 2026-03-30 | 13618.79 | 13726.19 | 13748.21 | 13536.56 | 653413030 | 1076071340000 | 2.70 |
| 2026-03-27 | 13423.51 | 13760.37 | 13842.4 | 13419.31 | 630568985 | 1053577030000 | 2.61 |
| 2026-03-26 | 13756.87 | 13606.44 | 13853.1 | 13573.12 | 667004907 | 1095254630000 | 2.76 |
| 2026-03-25 | 13669.05 | 13801 | 13835.03 | 13666.84 | 723433703 | 1211975420000 | 2.99 |
| 2026-03-24 | 13514.67 | 13536.56 | 13536.56 | 13169.25 | 731464361 | 1151449430000 | 3.02 |
| 2026-03-23 | 13619.94 | 13345.51 | 13758.97 | 13274.18 | 852353152 | 1345299020000 | 3.52 |
| 2026-03-20 | 14021.46 | 13866.2 | 14144.99 | 13856.49 | 734132051 | 1321995590000 | 3.04 |
| 2026-03-19 | 14003.7 | 13901.57 | 14098.69 | 13852.6 | 679341018 | 1175704080000 | 2.81 |
| 2026-03-18 | 14108.92 | 14187.8 | 14203.91 | 13944.37 | 666055598 | 1169736140000 | 2.76 |
| 2026-03-17 | 14370.45 | 14039.73 | 14400.36 | 14039.5 | 753197038 | 1256632860000 | 3.12 |
| 2026-03-16 | 14291.15 | 14307.58 | 14320.1 | 14097.82 | 753016186 | 1288107040000 | 3.12 |
| 2026-03-13 | 14300.92 | 14280.78 | 14454.31 | 14245.96 | 774225691 | 1336399030000 | 3.20 |
| 2026-03-12 | 14457.63 | 14374.87 | 14478.05 | 14245.77 | 768805142 | 1363682640000 | 3.18 |
| 2026-03-11 | 14373.74 | 14465.41 | 14531.02 | 14373.01 | 770973777 | 1444776810000 | 3.19 |
| 2026-03-10 | 14239.3 | 14354.07 | 14357.82 | 14239.3 | 736222902 | 1361460410000 | 3.05 |
| 2026-03-09 | 13920.29 | 14067.5 | 14103.63 | 13701.67 | 837345656 | 1453438640000 | 3.47 |
| 2026-03-06 | 14015.54 | 14172.63 | 14212.84 | 13969.34 | 729278913 | 1221343290000 | 3.02 |
| 2026-03-05 | 14160.2 | 14088.84 | 14202.76 | 13999.7 | 758966477 | 1321994080000 | 3.15 |
| 2026-03-04 | 13854.37 | 13917.75 | 14112.02 | 13854.37 | 740464019 | 1252671980000 | 3.07 |
| 2026-03-03 | 14498.7 | 14022.39 | 14526.06 | 14007.65 | 970658945 | 1703720230000 | 4.02 |
| 2026-03-02 | 14327.65 | 14465.79 | 14509.69 | 14285.67 | 933794647 | 1674826280000 | 3.87 |
| 2026-02-27 | 14375.25 | 14495.09 | 14497.96 | 14366.35 | 781109596 | 1415655680000 | 3.24 |
| 2026-02-26 | 14495.86 | 14503.79 | 14536.08 | 14408.88 | 793134075 | 1471247130000 | 3.29 |
| 2026-02-25 | 14322.24 | 14475.87 | 14512.85 | 14314.15 | 793688511 | 1376578230000 | 3.29 |
| 2026-02-24 | 14313.86 | 14291.57 | 14376.96 | 14214.41 | 712425990 | 1263450470000 | 2.95 |
| 2026-02-13 | 14188.35 | 14100.19 | 14258.83 | 14092.84 | 640639616 | 1135871600000 | 2.66 |
| 2026-02-12 | 14177.97 | 14283 | 14296.48 | 14177.29 | 696259702 | 1243783320000 | 2.89 |
| 2026-02-11 | 14186.65 | 14160.93 | 14250.34 | 14156.16 | 681933201 | 1161644820000 | 2.83 |
| 2026-02-10 | 14200.76 | 14210.63 | 14258.51 | 14165.43 | 733002884 | 1223333550000 | 3.04 |
| 2026-02-09 | 14115.14 | 14208.44 | 14211.7 | 14060.67 | 726369602 | 1299746940000 | 3.01 |
| 2026-02-06 | 13801.03 | 13906.73 | 14065.78 | 13726.86 | 730349548 | 1247064310000 | 3.03 |
| 2026-02-05 | 14020.84 | 13952.71 | 14074.36 | 13874.02 | 726225381 | 1229230630000 | 3.01 |
| 2026-02-04 | 14072.41 | 14156.27 | 14173.77 | 13958.08 | 815238780 | 1417426400000 | 3.38 |
| 2026-02-03 | 13986.89 | 14127.11 | 14129.6 | 13815.23 | 782910934 | 1433511300000 | 3.25 |
| 2026-02-02 | 14128.87 | 13824.35 | 14213.61 | 13815.28 | 811142364 | 1421232460000 | 3.37 |
| 2026-01-30 | 14214.14 | 14205.89 | 14291.57 | 13923.95 | 902322925 | 1565681990000 | 3.75 |
| 2026-01-29 | 14332.7 | 14300.08 | 14418.09 | 14252.2 | 993915564 | 1744212990000 | 4.13 |
| 2026-01-28 | 14371.96 | 14342.89 | 14411.65 | 14234.89 | 883025460 | 1599884230000 | 3.67 |
| 2026-01-27 | 14283.78 | 14329.91 | 14403.6 | 14105.13 | 909686276 | 1605549120000 | 3.78 |
| 2026-01-26 | 14492.42 | 14316.64 | 14532.9 | 14277.67 | 1023228090 | 1796342760000 | 4.25 |
| 2026-01-23 | 14349.01 | 14439.66 | 14449.84 | 14320.51 | 982699102 | 1748367010000 | 4.08 |
| 2026-01-22 | 14313.63 | 14327.05 | 14374.51 | 14223.34 | 822514300 | 1489968420000 | 3.42 |
| 2026-01-21 | 14102.21 | 14255.13 | 14320.94 | 14102.21 | 793387853 | 1420414190000 | 3.29 |
| 2026-01-20 | 14307.55 | 14155.63 | 14337.12 | 14033.22 | 881921909 | 1556171770000 | 3.66 |
| 2026-01-19 | 14221.93 | 14294.05 | 14392.88 | 14221.93 | 832205019 | 1518210790000 | 3.46 |
| 2026-01-16 | 14374.54 | 14281.08 | 14424.35 | 14257.59 | 906894526 | 1688215000000 | 3.77 |
| 2026-01-15 | 14158.66 | 14306.73 | 14328.6 | 14155.5 | 971527612 | 1729581260000 | 4.04 |
| 2026-01-14 | 14194.11 | 14248.6 | 14459.21 | 14099.98 | 1312118729 | 2334347800000 | 5.45 |
| 2026-01-13 | 14397.68 | 14169.4 | 14458.88 | 14113.17 | 1195102024 | 2169410680000 | 4.97 |
| 2026-01-12 | 14186.86 | 14366.91 | 14391.28 | 14089.59 | 1152643528 | 2155145900000 | 4.79 |
| 2026-01-09 | 13917.78 | 14120.15 | 14139.54 | 13917.78 | 1013527536 | 1833489100000 | 4.21 |
| 2026-01-08 | 13971.89 | 13959.48 | 14033.59 | 13883.81 | 920288378 | 1617076630000 | 3.82 |
| 2026-01-07 | 14062.02 | 14030.56 | 14111.18 | 13935.53 | 913575189 | 1656718100000 | 3.80 |
| 2026-01-06 | 13830.3 | 14022.55 | 14024.12 | 13827.79 | 931832648 | 1630738610000 | 3.87 |
| 2026-01-05 | 13633.63 | 13828.63 | 13828.97 | 13633.63 | 830357123 | 1478937000000 | 3.45 |
| 2025-12-31 | 13627.26 | 13525.02 | 13642.53 | 13491.68 | 713396441 | 1215630490000 | 2.96 |
| 2025-12-30 | 13466.3 | 13604.07 | 13645.56 | 13465.67 | 716223366 | 1254792190000 | 2.98 |
| 2025-12-29 | 13604.3 | 13537.1 | 13650.7 | 13494.96 | 713871413 | 1235517820000 | 2.97 |
| 2025-12-26 | 13539.05 | 13603.89 | 13674.87 | 13517.8 | 741292910 | 1266547060000 | 3.08 |
| 2025-12-25 | 13472.7 | 13531.41 | 13563.06 | 13407.37 | 660794063 | 1139504120000 | 2.75 |
| 2025-12-24 | 13378.48 | 13486.42 | 13497.1 | 13347.76 | 640440440 | 1106339630000 | 2.67 |
| 2025-12-23 | 13338.93 | 13368.99 | 13447.29 | 13305.76 | 674894658 | 1092987270000 | 2.81 |
| 2025-12-22 | 13225.4 | 13332.73 | 13349.08 | 13225.4 | 653549135 | 1072183330000 | 2.72 |
| 2025-12-19 | 13116.19 | 13140.21 | 13217.44 | 13070.73 | 657127412 | 987848690000 | 2.74 |
| 2025-12-18 | 13112.61 | 13053.97 | 13205.22 | 13053.97 | 590116207 | 950587340000 | 2.46 |
| 2025-12-17 | 12927.39 | 13224.51 | 13254.81 | 12927.39 | 653501697 | 1044325060000 | 2.72 |
| 2025-12-16 | 13084.88 | 12914.67 | 13113.99 | 12851.22 | 664521844 | 990879110000 | 2.76 |
| 2025-12-15 | 13150.43 | 13112.09 | 13244.03 | 13111.38 | 627285731 | 1008834670000 | 2.61 |
| 2025-12-12 | 13174.45 | 13258.33 | 13284.27 | 13085.42 | 700998215 | 1182255360000 | 2.92 |
| 2025-12-11 | 13333.29 | 13147.39 | 13388.26 | 13147.39 | 705369907 | 1092762490000 | 2.93 |
| 2025-12-10 | 13251.27 | 13316.42 | 13344.85 | 13126.21 | 676290971 | 1048145060000 | 2.81 |
| 2025-12-09 | 13295.62 | 13277.36 | 13398.25 | 13227.77 | 688045902 | 1122792900000 | 2.86 |
| 2025-12-08 | 13178.96 | 13329.99 | 13389.67 | 13178.96 | 729089825 | 1197207360000 | 3.03 |
| 2025-12-05 | 13020.29 | 13147.68 | 13164.48 | 12938.35 | 669303065 | 1009028860000 | 2.79 |
| 2025-12-04 | 12957.8 | 13006.72 | 13042.96 | 12881.56 | 634198084 | 925247250000 | 2.64 |
| 2025-12-03 | 13071.16 | 12955.25 | 13126.67 | 12922.68 | 691706047 | 1022795740000 | 2.88 |
| 2025-12-02 | 13130.07 | 13056.7 | 13132.81 | 13011.11 | 643851126 | 965989590000 | 2.68 |
| 2025-12-01 | 13038.16 | 13146.72 | 13149.4 | 12993.89 | 694440764 | 1088279480000 | 2.89 |
| 2025-11-28 | 12869.66 | 12984.08 | 13000.07 | 12834.08 | 611391069 | 940040410000 | 2.54 |
| 2025-11-27 | 12903.91 | 12875.19 | 13082.77 | 12863.26 | 637558377 | 1011274510000 | 2.65 |
| 2025-11-26 | 12769.93 | 12907.83 | 13012.33 | 12749.02 | 686733778 | 1082326610000 | 2.86 |
| 2025-11-25 | 12692.09 | 12777.31 | 12882.81 | 12684.29 | 699842031 | 1089358570000 | 2.91 |
| 2025-11-24 | 12605.13 | 12585.08 | 12655.29 | 12448.32 | 689953294 | 1012234280000 | 2.87 |
| 2025-11-21 | 12752.72 | 12538.07 | 12812.38 | 12538.07 | 811578933 | 1140729560000 | 3.38 |
| 2025-11-20 | 13215.07 | 12980.82 | 13226.04 | 12970.56 | 673147681 | 996847440000 | 2.80 |
| 2025-11-19 | 13071.94 | 13080.09 | 13164.97 | 13009.01 | 695235914 | 1004999690000 | 2.89 |
| 2025-11-18 | 13161.7 | 13080.49 | 13223.12 | 13022.44 | 788847183 | 1135119120000 | 3.28 |
| 2025-11-17 | 13200.54 | 13202 | 13251.78 | 13137.28 | 748687701 | 1105057950000 | 3.12 |
| 2025-11-14 | 13323.45 | 13216.03 | 13394.06 | 13216.03 | 769416240 | 1120109420000 | 3.21 |
| 2025-11-13 | 13228.5 | 13476.52 | 13488.63 | 13222.78 | 748084542 | 1165561190000 | 3.12 |
| 2025-11-12 | 13240.7 | 13240.62 | 13312.53 | 13120.71 | 731002670 | 1104567010000 | 3.05 |
| 2025-11-11 | 13476.25 | 13289.01 | 13493.17 | 13271.67 | 733580236 | 1135223890000 | 3.06 |
| 2025-11-10 | 13453.37 | 13427.61 | 13502.16 | 13306.66 | 757097254 | 1213865330000 | 3.16 |
| 2025-11-07 | 13380.35 | 13404.06 | 13496.7 | 13322.61 | 700567747 | 1123566510000 | 2.92 |
| 2025-11-06 | 13272.47 | 13452.42 | 13468.4 | 13272.47 | 708963303 | 1124972130000 | 2.96 |
| 2025-11-05 | 12953.84 | 13223.56 | 13273.24 | 12953.84 | 702201489 | 1045207670000 | 2.93 |
| 2025-11-04 | 13373.55 | 13175.22 | 13399.92 | 13094.21 | 682919687 | 1062819660000 | 2.85 |
| 2025-11-03 | 13364.42 | 13404.06 | 13404.06 | 13158.31 | 716885878 | 1165427050000 | 2.99 |
| 2025-10-31 | 13517.17 | 13378.21 | 13618.15 | 13378.21 | 745760929 | 1286687780000 | 3.11 |
| 2025-10-30 | 13661.61 | 13532.13 | 13700.25 | 13509.24 | 773249173 | 1351618220000 | 3.23 |
| 2025-10-29 | 13484.01 | 13691.38 | 13691.38 | 13475.65 | 730709746 | 1287814410000 | 3.05 |
| 2025-10-28 | 13411.67 | 13430.1 | 13572.9 | 13375.32 | 682532176 | 1207098810000 | 2.85 |
| 2025-10-27 | 13448.92 | 13489.4 | 13510.71 | 13346.81 | 724022532 | 1296727490000 | 3.02 |
| 2025-10-24 | 13091.34 | 13289.18 | 13289.18 | 13091.34 | 652544989 | 1115717840000 | 2.72 |
| 2025-10-23 | 12959.42 | 13025.45 | 13042.34 | 12803.86 | 614713854 | 924978490000 | 2.57 |
| 2025-10-22 | 12985.96 | 12996.61 | 13078.64 | 12932.01 | 593388178 | 926331520000 | 2.48 |
| 2025-10-21 | 12880.17 | 13077.32 | 13100.08 | 12848.32 | 635613700 | 1035955940000 | 2.65 |
| 2025-10-20 | 12877.7 | 12813.21 | 12948.32 | 12742.84 | 582877736 | 965101980000 | 2.43 |
| 2025-10-17 | 13060.24 | 12688.94 | 13091.76 | 12677.44 | 667473475 | 1064934760000 | 2.79 |
| 2025-10-16 | 13064.26 | 13086.41 | 13218.17 | 13033.37 | 630427150 | 1061873250000 | 2.63 |
| 2025-10-15 | 12919.27 | 13118.75 | 13123.28 | 12817.89 | 664972505 | 1111306360000 | 2.78 |
| 2025-10-14 | 13369.56 | 12895.11 | 13405.51 | 12844.02 | 781349621 | 1366249530000 | 3.27 |
| 2025-10-13 | 12837.25 | 13231.47 | 13256.51 | 12837.25 | 742486462 | 1269327030000 | 3.10 |
| 2025-10-10 | 13633.19 | 13355.42 | 13644.51 | 13304.6 | 780098602 | 1383486990000 | 3.26 |
| 2025-10-09 | 13598.35 | 13725.56 | 13806.69 | 13565.29 | 796986885 | 1436308100000 | 3.33 |
| 2025-09-30 | 13504.65 | 13526.51 | 13598.18 | 13460.32 | 658434833 | 1208135880000 | 2.75 |
| 2025-09-29 | 13248.2 | 13479.43 | 13531.98 | 13239.73 | 675803476 | 1193249090000 | 2.82 |
| 2025-09-26 | 13394.79 | 13209 | 13453.86 | 13205.63 | 694451360 | 1219020560000 | 2.90 |
| 2025-09-25 | 13333.02 | 13445.9 | 13529.33 | 13295.53 | 740441210 | 1369878820000 | 3.09 |
| 2025-09-24 | 13037.08 | 13356.14 | 13356.14 | 13009.64 | 727766643 | 1311076090000 | 3.04 |
| 2025-09-23 | 13246.93 | 13119.82 | 13267.9 | 12875.33 | 860542094 | 1422684460000 | 3.60 |
| 2025-09-22 | 13119.83 | 13157.97 | 13157.97 | 13006.36 | 722197293 | 1179682690000 | 3.02 |
| 2025-09-19 | 13074.91 | 13070.86 | 13182.6 | 13016.06 | 819563965 | 1307481080000 | 3.43 |
| 2025-09-18 | 13161.15 | 13075.66 | 13328.1 | 12915.97 | 1073527791 | 1769195250000 | 4.49 |
| 2025-09-17 | 13062.64 | 13215.46 | 13226.2 | 13004.38 | 853571717 | 1370058780000 | 3.57 |
| 2025-09-16 | 13017.58 | 13063.97 | 13071.22 | 12863.82 | 889464182 | 1351615480000 | 3.72 |
| 2025-09-15 | 12971.43 | 13005.77 | 13098.78 | 12943.4 | 798311125 | 1291212640000 | 3.34 |
| 2025-09-12 | 12941.26 | 12924.13 | 13048.52 | 12905.47 | 868290492 | 1427118170000 | 3.63 |
| 2025-09-11 | 12570.87 | 12979.89 | 12979.89 | 12516.35 | 835692601 | 1420924650000 | 3.50 |
| 2025-09-10 | 12511.08 | 12557.68 | 12621.19 | 12415.19 | 716827859 | 1157008990000 | 3 |
| 2025-09-09 | 12598.29 | 12510.6 | 12653.87 | 12434.84 | 758347025 | 1200728200000 | 3.18 |
| 2025-09-08 | 12631.98 | 12666.84 | 12689.17 | 12511.42 | 822135722 | 1392846220000 | 3.44 |
| 2025-09-05 | 12140.76 | 12590.56 | 12597.89 | 12085.54 | 816494226 | 1325596800000 | 3.42 |
| 2025-09-04 | 12526.3 | 12118.7 | 12580.09 | 11967.57 | 899356047 | 1436365320000 | 3.77 |
| 2025-09-03 | 12599.96 | 12472 | 12669.8 | 12393.09 | 856848815 | 1351790360000 | 3.59 |
| 2025-09-02 | 12817.03 | 12553.84 | 12857.16 | 12450.46 | 991083796 | 1652213630000 | 4.15 |
| 2025-09-01 | 12773.22 | 12828.95 | 12830.18 | 12663.34 | 906187103 | 1541612590000 | 3.80 |
| 2025-08-29 | 12568.63 | 12696.15 | 12791.18 | 12508.97 | 900391593 | 1576605430000 | 3.77 |
| 2025-08-28 | 12254.27 | 12571.37 | 12571.37 | 12199.94 | 1060772709 | 1705617180000 | 4.45 |
| 2025-08-27 | 12483.19 | 12295.07 | 12665.36 | 12295.07 | 1143640219 | 1838716010000 | 4.80 |
| 2025-08-26 | 12398.81 | 12473.17 | 12561.49 | 12361.49 | 968856013 | 1564832000000 | 4.07 |
| 2025-08-25 | 12291.12 | 12441.07 | 12477.97 | 12246.56 | 1070803277 | 1780233500000 | 4.49 |
| 2025-08-22 | 11902.04 | 12166.06 | 12167.28 | 11902.04 | 891655701 | 1451618130000 | 3.74 |
| 2025-08-21 | 11965.8 | 11919.76 | 12011.78 | 11865.46 | 915642356 | 1426314860000 | 3.84 |
| 2025-08-20 | 11749.99 | 11926.74 | 11926.74 | 11677.85 | 894032919 | 1390733950000 | 3.75 |
| 2025-08-19 | 11827.9 | 11821.63 | 11908.68 | 11774.92 | 943169649 | 1527469710000 | 3.96 |
| 2025-08-18 | 11690.94 | 11835.57 | 11919.57 | 11642.59 | 1002271708 | 1630221110000 | 4.21 |
| 2025-08-15 | 11419.28 | 11634.67 | 11647.39 | 11419.28 | 798946151 | 1283986980000 | 3.35 |
| 2025-08-14 | 11557 | 11451.43 | 11607.41 | 11417.93 | 867991462 | 1329744660000 | 3.64 |
| 2025-08-13 | 11371.08 | 11551.36 | 11558.59 | 11362.9 | 795541705 | 1263914040000 | 3.34 |
| 2025-08-12 | 11292.46 | 11351.63 | 11351.63 | 11255.48 | 709632720 | 1103359000000 | 2.98 |
| 2025-08-11 | 11159.03 | 11291.43 | 11311.88 | 11159.03 | 713852946 | 1075643530000 | 3 |
| 2025-08-08 | 11136.34 | 11128.67 | 11184.55 | 11108.46 | 681934695 | 996656920000 | 2.86 |
| 2025-08-07 | 11189.49 | 11157.94 | 11229.59 | 11089.58 | 711415718 | 1075789510000 | 2.99 |
| 2025-08-06 | 11091.83 | 11177.78 | 11177.88 | 11086.72 | 695936984 | 1026846800000 | 2.92 |
| 2025-08-05 | 11078.58 | 11106.96 | 11106.96 | 11041.47 | 637905912 | 939698370000 | 2.68 |
| 2025-08-04 | 10932.62 | 11041.56 | 11041.56 | 10928.49 | 588265628 | 858774510000 | 2.47 |
| 2025-08-01 | 11001.25 | 10991.32 | 11068.31 | 10919.89 | 624304840 | 913705310000 | 2.63 |
| 2025-07-31 | 11208.46 | 11009.77 | 11223.64 | 10976.21 | 741311343 | 1090142300000 | 3.12 |
| 2025-07-30 | 11262.98 | 11203.03 | 11307.62 | 11127 | 713948130 | 1024651540000 | 3 |
| 2025-07-29 | 11199.63 | 11289.41 | 11289.42 | 11136.28 | 687782458 | 1009564170000 | 2.89 |
| 2025-07-28 | 11176.39 | 11217.58 | 11226.18 | 11114.93 | 684039262 | 981041850000 | 2.88 |
| 2025-07-25 | 11196.2 | 11168.14 | 11210.91 | 11139.32 | 724401445 | 965727200000 | 3.05 |
| 2025-07-24 | 11069.6 | 11193.06 | 11193.06 | 11069.6 | 742250097 | 992466090000 | 3.13 |
| 2025-07-23 | 11101.32 | 11059.04 | 11158.22 | 11042.2 | 772954593 | 1007553830000 | 3.26 |
| 2025-07-22 | 11004.01 | 11099.83 | 11099.83 | 10970.22 | 786153137 | 1052464850000 | 3.31 |
| 2025-07-21 | 10937.6 | 11007.49 | 11008.48 | 10922.52 | 732596840 | 969074330000 | 3.09 |
| 2025-07-18 | 10902.72 | 10913.84 | 10946.4 | 10865.89 | 644428695 | 927415710000 | 2.72 |
| 2025-07-17 | 10718.85 | 10873.62 | 10873.62 | 10718.85 | 635545177 | 929578190000 | 2.68 |
| 2025-07-16 | 10749.71 | 10720.81 | 10804.18 | 10697.4 | 616594267 | 869618920000 | 2.60 |
| 2025-07-15 | 10700.37 | 10744.56 | 10784.97 | 10651.15 | 725709818 | 965196110000 | 3.06 |
| 2025-07-14 | 10705.44 | 10684.52 | 10715.07 | 10663.87 | 646463331 | 835636360000 | 2.73 |
| 2025-07-11 | 10637.45 | 10696.1 | 10757.24 | 10610.8 | 742645890 | 958569560000 | 3.13 |
| 2025-07-10 | 10593.7 | 10631.13 | 10667.41 | 10562.16 | 701359248 | 880987220000 | 2.96 |
| 2025-07-09 | 10592.51 | 10581.8 | 10656.58 | 10557.81 | 702950075 | 909213650000 | 2.97 |
| 2025-07-08 | 10431.78 | 10588.39 | 10593.84 | 10431.78 | 665860083 | 886431610000 | 2.81 |
| 2025-07-07 | 10488.11 | 10435.51 | 10501.31 | 10426.55 | 578492942 | 732443940000 | 2.44 |
| 2025-07-04 | 10534.99 | 10508.76 | 10610.5 | 10480.72 | 667051160 | 861303680000 | 2.81 |
| 2025-07-03 | 10431.03 | 10534.58 | 10546.74 | 10431.03 | 638445112 | 809521890000 | 2.69 |
| 2025-07-02 | 10455.83 | 10412.63 | 10455.83 | 10386.49 | 678272985 | 833836480000 | 2.86 |
| 2025-07-01 | 10458.39 | 10476.29 | 10483.33 | 10407.17 | 695078613 | 912458670000 | 2.93 |
| 2025-06-30 | 10405.96 | 10465.12 | 10470.24 | 10399.92 | 675662995 | 919719790000 | 2.85 |
| 2025-06-27 | 10371.81 | 10378.55 | 10455.51 | 10343.3 | 698391693 | 935369240000 | 2.95 |
| 2025-06-26 | 10389.23 | 10343.48 | 10440.73 | 10340.69 | 721001585 | 980056150000 | 3.04 |
| 2025-06-25 | 10240.13 | 10393.72 | 10403.51 | 10233.15 | 720493535 | 982567080000 | 3.05 |
| 2025-06-24 | 10074.27 | 10217.63 | 10224.12 | 10074.27 | 666588581 | 869699640000 | 2.81 |
| 2025-06-23 | 9950.14 | 10048.39 | 10064.75 | 9950.14 | 537795225 | 679817330000 | 2.27 |
| 2025-06-20 | 10039 | 10005.03 | 10084.1 | 9998.5 | 514811215 | 656812810000 | 2.18 |
| 2025-06-19 | 10156.17 | 10051.97 | 10181.97 | 10027.33 | 610114879 | 777365310000 | 2.58 |
| 2025-06-18 | 10142.58 | 10175.59 | 10190.04 | 10118.68 | 587501533 | 750056110000 | 2.48 |
| 2025-06-17 | 10177.67 | 10151.43 | 10198.98 | 10129.41 | 596927009 | 749174910000 | 2.52 |
| 2025-06-16 | 10096.57 | 10163.55 | 10173.06 | 10096.57 | 568501403 | 733481220000 | 2.40 |
| 2025-06-13 | 10193.93 | 10122.11 | 10215.54 | 10089.59 | 698026044 | 861812450000 | 2.95 |
| 2025-06-12 | 10208.3 | 10234.33 | 10263.46 | 10182.41 | 605519275 | 770143960000 | 2.56 |
| 2025-06-11 | 10176.5 | 10246.02 | 10295.4 | 10176.5 | 615814143 | 753651120000 | 2.60 |
| 2025-06-10 | 10248.29 | 10162.18 | 10256.85 | 10095.01 | 711190772 | 857931190000 | 3.01 |
| 2025-06-09 | 10200.45 | 10250.14 | 10280.83 | 10190.25 | 615263021 | 774512040000 | 2.60 |
| 2025-06-06 | 10205.52 | 10183.7 | 10223.56 | 10166.7 | 562977358 | 699234000000 | 2.38 |
| 2025-06-05 | 10152.55 | 10203.5 | 10220.3 | 10113.05 | 629553207 | 792163810000 | 2.66 |
| 2025-06-04 | 10070.85 | 10144.58 | 10158.02 | 10070.85 | 588080192 | 706202700000 | 2.49 |
| 2025-06-03 | 10006.13 | 10057.17 | 10088.19 | 10004.94 | 560674156 | 673116540000 | 2.38 |
| 2025-05-30 | 10091.19 | 10040.63 | 10099.15 | 10022.81 | 596050824 | 695819650000 | 2.53 |
| 2025-05-29 | 10006.43 | 10127.2 | 10139.18 | 10002.09 | 612671249 | 731680600000 | 2.60 |
| 2025-05-28 | 10039.25 | 10003.27 | 10058.13 | 9987.41 | 535691921 | 620609250000 | 2.27 |
| 2025-05-27 | 10074.03 | 10029.11 | 10076.88 | 9996.83 | 498056374 | 604517400000 | 2.11 |
| 2025-05-26 | 10114.69 | 10091.16 | 10142.94 | 10044.08 | 484518140 | 609433800000 | 2.05 |
| 2025-05-23 | 10210.62 | 10132.41 | 10294.57 | 10132.41 | 562096510 | 687001320000 | 2.38 |
| 2025-05-22 | 10274.68 | 10219.62 | 10283.29 | 10214.5 | 557473920 | 664355150000 | 2.37 |
| 2025-05-21 | 10246.52 | 10294.22 | 10325.93 | 10243.18 | 579532397 | 707488060000 | 2.46 |
| 2025-05-20 | 10182.25 | 10249.17 | 10273.59 | 10151.86 | 599353146 | 719390820000 | 2.54 |
| 2025-05-19 | 10171.29 | 10171.09 | 10184.4 | 10090.3 | 553637088 | 649270160000 | 2.35 |
| 2025-05-16 | 10157.68 | 10179.6 | 10217.91 | 10152.77 | 541078661 | 653881580000 | 2.30 |
| 2025-05-15 | 10324.84 | 10186.45 | 10324.84 | 10186.45 | 571301660 | 691102460000 | 2.43 |
| 2025-05-14 | 10278.91 | 10354.22 | 10418.44 | 10240.13 | 622363370 | 781853570000 | 2.64 |
| 2025-05-13 | 10401.95 | 10288.08 | 10401.95 | 10274.34 | 613097528 | 784916010000 | 2.60 |
| 2025-05-12 | 10220.33 | 10301.16 | 10302.05 | 10200.21 | 594910623 | 786328920000 | 2.53 |
| 2025-05-09 | 10190.13 | 10126.83 | 10190.13 | 10087.55 | 600370914 | 727147510000 | 2.55 |
| 2025-05-08 | 10081.27 | 10197.66 | 10222.81 | 10067.3 | 638666671 | 791766040000 | 2.71 |
| 2025-05-07 | 10218.33 | 10104.13 | 10248.98 | 10048 | 709736259 | 873086720000 | 3.01 |
| 2025-05-06 | 9974.53 | 10082.34 | 10082.34 | 9960.52 | 633772323 | 784345730000 | 2.69 |
| 2025-04-30 | 9863.5 | 9899.82 | 9925.87 | 9845.36 | 558738836 | 663740540000 | 2.38 |
| 2025-04-29 | 9828.46 | 9849.8 | 9882.54 | 9799.65 | 507795460 | 591202320000 | 2.16 |
| 2025-04-28 | 9925.71 | 9855.2 | 9926.9 | 9848.67 | 555408555 | 614392700000 | 2.37 |
| 2025-04-25 | 9900.1 | 9917.06 | 9976.77 | 9878.67 | 582049703 | 668149460000 | 2.48 |
| 2025-04-24 | 9933.89 | 9878.32 | 9969.97 | 9846.23 | 579335115 | 674313080000 | 2.47 |
| 2025-04-23 | 9956.37 | 9935.8 | 9990.03 | 9892.7 | 621168380 | 743505160000 | 2.64 |
| 2025-04-22 | 9882.96 | 9870.05 | 9914.47 | 9857.77 | 569736692 | 637326690000 | 2.43 |
| 2025-04-21 | 9768.65 | 9905.53 | 9913.09 | 9733.43 | 533998892 | 612012820000 | 2.27 |
| 2025-04-18 | 9745.75 | 9781.65 | 9798.43 | 9719.95 | 486440347 | 534342500000 | 2.07 |
| 2025-04-17 | 9715.29 | 9759.05 | 9828.92 | 9712 | 493872134 | 556858440000 | 2.10 |
| 2025-04-16 | 9813.13 | 9774.73 | 9814.5 | 9650.79 | 555508748 | 622703440000 | 2.37 |
| 2025-04-15 | 9886.1 | 9858.1 | 9895.45 | 9804.6 | 544569537 | 620861220000 | 2.32 |
| 2025-04-14 | 9955.66 | 9884.3 | 9964.73 | 9862.34 | 630035329 | 733662250000 | 2.68 |
| 2025-04-11 | 9681.45 | 9834.44 | 9909.56 | 9679.28 | 637990027 | 767874020000 | 2.72 |
| 2025-04-10 | 9757.98 | 9754.64 | 9884.24 | 9713.64 | 797938784 | 927111330000 | 3.40 |
| 2025-04-09 | 9271.24 | 9539.89 | 9591.81 | 9119.6 | 872477165 | 944174890000 | 3.72 |
| 2025-04-08 | 9356.69 | 9424.68 | 9505.64 | 9296.12 | 818901453 | 895477030000 | 3.49 |
| 2025-04-07 | 9747.66 | 9364.5 | 9831.63 | 9220.12 | 729798956 | 852431710000 | 3.11 |
| 2025-04-03 | 10384.95 | 10365.73 | 10481.6 | 10328.02 | 522538634 | 651109940000 | 2.22 |
| 2025-04-02 | 10500.53 | 10513.12 | 10573.01 | 10490.85 | 459055451 | 562826590000 | 1.95 |
| 2025-04-01 | 10523.65 | 10503.66 | 10581.98 | 10491.7 | 505965713 | 632850860000 | 2.15 |
| 2025-03-31 | 10559.66 | 10504.33 | 10609.77 | 10427.96 | 566712756 | 690054230000 | 2.41 |
| 2025-03-28 | 10658.15 | 10607.33 | 10688.05 | 10593.85 | 550601537 | 650166740000 | 2.35 |
| 2025-03-27 | 10610.89 | 10668.1 | 10745.09 | 10556.62 | 573575592 | 694232400000 | 2.45 |
| 2025-03-26 | 10636.12 | 10643.82 | 10703.04 | 10635.78 | 562463497 | 669119730000 | 2.40 |
| 2025-03-25 | 10702.69 | 10649.08 | 10735.55 | 10618.05 | 602843294 | 741833980000 | 2.57 |
| 2025-03-24 | 10695.02 | 10695.49 | 10723.75 | 10563.88 | 731868308 | 863993870000 | 3.13 |
| 2025-03-21 | 10843.98 | 10687.55 | 10898.26 | 10656.88 | 737977425 | 927692320000 | 3.15 |
| 2025-03-20 | 10971.41 | 10879.49 | 10973.14 | 10869.16 | 660332778 | 875945200000 | 2.82 |
| 2025-03-19 | 11003.73 | 10979.05 | 11030.19 | 10916.28 | 658306055 | 906472300000 | 2.81 |
| 2025-03-18 | 10999.32 | 11014.75 | 11041.41 | 10958.87 | 670260918 | 933350000000 | 2.86 |
| 2025-03-17 | 11009.57 | 10957.82 | 11015.47 | 10940.77 | 701573927 | 933655220000 | 3 |
| 2025-03-14 | 10741.52 | 10978.3 | 10985.95 | 10737.63 | 758213807 | 1041778690000 | 3.24 |
| 2025-03-13 | 10830.11 | 10736.19 | 10865.32 | 10677.84 | 730316556 | 970516740000 | 3.12 |
| 2025-03-12 | 10897.42 | 10843.23 | 10939.57 | 10828.42 | 756834239 | 1035254200000 | 3.24 |
| 2025-03-11 | 10698.81 | 10861.16 | 10861.16 | 10692.72 | 670244772 | 889609920000 | 2.87 |
| 2025-03-10 | 10862.93 | 10825.7 | 10896.11 | 10747.14 | 674926263 | 910633460000 | 2.89 |
| 2025-03-07 | 10858.78 | 10843.73 | 10931.95 | 10798.19 | 820368124 | 1130360440000 | 3.51 |
| 2025-03-06 | 10774.08 | 10898.75 | 10924.22 | 10759.4 | 820551027 | 1170018720000 | 3.51 |
| 2025-03-05 | 10686.47 | 10709.46 | 10718.69 | 10626.71 | 668283361 | 906047050000 | 2.86 |
| 2025-03-04 | 10558.75 | 10679.44 | 10688.53 | 10540.42 | 635011280 | 866849630000 | 2.72 |
| 2025-03-03 | 10642.18 | 10649.59 | 10803.67 | 10586.2 | 725068982 | 980695620000 | 3.10 |
| 2025-02-28 | 10861.82 | 10611.24 | 10883.83 | 10583.71 | 825580118 | 1108968940000 | 3.53 |
| 2025-02-27 | 10969.92 | 10927.51 | 10999.48 | 10792.08 | 894751209 | 1230525020000 | 3.83 |
| 2025-02-26 | 10870.73 | 10955.65 | 10955.65 | 10831.11 | 842153823 | 1190457440000 | 3.61 |
| 2025-02-25 | 10835.91 | 10854.5 | 10964.67 | 10815.34 | 812790464 | 1169252230000 | 3.48 |
| 2025-02-24 | 10995.26 | 10983.04 | 11045.96 | 10909.37 | 882712325 | 1277635670000 | 3.78 |
| 2025-02-21 | 10821.81 | 10991.37 | 11003.95 | 10806.51 | 907018647 | 1336950360000 | 3.88 |
| 2025-02-20 | 10765.95 | 10794.55 | 10826.38 | 10726.53 | 782577652 | 1086489110000 | 3.35 |
| 2025-02-19 | 10592.03 | 10772.65 | 10774.02 | 10588.49 | 750496631 | 1045873250000 | 3.21 |
| 2025-02-18 | 10781.2 | 10617.26 | 10817.65 | 10577.08 | 842171203 | 1102311660000 | 3.61 |
| 2025-02-17 | 10820.96 | 10791.06 | 10829.82 | 10711.43 | 867059291 | 1191361330000 | 3.71 |
| 2025-02-14 | 10616.02 | 10749.46 | 10760.86 | 10616.02 | 786380097 | 1047448090000 | 3.37 |
| 2025-02-13 | 10691.46 | 10626.62 | 10739.51 | 10621.09 | 839330516 | 1113993620000 | 3.59 |
| 2025-02-12 | 10529.41 | 10708.88 | 10709.27 | 10513.23 | 762335905 | 1029827480000 | 3.26 |
| 2025-02-11 | 10640.84 | 10557.62 | 10640.84 | 10524.01 | 770227173 | 1003780990000 | 3.30 |
| 2025-02-10 | 10608.61 | 10631.25 | 10645.96 | 10532.12 | 816427979 | 1053785770000 | 3.49 |
| 2025-02-07 | 10410.03 | 10576 | 10666.74 | 10384.25 | 887206131 | 1202631200000 | 3.80 |
| 2025-02-06 | 10142.85 | 10393.63 | 10393.63 | 10135.15 | 710990134 | 944938900000 | 3.04 |
| 2025-02-05 | 10237.71 | 10164.22 | 10241.37 | 10124.2 | 583267745 | 768449250000 | 2.50 |
| 2025-01-27 | 10299.97 | 10156.07 | 10329.61 | 10156.07 | 532847418 | 667641130000 | 2.28 |
| 2025-01-24 | 10141.41 | 10292.73 | 10315.37 | 10141.41 | 589944330 | 741331580000 | 2.52 |
| 2025-01-23 | 10323.45 | 10176.17 | 10411.47 | 10176.17 | 648078886 | 815483920000 | 2.78 |
| 2025-01-22 | 10263.04 | 10225.87 | 10272.59 | 10162 | 533432300 | 683542190000 | 2.29 |
| 2025-01-21 | 10323.12 | 10305.69 | 10325.69 | 10205.99 | 597396789 | 736974130000 | 2.57 |
| 2025-01-20 | 10240.71 | 10256.4 | 10333.16 | 10225.34 | 587735780 | 713186940000 | 2.53 |
| 2025-01-17 | 10059.99 | 10161.32 | 10227.71 | 10059.16 | 576214409 | 678981030000 | 2.48 |
| 2025-01-16 | 10110.41 | 10101.1 | 10249.62 | 10011.17 | 679618814 | 774747270000 | 2.92 |
| 2025-01-15 | 10139.78 | 10060.13 | 10147.26 | 10038.3 | 626573130 | 722613430000 | 2.69 |
| 2025-01-14 | 9822.35 | 10165.17 | 10178.67 | 9788.76 | 690716455 | 811716720000 | 2.96 |
| 2025-01-13 | 9697.45 | 9796.18 | 9866.36 | 9693.8 | 504800436 | 554603230000 | 2.16 |
| 2025-01-10 | 9957.83 | 9795.94 | 10004.06 | 9795.94 | 616360985 | 682335420000 | 2.64 |
| 2025-01-09 | 9906.91 | 9976 | 10021.94 | 9901.63 | 605202921 | 677482470000 | 2.59 |
| 2025-01-08 | 9940.2 | 9944.64 | 10016.22 | 9731.44 | 683561380 | 734817590000 | 2.93 |
| 2025-01-07 | 9860.58 | 9998.76 | 10000.34 | 9822 | 588919068 | 640248820000 | 2.52 |
| 2025-01-06 | 9890.98 | 9885.65 | 9975.99 | 9817.75 | 586235483 | 614445160000 | 2.51 |
| 2025-01-03 | 10097.93 | 9897.12 | 10139.99 | 9891.84 | 685235257 | 744702910000 | 2.93 |
| 2025-01-02 | 10400.66 | 10088.06 | 10409.61 | 10006.56 | 681116709 | 793191280000 | 2.92 |
| 2024-12-31 | 10668.17 | 10414.61 | 10678.77 | 10414.61 | 646653009 | 783178610000 | 2.76 |
| 2024-12-30 | 10644.15 | 10671.16 | 10726.66 | 10632.74 | 609052769 | 753918100000 | 2.60 |
| 2024-12-27 | 10679.34 | 10659.98 | 10780.53 | 10632.53 | 679934588 | 847760350000 | 2.94 |
| 2024-12-26 | 10586.96 | 10673.97 | 10692.89 | 10570.09 | 593997427 | 753522610000 | 2.56 |
| 2024-12-25 | 10675.73 | 10603.1 | 10677.65 | 10544.88 | 667963062 | 759136340000 | 2.89 |
| 2024-12-24 | 10548.15 | 10671.43 | 10673.34 | 10548.15 | 664977041 | 776807910000 | 2.87 |
| 2024-12-23 | 10650.58 | 10537.4 | 10708.82 | 10527.15 | 795687830 | 907671810000 | 3.44 |
| 2024-12-20 | 10631.44 | 10646.62 | 10731.08 | 10618.79 | 732375378 | 918303560000 | 3.17 |
| 2024-12-19 | 10483.5 | 10649.03 | 10673.96 | 10460.2 | 760693343 | 884957670000 | 3.29 |
| 2024-12-18 | 10561.94 | 10584.27 | 10639.77 | 10535.76 | 740846622 | 820732340000 | 3.21 |
| 2024-12-17 | 10557.23 | 10537.43 | 10677.74 | 10526.26 | 858140532 | 925567810000 | 3.71 |
| 2024-12-16 | 10705.52 | 10573.92 | 10721.71 | 10535.53 | 922676962 | 1024563640000 | 3.99 |
| 2024-12-13 | 10876.19 | 10713.07 | 10876.19 | 10709.14 | 1075547182 | 1218512330000 | 4.66 |
| 2024-12-12 | 10846.54 | 10957.13 | 10967.28 | 10813.79 | 1040587050 | 1132740370000 | 4.50 |
| 2024-12-11 | 10781.1 | 10848.42 | 10884.06 | 10781.08 | 1012272835 | 1083447080000 | 4.38 |
| 2024-12-10 | 11124.78 | 10812.58 | 11134.55 | 10792.01 | 1171388026 | 1339737610000 | 5.07 |
| 2024-12-09 | 10780.98 | 10731.66 | 10821.51 | 10668.33 | 955155947 | 985064290000 | 4.13 |
| 2024-12-06 | 10642.89 | 10791.34 | 10860.25 | 10618.76 | 1029340329 | 1102866350000 | 4.46 |
| 2024-12-05 | 10565.03 | 10634.49 | 10674.77 | 10565.03 | 844663661 | 933068980000 | 3.66 |
| 2024-12-04 | 10700.06 | 10604.01 | 10717.56 | 10556.6 | 930816503 | 1009658110000 | 4.03 |
| 2024-12-03 | 10757.49 | 10713.58 | 10761.44 | 10625.48 | 939709022 | 1031925160000 | 4.07 |
| 2024-12-02 | 10595.47 | 10756.55 | 10777.69 | 10583.72 | 937523184 | 1077203650000 | 4.06 |
| 2024-11-29 | 10406.08 | 10611.72 | 10727.08 | 10406.08 | 892157879 | 1044492310000 | 3.87 |
| 2024-11-28 | 10560.41 | 10432.54 | 10581.59 | 10416.33 | 850887877 | 932295840000 | 3.69 |
| 2024-11-27 | 10284.72 | 10566.1 | 10566.1 | 10202.23 | 795571296 | 887125210000 | 3.45 |
| 2024-11-26 | 10387 | 10333.23 | 10480.96 | 10330.45 | 711832135 | 795484180000 | 3.09 |
| 2024-11-25 | 10462.44 | 10420.52 | 10505.24 | 10282.5 | 770226267 | 893690970000 | 3.34 |
| 2024-11-22 | 10785.52 | 10438.72 | 10836.69 | 10438.72 | 925948280 | 1082058070000 | 4.02 |
| 2024-11-21 | 10787.93 | 10819.88 | 10867.41 | 10739.28 | 818375765 | 996798120000 | 3.55 |
| 2024-11-20 | 10709.92 | 10827.19 | 10875.45 | 10692.56 | 816356779 | 986404100000 | 3.54 |
| 2024-11-19 | 10559.33 | 10743.84 | 10748.6 | 10427.94 | 770721452 | 906518950000 | 3.34 |
| 2024-11-18 | 10774.44 | 10544.02 | 10816.51 | 10478.27 | 871803471 | 1001885170000 | 3.78 |
| 2024-11-15 | 10983.54 | 10748.97 | 11065.42 | 10748.97 | 842984455 | 1080599720000 | 3.66 |
| 2024-11-14 | 11333.4 | 11037.78 | 11335.36 | 11023.74 | 838967422 | 1075621870000 | 3.64 |
| 2024-11-13 | 11231.73 | 11359.29 | 11380.5 | 11143.34 | 911863787 | 1179810560000 | 3.96 |
| 2024-11-12 | 11430.22 | 11314.46 | 11560.35 | 11210.95 | 1138974930 | 1511118660000 | 4.94 |
| 2024-11-11 | 11087.41 | 11388.57 | 11390.48 | 11071.65 | 1121880894 | 1483392840000 | 4.87 |
| 2024-11-08 | 11374.2 | 11161.7 | 11410.98 | 11135.33 | 1253432816 | 1573593150000 | 5.44 |
| 2024-11-07 | 10852.12 | 11235.92 | 11235.92 | 10839.94 | 1222513448 | 1456235720000 | 5.31 |
| 2024-11-06 | 11024 | 10968.14 | 11177.69 | 10896.32 | 1214767757 | 1536034650000 | 5.27 |
| 2024-11-05 | 10653.2 | 11006.94 | 11030.62 | 10609.81 | 1077408889 | 1373699160000 | 4.68 |
| 2024-11-04 | 10457.89 | 10663.1 | 10663.1 | 10457.89 | 826549024 | 1001563840000 | 3.59 |
| 2024-11-01 | 10563.84 | 10455.5 | 10629.81 | 10417.98 | 1184720290 | 1352275460000 | 5.14 |
| 2024-10-31 | 10535.41 | 10591.22 | 10693.84 | 10458.85 | 1103094720 | 1352352750000 | 4.79 |
| 2024-10-30 | 10488.23 | 10530.85 | 10596.22 | 10426.74 | 931733214 | 1116035280000 | 4.04 |
| 2024-10-29 | 10706.02 | 10543.33 | 10729.57 | 10536.81 | 1033067513 | 1255535900000 | 4.48 |
| 2024-10-28 | 10617.9 | 10685.89 | 10685.89 | 10519.48 | 958674133 | 1145396320000 | 4.16 |
| 2024-10-25 | 10470.07 | 10619.85 | 10733.07 | 10460.93 | 865421055 | 1094882470000 | 3.76 |
| 2024-10-24 | 10508.65 | 10441.75 | 10533.84 | 10404.83 | 749272422 | 935287280000 | 3.25 |
| 2024-10-23 | 10536.9 | 10576.41 | 10721.37 | 10479.22 | 920607939 | 1166793700000 | 4.00 |
| 2024-10-22 | 10459.16 | 10559.51 | 10604.78 | 10409.68 | 927985357 | 1213666460000 | 4.03 |
| 2024-10-21 | 10441.87 | 10470.91 | 10636.16 | 10331.79 | 965002626 | 1328206160000 | 4.19 |
| 2024-10-18 | 9868.85 | 10357.68 | 10607.81 | 9865.87 | 953743093 | 1269726760000 | 4.14 |
| 2024-10-17 | 10034.41 | 9891.76 | 10123.22 | 9887.94 | 759583001 | 933912620000 | 3.30 |
| 2024-10-16 | 9898.13 | 9965.02 | 10112.79 | 9890.9 | 701238164 | 842310230000 | 3.05 |
| 2024-10-15 | 10286.24 | 10066.52 | 10424.14 | 10066.52 | 800992337 | 1015688650000 | 3.48 |
| 2024-10-14 | 10118.38 | 10327.4 | 10361.69 | 9966.99 | 767864733 | 933486090000 | 3.34 |
| 2024-10-11 | 10366.57 | 10060.74 | 10378.46 | 9935.82 | 767945007 | 907687460000 | 3.34 |
| 2024-10-10 | 10609.47 | 10471.08 | 10823.37 | 10310.39 | 963573285 | 1195200770000 | 4.19 |
| 2024-10-09 | 11158.99 | 10557.81 | 11295.1 | 10516.67 | 1274221570 | 1675510930000 | 5.54 |
| 2024-10-08 | 11864.11 | 11495.1 | 11864.11 | 10834.5 | 1587911800 | 1941425790000 | 6.91 |
| 2024-09-30 | 9950.65 | 10529.76 | 10556.93 | 9829.43 | 1324000530 | 1425264090000 | 5.76 |
| 2024-09-27 | 9100.77 | 9514.86 | 9619.77 | 9100.77 | 948836540 | 965392380000 | 4.13 |
| 2024-09-26 | 8524.19 | 8916.65 | 8916.8 | 8505.64 | 704842995 | 637766330000 | 3.07 |
| 2024-09-25 | 8555.72 | 8537.73 | 8738.41 | 8525.75 | 715847818 | 640673020000 | 3.12 |
| 2024-09-24 | 8148.17 | 8435.7 | 8435.71 | 8083.3 | 586812555 | 528547320000 | 2.55 |
| 2024-09-23 | 8071.99 | 8083.38 | 8163.1 | 8054.59 | 365656010 | 315787410000 | 1.59 |
| 2024-09-20 | 8079.76 | 8075.14 | 8092.5 | 8014.5 | 383370727 | 319314900000 | 1.66 |
| 2024-09-19 | 8015.39 | 8087.6 | 8161.22 | 7950.7 | 413701487 | 346464780000 | 1.80 |
| 2024-09-18 | 7975.19 | 7992.25 | 8017.38 | 7908.52 | 333544741 | 266237690000 | 1.45 |
| 2024-09-13 | 8054.43 | 7983.55 | 8084.35 | 7983.55 | 348220225 | 296940690000 | 1.51 |
| 2024-09-12 | 8122.77 | 8054.24 | 8176.05 | 8053.88 | 336517413 | 296996280000 | 1.46 |
| 2024-09-11 | 8052.25 | 8105.38 | 8139.7 | 8031.95 | 310017367 | 279800060000 | 1.35 |
| 2024-09-10 | 8064.4 | 8073.83 | 8113.69 | 7973.79 | 347495378 | 301239630000 | 1.51 |
| 2024-09-09 | 8086.28 | 8063.27 | 8129.54 | 8023.37 | 331119432 | 282030700000 | 1.44 |
| 2024-09-06 | 8252.01 | 8130.77 | 8260.69 | 8128.77 | 363787772 | 314062280000 | 1.58 |
| 2024-09-05 | 8224.51 | 8249.66 | 8297.94 | 8220.55 | 347575088 | 307323900000 | 1.51 |
| 2024-09-04 | 8207.28 | 8226.24 | 8297.82 | 8189.53 | 362368388 | 324668080000 | 1.57 |
| 2024-09-03 | 8157.44 | 8268.05 | 8294.77 | 8157.44 | 370283733 | 327818300000 | 1.61 |
| 2024-09-02 | 8331.46 | 8172.21 | 8340.38 | 8172.21 | 433096103 | 390919820000 | 1.88 |
| 2024-08-30 | 8152.81 | 8348.48 | 8453.66 | 8152.81 | 521026374 | 492495770000 | 2.26 |
| 2024-08-29 | 8030.74 | 8154.44 | 8191.37 | 8028.37 | 376828401 | 349603400000 | 1.64 |
| 2024-08-28 | 8071.86 | 8078.82 | 8098.31 | 8036.4 | 328858698 | 282744360000 | 1.43 |
| 2024-08-27 | 8161.68 | 8103.76 | 8168.04 | 8084.04 | 336850152 | 295770770000 | 1.46 |
| 2024-08-26 | 8194.94 | 8194.65 | 8225.99 | 8163.88 | 342678353 | 309718930000 | 1.49 |
| 2024-08-23 | 8134.4 | 8181.92 | 8207.59 | 8133.57 | 343813745 | 295643540000 | 1.49 |
| 2024-08-22 | 8234.28 | 8162.18 | 8247.95 | 8151.63 | 361758836 | 319029040000 | 1.57 |
| 2024-08-21 | 8221.35 | 8229.75 | 8297.1 | 8213.09 | 344005680 | 299645620000 | 1.49 |
| 2024-08-20 | 8363.87 | 8252.87 | 8367.38 | 8233.07 | 384352366 | 320474630000 | 1.67 |
| 2024-08-19 | 8341.83 | 8356.9 | 8437.88 | 8341.1 | 373962413 | 327622470000 | 1.62 |
| 2024-08-16 | 8377.95 | 8349.87 | 8408.39 | 8339.58 | 397382325 | 347548660000 | 1.72 |
| 2024-08-15 | 8292.2 | 8370.12 | 8439.69 | 8288.71 | 402346457 | 336535480000 | 1.75 |
| 2024-08-14 | 8403.48 | 8311 | 8403.48 | 8311 | 311360593 | 269995910000 | 1.35 |
| 2024-08-13 | 8372.71 | 8409.22 | 8409.24 | 8327.35 | 309201590 | 266414000000 | 1.34 |
| 2024-08-12 | 8386.83 | 8373.47 | 8419.7 | 8354.42 | 338336032 | 278254690000 | 1.47 |
| 2024-08-09 | 8486.42 | 8393.7 | 8527.64 | 8393.7 | 371027039 | 310192850000 | 1.61 |
| 2024-08-08 | 8415.08 | 8446.21 | 8514.67 | 8361.58 | 389688600 | 348767350000 | 1.68 |
| 2024-08-07 | 8450.49 | 8449.58 | 8505.13 | 8416.25 | 355476030 | 328241150000 | 1.53 |
| 2024-08-06 | 8481.73 | 8463.86 | 8525.72 | 8388.26 | 400614561 | 358354490000 | 1.72 |
| 2024-08-05 | 8475.45 | 8395.05 | 8646.86 | 8395.04 | 457625392 | 433619550000 | 1.97 |
| 2024-08-02 | 8599.06 | 8553.55 | 8697.49 | 8542.39 | 419216271 | 407442290000 | 1.80 |
| 2024-08-01 | 8767.33 | 8673.58 | 8799.09 | 8656.95 | 428500083 | 429663280000 | 1.84 |
| 2024-07-31 | 8446.5 | 8754.09 | 8754.93 | 8444.15 | 490100422 | 484430150000 | 2.11 |
| 2024-07-30 | 8482.17 | 8468.58 | 8488.52 | 8416.6 | 342191575 | 329999500000 | 1.47 |
| 2024-07-29 | 8589.28 | 8514.65 | 8589.28 | 8510.49 | 324846418 | 325844610000 | 1.40 |
| 2024-07-26 | 8512.79 | 8597.17 | 8617.65 | 8512.79 | 329136783 | 330657560000 | 1.42 |
| 2024-07-25 | 8443.44 | 8474.7 | 8524.81 | 8428.75 | 309776286 | 315344740000 | 1.33 |
| 2024-07-24 | 8582.63 | 8493.1 | 8640.33 | 8469.88 | 343821048 | 338547710000 | 1.48 |
| 2024-07-23 | 8862.94 | 8606.58 | 8862.94 | 8606.58 | 352166643 | 354989420000 | 1.51 |
| 2024-07-22 | 8908.21 | 8869.82 | 8925.44 | 8823.78 | 317575267 | 340096460000 | 1.36 |
| 2024-07-19 | 8826.64 | 8903.23 | 8932.08 | 8820.09 | 316715699 | 350721410000 | 1.36 |
| 2024-07-18 | 8760.66 | 8879.33 | 8880.44 | 8730.98 | 341377266 | 370951510000 | 1.47 |
| 2024-07-17 | 8860.75 | 8835.14 | 8884.79 | 8809.13 | 338065443 | 369613480000 | 1.45 |
| 2024-07-16 | 8783.35 | 8877.02 | 8881.77 | 8780.09 | 324180990 | 361572910000 | 1.39 |
| 2024-07-15 | 8825.47 | 8801.62 | 8834.03 | 8780.75 | 331747166 | 333424120000 | 1.43 |
| 2024-07-12 | 8831.68 | 8854.08 | 8885.36 | 8814.09 | 367087706 | 384399740000 | 1.58 |
| 2024-07-11 | 8800.39 | 8870.36 | 8890.76 | 8746.9 | 424460595 | 449339840000 | 1.82 |
| 2024-07-10 | 8672.33 | 8697.22 | 8762.77 | 8664.92 | 355476260 | 371533960000 | 1.53 |
| 2024-07-09 | 8548.16 | 8705.94 | 8733.87 | 8513.17 | 397097608 | 404065820000 | 1.71 |
| 2024-07-08 | 8675.97 | 8561.95 | 8675.97 | 8539.42 | 330661093 | 311089980000 | 1.42 |
| 2024-07-05 | 8664.8 | 8695.55 | 8719.71 | 8573.76 | 316598746 | 303332260000 | 1.36 |
| 2024-07-04 | 8775.84 | 8673.83 | 8821 | 8670.34 | 351894022 | 324104810000 | 1.51 |
| 2024-07-03 | 8808.37 | 8760.43 | 8827.09 | 8734.72 | 343111173 | 322510600000 | 1.48 |
| 2024-07-02 | 8886.09 | 8812.67 | 8895.55 | 8789.28 | 369677934 | 362067430000 | 1.59 |
| 2024-07-01 | 8835.16 | 8899.17 | 8914.2 | 8771.01 | 347581999 | 363715990000 | 1.50 |
| 2024-06-28 | 8814.93 | 8848.7 | 8960.96 | 8814.93 | 369911657 | 389895430000 | 1.59 |
| 2024-06-27 | 8944.73 | 8849.7 | 8947.96 | 8844.87 | 349067599 | 359610180000 | 1.50 |
| 2024-06-26 | 8838 | 8987.3 | 9001.03 | 8811.36 | 370219588 | 367150020000 | 1.59 |
| 2024-06-25 | 8911.9 | 8850.29 | 8948.22 | 8797.05 | 346272265 | 351603120000 | 1.49 |
| 2024-06-24 | 9004.85 | 8924.17 | 9030.71 | 8916.46 | 375049833 | 376999770000 | 1.61 |
| 2024-06-21 | 9041.44 | 9064.84 | 9100.83 | 9008.34 | 324085654 | 339311000000 | 1.39 |
| 2024-06-20 | 9201.35 | 9068.85 | 9225.02 | 9066.05 | 385582222 | 400277390000 | 1.66 |
| 2024-06-19 | 9324.88 | 9219.07 | 9325.85 | 9218.91 | 362221831 | 404438480000 | 1.56 |
| 2024-06-18 | 9278.28 | 9318.47 | 9329.99 | 9276.44 | 385297076 | 419683140000 | 1.66 |
| 2024-06-17 | 9209.46 | 9281.25 | 9298.01 | 9202.17 | 356739415 | 413425810000 | 1.54 |
| 2024-06-14 | 9177.41 | 9252.25 | 9265.97 | 9138.32 | 391253119 | 451857660000 | 1.69 |
| 2024-06-13 | 9281.05 | 9206.24 | 9296.37 | 9190.88 | 376378158 | 415602510000 | 1.62 |
| 2024-06-12 | 9244.31 | 9269.94 | 9299.36 | 9243.73 | 357645136 | 379853640000 | 1.54 |
| 2024-06-11 | 9198.54 | 9262.35 | 9282.71 | 9166.47 | 353310457 | 370232410000 | 1.52 |
| 2024-06-07 | 9343.8 | 9255.68 | 9366.34 | 9181.89 | 391479032 | 397900980000 | 1.69 |
| 2024-06-06 | 9417.93 | 9340.01 | 9446.88 | 9313.88 | 496220242 | 474575480000 | 2.15 |
| 2024-06-05 | 9450.07 | 9393.61 | 9509.78 | 9393.61 | 392500752 | 388856350000 | 1.69 |
| 2024-06-04 | 9350.83 | 9469.32 | 9486.74 | 9327.83 | 416040950 | 420123240000 | 1.79 |
| 2024-06-03 | 9358.59 | 9370.5 | 9422.07 | 9307.92 | 447810013 | 463090360000 | 1.93 |
| 2024-05-31 | 9388.27 | 9364.38 | 9455.33 | 9364.38 | 397055459 | 413836990000 | 1.71 |
| 2024-05-30 | 9395.79 | 9384.72 | 9441.49 | 9366.13 | 396330055 | 404813030000 | 1.71 |
| 2024-05-29 | 9387.65 | 9414.98 | 9460.63 | 9379.3 | 402079742 | 410878750000 | 1.73 |
| 2024-05-28 | 9489.08 | 9391.05 | 9494.77 | 9385.44 | 408127396 | 420739720000 | 1.76 |
| 2024-05-27 | 9444.23 | 9507.75 | 9511.14 | 9375.52 | 412785603 | 429422970000 | 1.78 |
| 2024-05-24 | 9508.85 | 9424.58 | 9578.73 | 9421.55 | 414778015 | 441175640000 | 1.79 |
| 2024-05-23 | 9667.18 | 9541.64 | 9672.18 | 9520.21 | 469398437 | 491013760000 | 2.03 |
| 2024-05-22 | 9674.5 | 9693.05 | 9709 | 9643.87 | 439497774 | 467146380000 | 1.90 |
| 2024-05-21 | 9721.72 | 9681.66 | 9730.28 | 9649.15 | 445115486 | 452661450000 | 1.92 |
| 2024-05-20 | 9710.2 | 9750.82 | 9779.36 | 9701.85 | 526111086 | 546626810000 | 2.27 |
| 2024-05-17 | 9590.39 | 9709.42 | 9709.42 | 9563.47 | 485312038 | 497791150000 | 2.10 |
| 2024-05-16 | 9614.73 | 9604.13 | 9668.85 | 9582.22 | 460033335 | 470285320000 | 1.99 |
| 2024-05-15 | 9648.43 | 9583.54 | 9659.03 | 9577.21 | 419362259 | 428065540000 | 1.81 |
| 2024-05-14 | 9689.55 | 9668.73 | 9736.28 | 9633.8 | 429648085 | 454492180000 | 1.86 |
| 2024-05-13 | 9659.64 | 9673.32 | 9720.48 | 9605.18 | 449470772 | 483756730000 | 1.94 |
| 2024-05-10 | 9788.83 | 9731.24 | 9805.92 | 9670.89 | 472813779 | 505824670000 | 2.04 |
| 2024-05-09 | 9648.22 | 9788.07 | 9805.12 | 9648.22 | 453844910 | 502136810000 | 1.96 |
| 2024-05-08 | 9743.87 | 9638.82 | 9743.87 | 9633.7 | 463496548 | 497163160000 | 2.00 |
| 2024-05-07 | 9778.16 | 9770.94 | 9804.76 | 9743.19 | 497701957 | 541742340000 | 2.15 |
| 2024-05-06 | 9735.88 | 9779.21 | 9804.2 | 9732.69 | 527113641 | 591203240000 | 2.28 |
| 2024-04-30 | 9647.06 | 9587.12 | 9662.56 | 9587.08 | 526973891 | 556846040000 | 2.28 |
| 2024-04-29 | 9479.6 | 9673.76 | 9718.36 | 9479.6 | 583038158 | 656212220000 | 2.52 |
| 2024-04-26 | 9258.49 | 9463.91 | 9471.29 | 9258.49 | 542141711 | 602218160000 | 2.35 |
| 2024-04-25 | 9204.79 | 9264.48 | 9329.41 | 9198.32 | 421472888 | 458498060000 | 1.83 |
| 2024-04-24 | 9186.19 | 9251.13 | 9254.65 | 9135.58 | 419821151 | 460189350000 | 1.82 |
| 2024-04-23 | 9231.9 | 9183.14 | 9269.71 | 9147.95 | 396459070 | 426693440000 | 1.72 |
| 2024-04-22 | 9228.18 | 9239.14 | 9327.59 | 9212.28 | 416965980 | 439878810000 | 1.81 |
| 2024-04-19 | 9316.98 | 9279.46 | 9351.96 | 9220.64 | 439773631 | 463720870000 | 1.91 |
| 2024-04-18 | 9336.73 | 9376.81 | 9477.13 | 9299.33 | 483751481 | 508191180000 | 2.10 |
| 2024-04-17 | 9180.51 | 9381.77 | 9381.77 | 9180.51 | 508600428 | 502192780000 | 2.20 |
| 2024-04-16 | 9312.49 | 9155.07 | 9341.97 | 9148.82 | 534854125 | 511939840000 | 2.32 |
| 2024-04-15 | 9228.14 | 9369.7 | 9407.07 | 9189.96 | 544917369 | 537279450000 | 2.36 |
| 2024-04-12 | 9301.08 | 9228.23 | 9343.18 | 9212.6 | 415612902 | 447034860000 | 1.80 |
| 2024-04-11 | 9234.92 | 9300.77 | 9378.43 | 9233.27 | 418336786 | 448638280000 | 1.81 |
| 2024-04-10 | 9425.8 | 9297.96 | 9425.8 | 9243.8 | 443294887 | 465259780000 | 1.92 |
| 2024-04-09 | 9386.8 | 9448.98 | 9449.65 | 9352.35 | 412613076 | 448490510000 | 1.79 |
| 2024-04-08 | 9512.6 | 9394.61 | 9525.95 | 9393.61 | 479967967 | 509541040000 | 2.08 |
| 2024-04-03 | 9564.65 | 9544.77 | 9575.56 | 9508.65 | 493309544 | 525224150000 | 2.14 |
| 2024-04-02 | 9633.97 | 9586.95 | 9633.97 | 9546.47 | 530210533 | 570933560000 | 2.30 |
| 2024-04-01 | 9451.73 | 9647.07 | 9647.07 | 9451.73 | 516525374 | 578417630000 | 2.24 |
| 2024-03-29 | 9335.11 | 9400.85 | 9400.85 | 9304.76 | 449735061 | 494000510000 | 1.95 |
| 2024-03-28 | 9221.53 | 9342.92 | 9440.31 | 9221.53 | 479356183 | 539300590000 | 2.08 |
| 2024-03-27 | 9437.56 | 9222.47 | 9437.67 | 9222.47 | 467138891 | 512601120000 | 2.03 |
| 2024-03-26 | 9413.26 | 9449.43 | 9490.75 | 9366 | 482461755 | 559544400000 | 2.11 |
| 2024-03-25 | 9538.35 | 9422.61 | 9601.84 | 9421.08 | 527558320 | 599961540000 | 2.29 |
| 2024-03-22 | 9659.88 | 9565.56 | 9680.21 | 9505.99 | 565281972 | 640543550000 | 2.46 |
| 2024-03-21 | 9736.23 | 9682.51 | 9758.33 | 9663.49 | 558907398 | 630132950000 | 2.43 |
| 2024-03-20 | 9669.7 | 9717.37 | 9725.31 | 9654.53 | 511389022 | 592551700000 | 2.22 |
| 2024-03-19 | 9723.4 | 9696.69 | 9785.1 | 9696.69 | 534551978 | 631009850000 | 2.33 |
| 2024-03-18 | 9665.07 | 9752.83 | 9752.83 | 9646.21 | 562355130 | 652383880000 | 2.44 |
| 2024-03-15 | 9532.42 | 9612.75 | 9616.49 | 9455.51 | 476506835 | 538637340000 | 2.07 |
| 2024-03-14 | 9598.42 | 9555.42 | 9675.47 | 9489.02 | 509058042 | 570907340000 | 2.21 |
| 2024-03-13 | 9640.09 | 9604.99 | 9674.14 | 9568.88 | 527631404 | 612318350000 | 2.29 |
| 2024-03-12 | 9603.45 | 9630.55 | 9649.74 | 9535.21 | 565737507 | 650816830000 | 2.46 |
| 2024-03-11 | 9369.65 | 9581.53 | 9581.66 | 9363.41 | 492214428 | 577960580000 | 2.14 |
| 2024-03-08 | 9281.61 | 9369.05 | 9386.75 | 9230.06 | 435687361 | 489979330000 | 1.89 |
| 2024-03-07 | 9398.05 | 9267.12 | 9454.54 | 9267.12 | 511178101 | 558270860000 | 2.22 |
| 2024-03-06 | 9366.71 | 9395.65 | 9487.19 | 9309.84 | 466361056 | 530447560000 | 2.03 |
| 2024-03-05 | 9371.94 | 9416.8 | 9448.73 | 9344.45 | 511035319 | 608149760000 | 2.22 |
| 2024-03-04 | 9456.37 | 9438.24 | 9486.7 | 9359.84 | 530099408 | 615375590000 | 2.30 |
| 2024-03-01 | 9345.74 | 9434.75 | 9452.63 | 9298.16 | 539671125 | 612260430000 | 2.35 |
| 2024-02-29 | 9001.28 | 9330.44 | 9334.94 | 9001.28 | 565455992 | 599849960000 | 2.46 |
| 2024-02-28 | 9293.15 | 9047.1 | 9391.52 | 9047.1 | 766864112 | 780099170000 | 3.33 |
| 2024-02-27 | 9032.26 | 9269.57 | 9269.57 | 9016.61 | 533396102 | 577389500000 | 2.32 |
| 2024-02-26 | 9070.22 | 9066.09 | 9154.6 | 9023.33 | 558701304 | 561535480000 | 2.43 |
| 2024-02-23 | 9074.61 | 9069.42 | 9077.56 | 8971.34 | 520275041 | 523724590000 | 2.26 |
| 2024-02-22 | 8971.44 | 9043.75 | 9050.27 | 8946.24 | 458089490 | 457124200000 | 1.99 |
| 2024-02-21 | 8829.7 | 8975.97 | 9130.03 | 8798.37 | 543634896 | 529328780000 | 2.36 |
| 2024-02-20 | 8857.5 | 8905.96 | 8919.81 | 8798.43 | 441775863 | 432390340000 | 1.92 |
| 2024-02-19 | 8957.28 | 8902.33 | 8957.28 | 8797.46 | 557365101 | 515139480000 | 2.42 |
| 2024-02-08 | 8750.54 | 8820.6 | 8975.05 | 8742.95 | 626414268 | 534522710000 | 2.73 |
| 2024-02-07 | 8464.87 | 8708.24 | 8724.17 | 8445.71 | 616780240 | 526013310000 | 2.68 |
| 2024-02-06 | 7886.32 | 8460.38 | 8471.28 | 7880.4 | 592075926 | 485109900000 | 2.57 |
| 2024-02-05 | 7987.34 | 7964.71 | 8171.77 | 7683.63 | 537044651 | 452502740000 | 2.33 |
| 2024-02-02 | 8239.5 | 8055.77 | 8300.75 | 7840.62 | 468595116 | 413026080000 | 2.04 |
| 2024-02-01 | 8172.81 | 8240.48 | 8371.38 | 8134.81 | 397246425 | 365451470000 | 1.73 |
| 2024-01-31 | 8340.72 | 8212.84 | 8408.67 | 8208.45 | 431254597 | 402618310000 | 1.87 |
| 2024-01-30 | 8523.74 | 8375.98 | 8579.59 | 8370.06 | 338726319 | 334386100000 | 1.47 |
| 2024-01-29 | 8775.38 | 8581.76 | 8800.64 | 8581.76 | 394325662 | 408207940000 | 1.71 |
| 2024-01-26 | 8809.76 | 8762.33 | 8859.63 | 8746.1 | 411948466 | 426293470000 | 1.79 |
| 2024-01-25 | 8661.45 | 8856.22 | 8858.21 | 8621.18 | 434981714 | 453753230000 | 1.89 |
| 2024-01-24 | 8633.17 | 8682.19 | 8693.08 | 8404.07 | 408086012 | 409638470000 | 1.77 |
| 2024-01-23 | 8465 | 8596.28 | 8638.9 | 8402.06 | 378235429 | 392050610000 | 1.64 |
| 2024-01-22 | 8769.39 | 8479.55 | 8769.39 | 8430.61 | 419979420 | 434149100000 | 1.83 |
| 2024-01-19 | 8821.77 | 8787.02 | 8890.12 | 8771.58 | 334078648 | 369892380000 | 1.45 |
| 2024-01-18 | 8706.14 | 8847 | 8858.4 | 8585.2 | 443596679 | 464080670000 | 1.93 |
| 2024-01-17 | 8968.53 | 8759.76 | 8968.53 | 8759.76 | 335603510 | 354455910000 | 1.46 |
| 2024-01-16 | 8946.93 | 8992.07 | 9002.34 | 8871.19 | 367278110 | 383997200000 | 1.60 |
| 2024-01-15 | 8957.72 | 8963.93 | 9045.55 | 8912.45 | 321736818 | 341693770000 | 1.40 |
| 2024-01-12 | 9026.74 | 8996.26 | 9095.61 | 8995.41 | 372243759 | 393788410000 | 1.62 |
| 2024-01-11 | 8918.23 | 9053.88 | 9099.22 | 8898.2 | 379854423 | 413523450000 | 1.65 |
| 2024-01-10 | 8938.45 | 8922.79 | 9035.19 | 8857.97 | 340941630 | 365827060000 | 1.48 |
| 2024-01-09 | 8960.97 | 8971.72 | 9042.45 | 8912.03 | 349254805 | 379819300000 | 1.52 |
| 2024-01-08 | 9095.71 | 8947.72 | 9119.12 | 8947.72 | 338193163 | 366871510000 | 1.47 |
| 2024-01-05 | 9205.39 | 9116.44 | 9275.23 | 9074.93 | 365840004 | 410386980000 | 1.58 |
| 2024-01-04 | 9317.4 | 9215.25 | 9317.4 | 9171.13 | 330572265 | 377140370000 | 1.43 |
| 2024-01-03 | 9378.69 | 9330.86 | 9405.09 | 9280.82 | 366813901 | 416452700000 | 1.59 |
| 2024-01-02 | 9527.11 | 9401.35 | 9527.11 | 9401.35 | 385969543 | 441826400000 | 1.68 |
| 2023-12-29 | 9434.58 | 9524.69 | 9534.68 | 9427.92 | 394147518 | 473608950000 | 1.71 |
| 2023-12-28 | 9182.85 | 9441.05 | 9476.8 | 9166.58 | 410934104 | 491969690000 | 1.79 |
| 2023-12-27 | 9170.26 | 9191.74 | 9211.42 | 9121.17 | 328074139 | 357786160000 | 1.42 |
| 2023-12-26 | 9248.07 | 9157.25 | 9248.49 | 9124.81 | 313615981 | 349655030000 | 1.35 |
| 2023-12-25 | 9200.65 | 9256.28 | 9268.27 | 9200.65 | 312079626 | 346625190000 | 1.36 |
| 2023-12-22 | 9247.07 | 9221.31 | 9331.12 | 9186.03 | 396024291 | 451945060000 | 1.73 |
| 2023-12-21 | 9122.41 | 9257.09 | 9286.07 | 9106.15 | 361685200 | 416543190000 | 1.58 |
| 2023-12-20 | 9303.09 | 9158.44 | 9310.86 | 9158.44 | 324051149 | 372789940000 | 1.42 |
| 2023-12-19 | 9270.2 | 9289.34 | 9331.99 | 9225.01 | 317948961 | 359542450000 | 1.39 |
| 2023-12-18 | 9346.95 | 9279.39 | 9376.67 | 9258.96 | 353528303 | 387729430000 | 1.55 |
| 2023-12-15 | 9449.89 | 9385.33 | 9507.43 | 9368.47 | 359457507 | 411123700000 | 1.57 |
| 2023-12-14 | 9527.42 | 9417.97 | 9578.6 | 9413.81 | 366225612 | 424318000000 | 1.60 |
| 2023-12-13 | 9606.48 | 9476.62 | 9606.48 | 9476.62 | 367340980 | 437067130000 | 1.61 |
| 2023-12-12 | 9616.13 | 9625.26 | 9648.97 | 9593.35 | 376206631 | 454324860000 | 1.65 |
| 2023-12-11 | 9496.46 | 9632.61 | 9649.87 | 9406.7 | 421472939 | 506145970000 | 1.85 |
| 2023-12-08 | 9531.05 | 9553.92 | 9592.92 | 9500.81 | 436426899 | 538252150000 | 1.91 |
| 2023-12-07 | 9518.45 | 9519.91 | 9561.98 | 9456.98 | 393251788 | 472176920000 | 1.73 |
| 2023-12-06 | 9451.16 | 9533.25 | 9599.58 | 9446.88 | 402669613 | 480819530000 | 1.77 |
| 2023-12-05 | 9628.28 | 9470.36 | 9628.28 | 9470.36 | 403217089 | 482035890000 | 1.77 |
| 2023-12-04 | 9715.47 | 9660.44 | 9736.11 | 9660.44 | 416813218 | 506888130000 | 1.83 |
| 2023-12-01 | 9723.93 | 9720.57 | 9752.02 | 9624.92 | 417748049 | 498585870000 | 1.84 |
| 2023-11-30 | 9728.38 | 9726.92 | 9768.9 | 9677.77 | 383679951 | 446730900000 | 1.69 |
| 2023-11-29 | 9826.01 | 9744.39 | 9827.74 | 9733.32 | 387062917 | 452910470000 | 1.70 |
| 2023-11-28 | 9781.54 | 9833.46 | 9835.14 | 9742.01 | 384726645 | 455463960000 | 1.69 |
| 2023-11-27 | 9829.55 | 9785.57 | 9829.55 | 9736.78 | 416126766 | 478095880000 | 1.83 |
| 2023-11-24 | 9932.97 | 9839.52 | 9932.97 | 9816.28 | 448224234 | 501783840000 | 1.97 |
| 2023-11-23 | 9846.68 | 9933.02 | 9938.84 | 9814.17 | 448452443 | 508590880000 | 1.97 |
| 2023-11-22 | 9957.54 | 9855.66 | 9975.09 | 9855.66 | 482185378 | 545051030000 | 2.12 |
| 2023-11-21 | 10050.48 | 9997.09 | 10113.19 | 9981.11 | 530720034 | 606515260000 | 2.33 |
| 2023-11-20 | 9986.92 | 10022.7 | 10050.83 | 9924.44 | 463814124 | 560232950000 | 2.04 |
| 2023-11-17 | 9924.16 | 9979.69 | 9980.38 | 9914.48 | 417396484 | 498076820000 | 1.84 |
| 2023-11-16 | 10053.8 | 9954.4 | 10064.91 | 9954.4 | 426727263 | 521282820000 | 1.88 |
| 2023-11-15 | 10111.83 | 10077.96 | 10122.2 | 10048.46 | 477666773 | 600546930000 | 2.10 |
| 2023-11-14 | 9988.51 | 10005.56 | 10056.86 | 9963.55 | 444452183 | 535239000000 | 1.96 |
| 2023-11-13 | 10012.85 | 9988.83 | 10033.51 | 9936.71 | 423998041 | 524462040000 | 1.87 |
| 2023-11-10 | 9987.46 | 9978.54 | 9997.78 | 9939.1 | 392883742 | 480532950000 | 1.73 |
| 2023-11-09 | 10037.56 | 10032.09 | 10100 | 10004.06 | 467089940 | 573888740000 | 2.06 |
| 2023-11-08 | 10032.24 | 10052.09 | 10101.55 | 9986.84 | 516342272 | 621326420000 | 2.27 |
| 2023-11-07 | 10047.14 | 10056.49 | 10088.08 | 10000.55 | 489682907 | 591933990000 | 2.16 |
| 2023-11-06 | 9922.45 | 10071.56 | 10080 | 9922.45 | 514754838 | 616550310000 | 2.27 |
| 2023-11-03 | 9747.82 | 9853.89 | 9886.86 | 9747.82 | 409513449 | 480246670000 | 1.80 |
| 2023-11-02 | 9842.56 | 9734.77 | 9879.27 | 9733.39 | 403065578 | 454843220000 | 1.78 |
| 2023-11-01 | 9897.93 | 9826.73 | 9901.37 | 9808.4 | 407684068 | 464810910000 | 1.80 |
| 2023-10-31 | 9924.72 | 9863.8 | 9927.45 | 9814.98 | 454253177 | 532043960000 | 2.00 |
| 2023-10-30 | 9759.22 | 9927.99 | 9952.43 | 9759.17 | 491233276 | 598518490000 | 2.16 |
| 2023-10-27 | 9535.65 | 9770.84 | 9805.7 | 9513.32 | 477342878 | 578695630000 | 2.10 |
| 2023-10-26 | 9470.49 | 9566.1 | 9571.16 | 9432.84 | 435715343 | 510189440000 | 1.92 |
| 2023-10-25 | 9573.67 | 9528.31 | 9617.67 | 9524.82 | 440145243 | 510929770000 | 1.94 |
| 2023-10-24 | 9458.33 | 9483.9 | 9523.9 | 9380.79 | 401263786 | 464159720000 | 1.77 |
| 2023-10-23 | 9552.55 | 9425.98 | 9552.55 | 9373.76 | 383207568 | 417090860000 | 1.69 |
| 2023-10-20 | 9605.29 | 9570.36 | 9665.81 | 9554.63 | 368151526 | 424332540000 | 1.62 |
| 2023-10-19 | 9757.19 | 9655.09 | 9784.53 | 9654.97 | 394225852 | 457615140000 | 1.74 |
| 2023-10-18 | 9914.02 | 9816.68 | 9914.02 | 9809.37 | 392406577 | 456343830000 | 1.73 |
| 2023-10-17 | 9944.68 | 9940.22 | 9958.98 | 9888.09 | 377328276 | 435335290000 | 1.66 |
| 2023-10-16 | 10065.07 | 9924.92 | 10065.97 | 9889.66 | 425465447 | 498543940000 | 1.88 |
| 2023-10-13 | 10110.38 | 10068.28 | 10110.38 | 10028.74 | 407535134 | 498900710000 | 1.80 |
| 2023-10-12 | 10145.49 | 10168.49 | 10174.23 | 10097.11 | 403711652 | 505430980000 | 1.78 |
| 2023-10-11 | 10088.14 | 10084.89 | 10164.07 | 10058.33 | 408425377 | 512172680000 | 1.80 |
| 2023-10-10 | 10133.02 | 10050.04 | 10159.47 | 10044.67 | 396909717 | 481015830000 | 1.75 |
| 2023-10-09 | 10095.71 | 10106.96 | 10139.49 | 9991.17 | 386367546 | 467325970000 | 1.70 |
| 2023-09-28 | 10131.66 | 10109.53 | 10155.03 | 10085.09 | 352561576 | 428793640000 | 1.55 |
| 2023-09-27 | 10057.99 | 10104.32 | 10185.02 | 10057.17 | 345305831 | 423112880000 | 1.52 |
| 2023-09-26 | 10110.06 | 10060.15 | 10146.89 | 10060.15 | 315562062 | 395614580000 | 1.39 |
| 2023-09-25 | 10181.18 | 10120.62 | 10181.18 | 10105.21 | 344715140 | 423275870000 | 1.52 |
| 2023-09-22 | 9975.37 | 10178.74 | 10183.93 | 9962.94 | 367443054 | 444014590000 | 1.62 |
| 2023-09-21 | 10050.48 | 9981.67 | 10087.03 | 9981.52 | 297047726 | 335490150000 | 1.31 |
| 2023-09-20 | 10110.41 | 10072.46 | 10123.69 | 10072.46 | 294836646 | 330242550000 | 1.30 |
| 2023-09-19 | 10185.07 | 10125.73 | 10185.07 | 10082.67 | 316898270 | 360902290000 | 1.40 |
| 2023-09-18 | 10111.67 | 10200.04 | 10253.49 | 10093.47 | 335342467 | 398900710000 | 1.48 |
| 2023-09-15 | 10213.61 | 10144.59 | 10241.88 | 10115.28 | 332213315 | 395642650000 | 1.47 |
| 2023-09-14 | 10243.24 | 10197.59 | 10252.02 | 10154.64 | 335577118 | 384223740000 | 1.49 |
| 2023-09-13 | 10351.79 | 10255.87 | 10373.15 | 10200.7 | 356913267 | 416172860000 | 1.58 |
| 2023-09-12 | 10376.16 | 10373.99 | 10421.56 | 10349.33 | 343766526 | 426410710000 | 1.52 |
| 2023-09-11 | 10290.81 | 10382.38 | 10443 | 10256.23 | 394108676 | 489275540000 | 1.74 |
| 2023-09-08 | 10284.48 | 10281.88 | 10319.84 | 10233.71 | 343406846 | 411802520000 | 1.52 |
| 2023-09-07 | 10493.37 | 10321.44 | 10493.37 | 10321.38 | 388462857 | 449647710000 | 1.72 |
| 2023-09-06 | 10503.15 | 10515.21 | 10531.29 | 10449.16 | 373872507 | 447278750000 | 1.65 |
| 2023-09-05 | 10593.68 | 10540.71 | 10611.44 | 10522.89 | 386458929 | 461095800000 | 1.71 |
| 2023-09-04 | 10520.46 | 10611.74 | 10611.74 | 10473.19 | 416166023 | 480361260000 | 1.84 |
| 2023-09-01 | 10449.6 | 10463.74 | 10513.42 | 10429.59 | 359933710 | 410622390000 | 1.59 |
| 2023-08-31 | 10471.99 | 10418.21 | 10483.09 | 10405.96 | 401930565 | 466692820000 | 1.78 |
| 2023-08-30 | 10477.64 | 10482.5 | 10569.55 | 10446.46 | 475830316 | 569619930000 | 2.11 |
| 2023-08-29 | 10204.25 | 10454.98 | 10496.62 | 10200.85 | 507722442 | 593126470000 | 2.25 |
| 2023-08-28 | 10714.69 | 10233.15 | 10714.69 | 10204.98 | 529252226 | 609414540000 | 2.35 |
| 2023-08-25 | 10197.96 | 10130.47 | 10212.65 | 10091.86 | 387522508 | 448534890000 | 1.72 |
| 2023-08-24 | 10203.14 | 10256.19 | 10341.86 | 10153.44 | 366989479 | 453283450000 | 1.63 |
| 2023-08-23 | 10351.7 | 10152.6 | 10351.7 | 10151.82 | 336884785 | 407929680000 | 1.49 |
| 2023-08-22 | 10376.86 | 10374.73 | 10409.43 | 10198.01 | 386555816 | 469741720000 | 1.71 |
| 2023-08-21 | 10432.95 | 10320.39 | 10482.11 | 10320.39 | 321541144 | 384541010000 | 1.42 |
| 2023-08-18 | 10637.68 | 10458.51 | 10655.61 | 10458.51 | 363919164 | 424224880000 | 1.61 |
| 2023-08-17 | 10540.44 | 10644.52 | 10656.83 | 10469.79 | 349464108 | 419033830000 | 1.55 |
| 2023-08-16 | 10640.13 | 10579.56 | 10686.92 | 10579.47 | 333977652 | 400622310000 | 1.48 |
| 2023-08-15 | 10764.8 | 10679.73 | 10780.52 | 10589.85 | 332540167 | 405668300000 | 1.47 |
| 2023-08-14 | 10697.81 | 10755.14 | 10763.3 | 10607.71 | 345682092 | 419328590000 | 1.53 |
| 2023-08-11 | 11060.85 | 10808.87 | 11060.85 | 10808.87 | 371809334 | 424303880000 | 1.64 |
| 2023-08-10 | 11023.24 | 11050.22 | 11060.47 | 10974.5 | 322373155 | 386871600000 | 1.42 |
| 2023-08-09 | 11068.53 | 11039.45 | 11096.93 | 11023.37 | 359384012 | 426798580000 | 1.59 |
| 2023-08-08 | 11126.69 | 11098.45 | 11156.21 | 11075.45 | 379190258 | 443144460000 | 1.68 |
| 2023-08-07 | 11207.58 | 11145.03 | 11207.58 | 11113.14 | 416526633 | 497019700000 | 1.84 |
| 2023-08-04 | 11229.46 | 11238.06 | 11305.5 | 11185.9 | 486043734 | 551972090000 | 2.15 |
| 2023-08-03 | 11067.75 | 11163.42 | 11164.76 | 11067.29 | 415941239 | 443344550000 | 1.84 |
| 2023-08-02 | 11120.86 | 11104.16 | 11176.94 | 11073.23 | 428488637 | 447062410000 | 1.89 |
| 2023-08-01 | 11168.5 | 11143.23 | 11211.68 | 11102.84 | 480961382 | 515654860000 | 2.13 |
| 2023-07-31 | 11158.72 | 11183.91 | 11289.16 | 11153.72 | 534958540 | 593689020000 | 2.36 |
| 2023-07-28 | 10895.48 | 11100.4 | 11120.59 | 10877.4 | 468260844 | 511355320000 | 2.07 |
| 2023-07-27 | 10985.58 | 10923.77 | 11024.01 | 10904.74 | 419478509 | 447863380000 | 1.85 |
| 2023-07-26 | 11001.86 | 10968.98 | 11001.86 | 10942.41 | 414900355 | 463845100000 | 1.83 |
| 2023-07-25 | 10909.19 | 11021.29 | 11021.93 | 10909.19 | 438134387 | 537269570000 | 1.94 |
| 2023-07-24 | 10771.64 | 10747.79 | 10837.98 | 10730.94 | 353230574 | 398795430000 | 1.56 |
| 2023-07-21 | 10801.34 | 10810.18 | 10886.73 | 10775.35 | 371902231 | 430277670000 | 1.64 |
| 2023-07-20 | 10947.63 | 10816.27 | 10998.07 | 10804.35 | 385717452 | 483235250000 | 1.71 |
| 2023-07-19 | 10959.04 | 10932.65 | 10992.69 | 10876.96 | 327752924 | 421242030000 | 1.45 |
| 2023-07-18 | 11030.98 | 10972.96 | 11032.12 | 10947.51 | 361571791 | 469777620000 | 1.60 |
| 2023-07-17 | 11039.13 | 11010.36 | 11039.13 | 10963.47 | 363260892 | 480497000000 | 1.60 |
| 2023-07-14 | 11108.92 | 11080.32 | 11120.19 | 11069.32 | 401161958 | 554228060000 | 1.77 |
| 2023-07-13 | 10963.23 | 11095.44 | 11103.08 | 10963.23 | 395600049 | 547542680000 | 1.75 |
| 2023-07-12 | 11020.36 | 10919.26 | 11029.29 | 10905.85 | 414728122 | 546420220000 | 1.83 |
| 2023-07-11 | 10953.88 | 11028.68 | 11030.19 | 10933.23 | 347939400 | 463515200000 | 1.54 |
| 2023-07-10 | 10926.36 | 10942.83 | 10995.8 | 10901.84 | 341347680 | 449784880000 | 1.51 |
| 2023-07-07 | 10939.29 | 10888.55 | 10949.98 | 10852.96 | 382650080 | 486094880000 | 1.69 |
| 2023-07-06 | 11001.87 | 10968.37 | 11072.07 | 10954.15 | 376997020 | 498914640000 | 1.67 |
| 2023-07-05 | 11129.12 | 11029.3 | 11129.12 | 11014.39 | 383989043 | 516418680000 | 1.70 |
| 2023-07-04 | 11080.64 | 11130.3 | 11133.45 | 11055.26 | 396384762 | 542016350000 | 1.76 |
| 2023-07-03 | 11059.31 | 11091.56 | 11128.93 | 11028.24 | 438544706 | 603094150000 | 1.94 |
| 2023-06-30 | 10897.42 | 11026.59 | 11067.39 | 10883.57 | 402735616 | 558752690000 | 1.78 |
| 2023-06-29 | 10909.08 | 10915.5 | 10965.11 | 10880.88 | 378096185 | 524238390000 | 1.67 |
| 2023-06-28 | 10947.89 | 10926.32 | 10951.41 | 10792.35 | 396002529 | 527868520000 | 1.75 |
| 2023-06-27 | 10879.49 | 10978.08 | 10987.19 | 10863.66 | 367359544 | 486441510000 | 1.63 |
| 2023-06-26 | 10963.62 | 10872.3 | 11002.37 | 10848.72 | 421794104 | 578271790000 | 1.87 |
| 2023-06-21 | 11262.84 | 11058.63 | 11278.97 | 11058.63 | 415434192 | 615571110000 | 1.84 |
| 2023-06-20 | 11260.15 | 11305.35 | 11338.15 | 11248.14 | 423830265 | 656500450000 | 1.89 |
| 2023-06-19 | 11305.79 | 11274.05 | 11307.75 | 11244.42 | 426762540 | 651260370000 | 1.91 |
| 2023-06-16 | 11194.55 | 11306.53 | 11316.24 | 11183.79 | 424162110 | 623260890000 | 1.88 |
| 2023-06-15 | 11011.95 | 11182.94 | 11185.68 | 11011.85 | 430623753 | 634830980000 | 1.92 |
| 2023-06-14 | 10976.51 | 10984.56 | 11034.18 | 10962.45 | 425611977 | 596560480000 | 1.89 |
| 2023-06-13 | 10855.44 | 10955.96 | 10963.65 | 10853.57 | 397547211 | 564979960000 | 1.78 |
| 2023-06-12 | 10769.02 | 10873.74 | 10914.62 | 10752.01 | 403745489 | 562164570000 | 1.80 |
| 2023-06-09 | 10733.52 | 10793.93 | 10793.93 | 10697.36 | 408492315 | 576348800000 | 1.81 |
| 2023-06-08 | 10710.91 | 10722.87 | 10775.34 | 10648.14 | 369611572 | 505966210000 | 1.64 |
| 2023-06-07 | 10783.31 | 10708.82 | 10799.46 | 10681.48 | 348520501 | 483428010000 | 1.55 |
| 2023-06-06 | 10928.51 | 10773.45 | 10933.61 | 10752.22 | 414938520 | 549964900000 | 1.84 |
| 2023-06-05 | 10990.73 | 10946.08 | 10990.73 | 10903.05 | 375801794 | 515963800000 | 1.67 |
| 2023-06-02 | 10875.31 | 10998.07 | 11012.55 | 10875.31 | 406446845 | 563121360000 | 1.81 |
| 2023-06-01 | 10758.89 | 10835.9 | 10913.64 | 10735.51 | 419041309 | 585600590000 | 1.86 |
| 2023-05-31 | 10849.81 | 10793.85 | 10849.81 | 10732.42 | 388079766 | 553781820000 | 1.73 |
| 2023-05-30 | 10799.4 | 10869.55 | 10869.55 | 10697.87 | 397341086 | 556589550000 | 1.77 |
| 2023-05-29 | 10942.67 | 10822.09 | 10961.79 | 10790.5 | 394727001 | 542920610000 | 1.76 |
| 2023-05-26 | 10889.27 | 10909.65 | 10926.84 | 10798.65 | 357093537 | 487173620000 | 1.59 |
| 2023-05-25 | 10915.12 | 10896.58 | 10954.24 | 10801.22 | 376978170 | 509217800000 | 1.68 |
| 2023-05-24 | 10976.73 | 10920.33 | 11028.57 | 10920.33 | 345166509 | 460008240000 | 1.53 |
| 2023-05-23 | 11124.26 | 11012.58 | 11137.63 | 11012.58 | 339330348 | 441061220000 | 1.51 |
| 2023-05-22 | 11083.38 | 11127.04 | 11159.31 | 11037.21 | 345197485 | 452958770000 | 1.54 |
| 2023-05-19 | 11061.75 | 11091.36 | 11145.51 | 11034.63 | 355120996 | 488437270000 | 1.58 |
| 2023-05-18 | 11108.33 | 11078.28 | 11144.48 | 11024.09 | 371166643 | 511460750000 | 1.65 |
| 2023-05-17 | 11084.56 | 11091.08 | 11120.97 | 11036.77 | 325935158 | 440904310000 | 1.45 |
| 2023-05-16 | 11182.36 | 11099.26 | 11182.36 | 11069.44 | 353215293 | 480861770000 | 1.58 |
| 2023-05-15 | 11019.7 | 11178.62 | 11178.62 | 10995.7 | 384146337 | 506569510000 | 1.72 |
| 2023-05-12 | 11131.3 | 11005.64 | 11172.71 | 11004.26 | 367186987 | 460978550000 | 1.64 |
| 2023-05-11 | 11158.72 | 11142.53 | 11200.91 | 11136.26 | 384549481 | 494561740000 | 1.72 |
| 2023-05-10 | 11101.01 | 11140.19 | 11177.81 | 11043.36 | 393848082 | 530434510000 | 1.76 |
| 2023-05-09 | 11208.74 | 11125.02 | 11265.33 | 11121.97 | 479507408 | 602613000000 | 2.15 |
| 2023-05-08 | 11206.33 | 11225.77 | 11234.92 | 11158.83 | 439261518 | 572226570000 | 1.96 |
| 2023-05-05 | 11260.62 | 11180.87 | 11262.33 | 11124.91 | 441892037 | 571854890000 | 1.98 |
| 2023-05-04 | 11310.35 | 11273.87 | 11329 | 11242.12 | 481896827 | 621189210000 | 2.16 |
| 2023-04-28 | 11228.46 | 11338.67 | 11340.46 | 11228.46 | 453472498 | 601892950000 | 2.03 |
| 2023-04-27 | 11140.89 | 11217 | 11258.76 | 11128.11 | 415685322 | 578698180000 | 1.86 |
| 2023-04-26 | 11101.18 | 11185.68 | 11244.04 | 11088.2 | 438565413 | 641802710000 | 1.96 |
| 2023-04-25 | 11307.09 | 11149.01 | 11320.45 | 11034.18 | 463773505 | 639693500000 | 2.08 |
| 2023-04-24 | 11442.38 | 11317.01 | 11452.91 | 11265.77 | 427155287 | 610062480000 | 1.91 |
| 2023-04-21 | 11729.8 | 11450.43 | 11751.41 | 11450.13 | 479311979 | 687349530000 | 2.15 |
| 2023-04-20 | 11751.38 | 11717.26 | 11751.38 | 11659.65 | 433953327 | 639013480000 | 1.94 |
| 2023-04-19 | 11844.32 | 11760.27 | 11844.32 | 11743.85 | 414923105 | 606129020000 | 1.86 |
| 2023-04-18 | 11834.77 | 11860.4 | 11891.11 | 11818.25 | 397866670 | 585692910000 | 1.78 |
| 2023-04-17 | 11783.68 | 11855.48 | 11855.48 | 11781.29 | 423413042 | 597034450000 | 1.90 |
| 2023-04-14 | 11760.43 | 11800.09 | 11816.68 | 11737.3 | 439773804 | 636677410000 | 1.97 |
| 2023-04-13 | 11836.82 | 11739.84 | 11844.4 | 11727.89 | 470195676 | 659253410000 | 2.10 |
| 2023-04-12 | 11873.26 | 11883.51 | 11912.95 | 11842.26 | 452128995 | 650077110000 | 2.02 |
| 2023-04-11 | 11866.35 | 11877.15 | 11914.32 | 11819.76 | 422999015 | 616280320000 | 1.89 |
| 2023-04-10 | 11987.68 | 11871.93 | 11992.32 | 11845.88 | 478246743 | 709144490000 | 2.12 |
| 2023-04-07 | 11867.87 | 11967.74 | 11979.59 | 11858.5 | 427643908 | 617625660000 | 1.93 |
| 2023-04-06 | 11787.35 | 11866.31 | 11874.8 | 11778.8 | 454470636 | 686781050000 | 2.05 |
| 2023-04-04 | 11878.16 | 11859.48 | 11885.38 | 11792.24 | 508157670 | 768756860000 | 2.29 |
| 2023-04-03 | 11751.68 | 11889.42 | 11898.76 | 11751.68 | 497684518 | 739594240000 | 2.24 |
| 2023-03-31 | 11666.31 | 11726.4 | 11737.28 | 11657.57 | 399574951 | 556599140000 | 1.80 |
| 2023-03-30 | 11578.33 | 11651.83 | 11656.48 | 11505.55 | 392133461 | 543036390000 | 1.77 |
| 2023-03-29 | 11584.91 | 11579.91 | 11623.43 | 11538.17 | 413628273 | 575550880000 | 1.86 |
| 2023-03-28 | 11637.51 | 11564.45 | 11649.15 | 11548.42 | 445698587 | 607318160000 | 2.01 |
| 2023-03-27 | 11621.92 | 11647.94 | 11659 | 11558.38 | 494233913 | 686374440000 | 2.23 |
| 2023-03-24 | 11616.46 | 11634.22 | 11648.54 | 11581.42 | 478515088 | 643967260000 | 2.16 |
| 2023-03-23 | 11457.79 | 11605.29 | 11605.29 | 11442.95 | 437895647 | 594115480000 | 1.98 |
| 2023-03-22 | 11459.83 | 11496.93 | 11521.42 | 11448.19 | 445982825 | 575341080000 | 2.01 |
| 2023-03-21 | 11270.07 | 11427.25 | 11427.25 | 11270.07 | 387093061 | 504999750000 | 1.74 |
| 2023-03-20 | 11289.96 | 11247.13 | 11342.03 | 11231.01 | 438320664 | 577224810000 | 1.98 |
| 2023-03-17 | 11328.37 | 11278.05 | 11388.52 | 11245.15 | 405882900 | 541126220000 | 1.83 |
| 2023-03-16 | 11336.75 | 11237.7 | 11381.73 | 11223.1 | 357606532 | 452132170000 | 1.61 |
| 2023-03-15 | 11485.95 | 11413.43 | 11537.72 | 11408.19 | 350589630 | 445104880000 | 1.58 |
| 2023-03-14 | 11483.65 | 11416.57 | 11486.56 | 11282.58 | 397559735 | 522440930000 | 1.79 |
| 2023-03-13 | 11405.14 | 11505.02 | 11511.12 | 11396.61 | 363383446 | 474946170000 | 1.64 |
| 2023-03-10 | 11513.66 | 11442.54 | 11535.54 | 11437.99 | 361217066 | 467353250000 | 1.63 |
| 2023-03-09 | 11605.94 | 11579.99 | 11637.03 | 11525.23 | 328391194 | 427827720000 | 1.48 |
| 2023-03-08 | 11566.57 | 11598.29 | 11617.94 | 11534.67 | 314567554 | 405672050000 | 1.42 |
| 2023-03-07 | 11824.17 | 11608.58 | 11839.61 | 11606.19 | 408967132 | 502562850000 | 1.84 |
| 2023-03-06 | 11850.82 | 11842.88 | 11862.37 | 11742.13 | 385843289 | 519291320000 | 1.74 |
| 2023-03-03 | 11862.16 | 11851.92 | 11895.97 | 11770.34 | 386886331 | 480634860000 | 1.74 |
| 2023-03-02 | 11902.17 | 11849.51 | 11929.15 | 11837.12 | 430983053 | 544079910000 | 1.94 |
| 2023-03-01 | 11783.76 | 11914.32 | 11931.1 | 11751.36 | 415273775 | 534542030000 | 1.87 |
| 2023-02-28 | 11745.16 | 11783.8 | 11792.68 | 11666.37 | 346662457 | 438728230000 | 1.56 |
| 2023-02-27 | 11728.09 | 11701.95 | 11781.28 | 11678.8 | 337795673 | 429031650000 | 1.52 |
| 2023-02-24 | 11887.77 | 11787.45 | 11889.24 | 11742.73 | 326405502 | 417778050000 | 1.47 |
| 2023-02-23 | 11895.46 | 11884.3 | 11963.14 | 11829.87 | 382701855 | 472884410000 | 1.73 |
| 2023-02-22 | 11892.14 | 11900.12 | 11963.21 | 11868.79 | 369593896 | 462831580000 | 1.67 |
| 2023-02-21 | 11947.65 | 11968.6 | 12005 | 11886.24 | 430156398 | 530710900000 | 1.94 |
| 2023-02-20 | 11717.68 | 11954.13 | 11956.89 | 11681.53 | 438487047 | 552058240000 | 1.98 |
| 2023-02-17 | 11894.88 | 11715.77 | 11927.11 | 11713.8 | 452502268 | 558493620000 | 2.04 |
| 2023-02-16 | 12064.04 | 11907.4 | 12163.97 | 11826.72 | 603109668 | 724618470000 | 2.72 |
| 2023-02-15 | 12103.72 | 12064.38 | 12132.8 | 12036.23 | 464237085 | 579686820000 | 2.10 |
| 2023-02-14 | 12142.83 | 12094.94 | 12143.29 | 12035.55 | 448099798 | 558431030000 | 2.02 |
| 2023-02-13 | 11964.75 | 12113.61 | 12116.04 | 11952.6 | 466500205 | 582132390000 | 2.11 |
| 2023-02-10 | 12031.72 | 11976.85 | 12062.16 | 11917.74 | 458163546 | 551126050000 | 2.07 |
| 2023-02-09 | 11821.96 | 12048.27 | 12048.27 | 11811.98 | 442551618 | 549344190000 | 1.99 |
| 2023-02-08 | 11939.86 | 11853.46 | 11957.01 | 11843.29 | 428272279 | 511448770000 | 1.93 |
| 2023-02-07 | 11936.36 | 11926.88 | 11958.22 | 11864.72 | 440822034 | 524398560000 | 1.99 |
| 2023-02-06 | 11957.27 | 11912.56 | 11977.24 | 11841.67 | 424219892 | 525584140000 | 1.92 |
| 2023-02-03 | 12086.28 | 12054.3 | 12095.39 | 11904.28 | 447992474 | 536009520000 | 2.03 |
| 2023-02-02 | 12187.55 | 12131.2 | 12208.88 | 12107.52 | 490735378 | 595594550000 | 2.22 |
| 2023-02-01 | 12034.88 | 12158.19 | 12158.19 | 11984.45 | 498656713 | 591211960000 | 2.25 |
| 2023-01-31 | 12076.14 | 12001.26 | 12115.45 | 11987.01 | 445449977 | 524922470000 | 2.01 |
| 2023-01-30 | 12229.38 | 12097.76 | 12246.01 | 12088.24 | 485925549 | 608917710000 | 2.20 |
| 2023-01-20 | 11942.15 | 11980.62 | 11997.53 | 11931.88 | 343456691 | 420081970000 | 1.55 |
| 2023-01-19 | 11796.4 | 11913.26 | 11913.26 | 11763.82 | 326621913 | 390151670000 | 1.48 |
| 2023-01-18 | 11813.38 | 11810.66 | 11855.44 | 11793.32 | 314382506 | 369658040000 | 1.42 |
| 2023-01-17 | 11794.96 | 11800.55 | 11830.58 | 11746.76 | 331375770 | 404543870000 | 1.50 |
| 2023-01-16 | 11612.36 | 11785.77 | 11886.95 | 11612.36 | 392756664 | 503878170000 | 1.78 |
| 2023-01-13 | 11509.21 | 11602.3 | 11602.3 | 11489.19 | 331434486 | 414249450000 | 1.50 |
| 2023-01-12 | 11470.61 | 11465.73 | 11528.93 | 11425.11 | 340072634 | 406082460000 | 1.54 |
| 2023-01-11 | 11498.97 | 11439.44 | 11563.78 | 11424.25 | 349159804 | 432601300000 | 1.58 |
| 2023-01-10 | 11455.6 | 11506.79 | 11526.28 | 11413.99 | 342008406 | 436844210000 | 1.55 |
| 2023-01-09 | 11411.37 | 11450.15 | 11490.59 | 11408.67 | 360313472 | 464473350000 | 1.63 |
| 2023-01-06 | 11327.03 | 11367.73 | 11443.45 | 11314.35 | 407144027 | 499549690000 | 1.85 |
| 2023-01-05 | 11136.77 | 11332.01 | 11346.22 | 11136.77 | 410853816 | 507125750000 | 1.87 |
| 2023-01-04 | 11099.15 | 11095.37 | 11149.15 | 11035.77 | 412144084 | 467334510000 | 1.87 |
| 2023-01-03 | 11003.05 | 11117.13 | 11134.96 | 10921.42 | 397899643 | 457443910000 | 1.81 |
| 2022-12-30 | 11046.07 | 11015.99 | 11071.93 | 11013.32 | 322540533 | 353707650000 | 1.46 |
| 2022-12-29 | 10971.27 | 10996.41 | 11064.02 | 10956.95 | 323094665 | 360827050000 | 1.47 |
| 2022-12-28 | 11055.06 | 11010.53 | 11061.19 | 10975.13 | 346226478 | 390261750000 | 1.57 |
| 2022-12-27 | 11010.93 | 11106.5 | 11115.77 | 11000.11 | 347696816 | 400690170000 | 1.58 |
| 2022-12-26 | 10858.33 | 10978.99 | 10996.64 | 10858.33 | 318664168 | 368805660000 | 1.45 |
| 2022-12-23 | 10811.57 | 10849.64 | 10918.18 | 10794.14 | 315967227 | 352043830000 | 1.44 |
| 2022-12-22 | 10976.57 | 10876.31 | 11034.67 | 10840.3 | 347408567 | 391173440000 | 1.58 |
| 2022-12-21 | 10966.31 | 10912.09 | 11001.15 | 10872.27 | 315182795 | 347827240000 | 1.44 |
| 2022-12-20 | 11092.86 | 10949.12 | 11092.86 | 10908.53 | 328218210 | 378107630000 | 1.50 |
| 2022-12-19 | 11286.66 | 11124.7 | 11329.56 | 11083.85 | 400705350 | 448907980000 | 1.83 |
| 2022-12-16 | 11289.52 | 11295.03 | 11327.27 | 11234.62 | 404009947 | 454187250000 | 1.85 |
| 2022-12-15 | 11306.79 | 11358.11 | 11371.18 | 11269.61 | 392689173 | 461043860000 | 1.79 |
| 2022-12-14 | 11341.96 | 11321.81 | 11375.22 | 11298.43 | 406111741 | 476926630000 | 1.86 |
| 2022-12-13 | 11398.84 | 11323.7 | 11400.01 | 11312.1 | 409092170 | 482901930000 | 1.87 |
| 2022-12-12 | 11453.26 | 11399.13 | 11457.09 | 11392.89 | 430329041 | 514862330000 | 1.97 |
| 2022-12-09 | 11397.1 | 11501.58 | 11511.32 | 11360.15 | 464345892 | 561346220000 | 2.12 |
| 2022-12-08 | 11403.19 | 11389.79 | 11429.77 | 11343.57 | 440019801 | 504931900000 | 2.01 |
| 2022-12-07 | 11365.98 | 11418.76 | 11504.39 | 11358.68 | 445500813 | 546530030000 | 2.04 |
| 2022-12-06 | 11278.48 | 11398.82 | 11465.41 | 11264.47 | 455796410 | 562964950000 | 2.09 |
| 2022-12-05 | 11292.34 | 11323.35 | 11338.86 | 11250.62 | 489374883 | 575901450000 | 2.24 |
| 2022-12-02 | 11238.44 | 11219.79 | 11312.32 | 11206.78 | 428852017 | 498207070000 | 1.96 |
| 2022-12-01 | 11282.46 | 11264.16 | 11350.48 | 11262.81 | 494705772 | 596166110000 | 2.26 |
| 2022-11-30 | 11071.31 | 11108.5 | 11140.5 | 11044.03 | 477400249 | 527150020000 | 2.18 |
| 2022-11-29 | 10891.72 | 11089.01 | 11112.73 | 10888.54 | 469714685 | 529016060000 | 2.15 |
| 2022-11-28 | 10708.56 | 10829.08 | 10833.27 | 10657.89 | 375381583 | 419844170000 | 1.72 |
| 2022-11-25 | 10928.15 | 10904.27 | 10962.14 | 10881.08 | 368960495 | 414462590000 | 1.69 |
| 2022-11-24 | 11019.47 | 10956.68 | 11061.36 | 10927.85 | 376262826 | 439869210000 | 1.72 |
| 2022-11-23 | 10971 | 10972.81 | 11025.48 | 10842.59 | 405799674 | 474079300000 | 1.86 |
| 2022-11-22 | 11113.32 | 11002.93 | 11152 | 10960.88 | 433756297 | 510483610000 | 1.99 |
| 2022-11-21 | 11086.69 | 11134.47 | 11137.63 | 11014.96 | 420524479 | 504248440000 | 1.93 |
| 2022-11-18 | 11229.11 | 11180.43 | 11310.22 | 11171.19 | 492221658 | 589522450000 | 2.26 |
| 2022-11-17 | 11199.62 | 11221.45 | 11221.45 | 11077.6 | 438822708 | 535216710000 | 2.01 |
| 2022-11-16 | 11336.07 | 11235.56 | 11385.87 | 11220.33 | 466187381 | 555714060000 | 2.14 |
| 2022-11-15 | 11100.23 | 11351.33 | 11351.33 | 11069.15 | 503671259 | 612151520000 | 2.31 |
| 2022-11-14 | 11177.07 | 11113.46 | 11260.86 | 11067.89 | 518247742 | 612751090000 | 2.38 |
| 2022-11-11 | 11217.11 | 11139.77 | 11272.16 | 11085.93 | 598274247 | 709334990000 | 2.74 |
| 2022-11-10 | 10964.94 | 10908.55 | 10979.71 | 10848.48 | 426394700 | 506896460000 | 1.96 |
| 2022-11-09 | 11149.37 | 11055.29 | 11185.51 | 11049.33 | 393693811 | 471819770000 | 1.80 |
| 2022-11-08 | 11202.44 | 11142.93 | 11212.54 | 11055.08 | 399511530 | 496794900000 | 1.83 |
| 2022-11-07 | 11184.16 | 11207.73 | 11272.8 | 11127.25 | 455136444 | 581740210000 | 2.09 |
| 2022-11-04 | 10848.3 | 11187.43 | 11226.21 | 10848.3 | 466117158 | 621906970000 | 2.14 |
| 2022-11-03 | 10766.22 | 10840.06 | 10877.74 | 10754.29 | 400924659 | 515881820000 | 1.84 |
| 2022-11-02 | 10704.25 | 10877.51 | 10951.45 | 10687.21 | 466416166 | 594556050000 | 2.14 |
| 2022-11-01 | 10420.95 | 10734.25 | 10734.25 | 10395.56 | 424965410 | 546530960000 | 1.95 |
| 2022-10-31 | 10304.2 | 10397.04 | 10518.39 | 10301.71 | 395020256 | 486465960000 | 1.81 |
| 2022-10-28 | 10659.7 | 10401.84 | 10698.69 | 10368.91 | 440106690 | 524397370000 | 2.02 |
| 2022-10-27 | 10843.34 | 10750.14 | 10886.1 | 10750.14 | 426569080 | 542578940000 | 1.96 |
| 2022-10-26 | 10664.43 | 10818.33 | 10928.45 | 10657.02 | 438412943 | 541376240000 | 2.01 |
| 2022-10-25 | 10644.67 | 10639.82 | 10760.67 | 10510.91 | 391931260 | 465368850000 | 1.80 |
| 2022-10-24 | 10908.74 | 10694.61 | 11043.03 | 10635.35 | 407224612 | 486317580000 | 1.87 |
| 2022-10-21 | 10955.84 | 10918.97 | 11000.39 | 10875.18 | 343830151 | 397212750000 | 1.58 |
| 2022-10-20 | 10948.43 | 10965.33 | 11126.16 | 10832.09 | 375346701 | 456150970000 | 1.73 |
| 2022-10-19 | 11154.13 | 11027.24 | 11197.15 | 11027.24 | 365583539 | 445291210000 | 1.68 |
| 2022-10-18 | 11223.15 | 11187.7 | 11270.48 | 11135.47 | 388144933 | 467799550000 | 1.79 |
| 2022-10-17 | 11059.23 | 11162.26 | 11173.39 | 11041.58 | 382488133 | 458064130000 | 1.76 |
| 2022-10-14 | 10914.18 | 11121.72 | 11177.23 | 10890.19 | 390341470 | 488757890000 | 1.80 |
| 2022-10-13 | 10762.67 | 10817.67 | 10923.92 | 10737.3 | 352459169 | 410574200000 | 1.62 |
| 2022-10-12 | 10568.01 | 10838.48 | 10838.63 | 10402.06 | 347135440 | 403346000000 | 1.60 |
| 2022-10-11 | 10555.06 | 10577.81 | 10617.92 | 10487.66 | 277287498 | 317100030000 | 1.28 |
| 2022-10-10 | 10788.69 | 10522.12 | 10801.34 | 10500.77 | 298150773 | 337870030000 | 1.37 |
| 2022-09-30 | 10925.01 | 10778.61 | 10962.22 | 10777.91 | 283223132 | 320578280000 | 1.30 |
| 2022-09-29 | 11023.83 | 10919.44 | 11045.98 | 10864.49 | 314504672 | 348132410000 | 1.45 |
| 2022-09-28 | 11136.18 | 10899.7 | 11136.18 | 10899.7 | 323972352 | 371216300000 | 1.49 |
| 2022-09-27 | 10999.1 | 11175.12 | 11175.12 | 10959.82 | 320916907 | 376138590000 | 1.48 |
| 2022-09-26 | 10921.64 | 10962.56 | 11141.59 | 10908.96 | 327208261 | 374418070000 | 1.51 |
| 2022-09-23 | 11105.76 | 11006.41 | 11146.79 | 10899.59 | 340925085 | 381988410000 | 1.57 |
| 2022-09-22 | 11122.11 | 11114.43 | 11241.12 | 11094.74 | 321627173 | 368469430000 | 1.48 |
| 2022-09-21 | 11245.84 | 11208.51 | 11259.31 | 11117.37 | 333907929 | 366446630000 | 1.54 |
| 2022-09-20 | 11274.86 | 11283.92 | 11364.16 | 11229.91 | 320491738 | 382373090000 | 1.48 |
| 2022-09-19 | 11241.78 | 11207.04 | 11318.01 | 11149.98 | 329594959 | 375430720000 | 1.52 |
| 2022-09-16 | 11492.69 | 11261.5 | 11509.98 | 11261.5 | 392660433 | 444267900000 | 1.81 |
| 2022-09-15 | 11823.8 | 11526.96 | 11832.46 | 11427.51 | 443030060 | 526626930000 | 2.05 |
| 2022-09-14 | 11751.11 | 11774.78 | 11841.18 | 11703.76 | 355327916 | 416273970000 | 1.64 |
| 2022-09-13 | 11936.58 | 11923.47 | 11966.17 | 11874.19 | 365038769 | 432328510000 | 1.69 |
| 2022-09-09 | 11780.82 | 11877.79 | 11885.46 | 11750.44 | 375617629 | 440969020000 | 1.73 |
| 2022-09-08 | 11858.53 | 11746.92 | 11865.97 | 11739.57 | 395047991 | 459600790000 | 1.83 |
| 2022-09-07 | 11743.47 | 11849.08 | 11894.56 | 11724.28 | 417413878 | 503263090000 | 1.93 |
| 2022-09-06 | 11702.17 | 11799.81 | 11802.71 | 11624.82 | 402594159 | 490521340000 | 1.86 |
| 2022-09-05 | 11667.05 | 11678.69 | 11714.41 | 11597.73 | 365345250 | 430071340000 | 1.69 |
| 2022-09-02 | 11753.6 | 11702.39 | 11765.01 | 11644.03 | 371281614 | 433294730000 | 1.72 |
| 2022-09-01 | 11789.82 | 11712.39 | 11888.06 | 11696.58 | 393197405 | 457759360000 | 1.82 |
| 2022-08-31 | 11909.31 | 11815.79 | 11968.46 | 11743.69 | 459835903 | 570597000000 | 2.13 |
| 2022-08-30 | 12013.92 | 11970.79 | 12039.19 | 11905 | 409453173 | 484735740000 | 1.90 |
| 2022-08-29 | 11911.17 | 12018.16 | 12044.52 | 11890.49 | 395382392 | 482076760000 | 1.83 |
| 2022-08-26 | 12142.05 | 12059.71 | 12210.01 | 12039.74 | 423200607 | 531590580000 | 1.99 |
| 2022-08-25 | 12130.76 | 12104.03 | 12159.8 | 11949.76 | 468367750 | 567022950000 | 2.20 |
| 2022-08-24 | 12484.44 | 12096.39 | 12491.17 | 12082.44 | 542031759 | 667671570000 | 2.55 |
| 2022-08-23 | 12481.24 | 12455.15 | 12525.01 | 12405.58 | 460671129 | 583980850000 | 2.17 |
| 2022-08-22 | 12320.88 | 12505.68 | 12509.91 | 12291.82 | 463803681 | 598705300000 | 2.18 |
| 2022-08-19 | 12504.48 | 12358.55 | 12521.76 | 12358.55 | 518742439 | 662348560000 | 2.44 |
| 2022-08-18 | 12557.34 | 12517.32 | 12576.62 | 12496.79 | 502579425 | 635990040000 | 2.37 |
| 2022-08-17 | 12481.71 | 12595.46 | 12611.49 | 12391.45 | 511868514 | 650590480000 | 2.42 |
| 2022-08-16 | 12470.65 | 12470.11 | 12553.69 | 12441.96 | 490212239 | 610983950000 | 2.31 |
| 2022-08-15 | 12392.5 | 12460.22 | 12531.77 | 12386.16 | 457298528 | 589050550000 | 2.16 |
| 2022-08-12 | 12453.4 | 12419.39 | 12493.78 | 12417.49 | 490390438 | 595631300000 | 2.31 |
| 2022-08-11 | 12287.8 | 12474.03 | 12475.17 | 12231.08 | 488906602 | 639275390000 | 2.31 |
| 2022-08-10 | 12302.57 | 12223.51 | 12347.15 | 12166.23 | 427925375 | 576112340000 | 2.02 |
| 2022-08-09 | 12277.44 | 12331.09 | 12333.38 | 12235.83 | 425183711 | 561587340000 | 2.01 |
| 2022-08-08 | 12239.87 | 12302.15 | 12304.23 | 12219.02 | 424214874 | 560327250000 | 2.00 |
| 2022-08-05 | 12088.65 | 12269.21 | 12275.96 | 12051.4 | 454849809 | 581338910000 | 2.15 |
| 2022-08-04 | 12055.35 | 12065.22 | 12103.38 | 11926.51 | 428255877 | 528256490000 | 2.02 |
| 2022-08-03 | 12148.24 | 11982.26 | 12294.88 | 11946.46 | 525849018 | 659550020000 | 2.48 |
| 2022-08-02 | 12260.45 | 12120.02 | 12273.37 | 12008.17 | 596422298 | 705161510000 | 2.82 |
| 2022-08-01 | 12243.33 | 12413.87 | 12420.23 | 12158.85 | 454766236 | 594861070000 | 2.15 |
| 2022-07-29 | 12439.41 | 12266.92 | 12460.19 | 12245.21 | 485462578 | 604184360000 | 2.29 |
| 2022-07-28 | 12467.76 | 12428.72 | 12550.9 | 12407.07 | 504869927 | 611466430000 | 2.39 |
| 2022-07-27 | 12383.05 | 12399.69 | 12439.22 | 12331.7 | 443864105 | 528343550000 | 2.10 |
| 2022-07-26 | 12308.74 | 12408.56 | 12453.11 | 12266.84 | 423353036 | 499711800000 | 2.00 |
| 2022-07-25 | 12386.55 | 12291.59 | 12414.07 | 12251.08 | 433572939 | 513894850000 | 2.05 |
| 2022-07-22 | 12501.34 | 12394.02 | 12553.27 | 12289.2 | 464840150 | 557838960000 | 2.19 |
| 2022-07-21 | 12543.58 | 12455.19 | 12601 | 12455.19 | 486417366 | 597513190000 | 2.30 |
| 2022-07-20 | 12551.43 | 12573.12 | 12625.63 | 12518.42 | 460614590 | 569050300000 | 2.17 |
| 2022-07-19 | 12524.51 | 12494.77 | 12569.95 | 12402.11 | 485702640 | 600720030000 | 2.29 |
| 2022-07-18 | 12456.22 | 12532.65 | 12559.07 | 12304.12 | 473232609 | 598045520000 | 2.23 |
| 2022-07-15 | 12557.15 | 12411.01 | 12687.67 | 12411.01 | 505839026 | 627239630000 | 2.39 |
| 2022-07-14 | 12479.22 | 12602.78 | 12695.2 | 12452.13 | 469480639 | 595851640000 | 2.22 |
| 2022-07-13 | 12441.72 | 12508.89 | 12562.95 | 12323.2 | 445105517 | 548175190000 | 2.10 |
| 2022-07-12 | 12616.84 | 12439.27 | 12657.49 | 12396.91 | 444283747 | 565774930000 | 2.10 |
| 2022-07-11 | 12798.42 | 12617.23 | 12798.42 | 12514.98 | 451243337 | 583792940000 | 2.13 |
| 2022-07-08 | 12998.56 | 12857.13 | 13034.46 | 12848.63 | 464011816 | 607479340000 | 2.19 |
| 2022-07-07 | 12826.09 | 12935.85 | 12962.99 | 12732.7 | 453546935 | 614824410000 | 2.15 |
| 2022-07-06 | 12935.42 | 12811.33 | 12997.41 | 12700.48 | 451141927 | 599172090000 | 2.14 |
| 2022-07-05 | 13057.24 | 12973.11 | 13121.39 | 12798.01 | 493969472 | 664378440000 | 2.35 |
| 2022-07-04 | 12813.49 | 13026.25 | 13026.25 | 12751.08 | 458436528 | 641126830000 | 2.18 |
| 2022-07-01 | 12899.47 | 12860.36 | 12941.06 | 12805.73 | 455783515 | 592858470000 | 2.17 |
| 2022-06-30 | 12710.25 | 12896.2 | 12970.65 | 12710.25 | 502894731 | 649474150000 | 2.39 |
| 2022-06-29 | 12930.43 | 12696.5 | 12998.63 | 12682.93 | 578819363 | 754858640000 | 2.75 |
| 2022-06-28 | 12823.65 | 12982.69 | 13001.54 | 12718.25 | 535029551 | 695684360000 | 2.55 |
| 2022-06-27 | 12742.55 | 12825.57 | 12911.24 | 12742.55 | 514242619 | 687112410000 | 2.45 |
| 2022-06-24 | 12553.56 | 12686.03 | 12690.54 | 12516.71 | 501254049 | 650459590000 | 2.39 |
| 2022-06-23 | 12273.38 | 12514.73 | 12514.73 | 12177.26 | 471908900 | 601724800000 | 2.25 |
| 2022-06-22 | 12437.69 | 12246.55 | 12445.16 | 12240.78 | 438776894 | 555435230000 | 2.09 |
| 2022-06-21 | 12477.73 | 12423.86 | 12542.72 | 12299.95 | 490276081 | 608079020000 | 2.34 |
| 2022-06-20 | 12405.12 | 12487.13 | 12587.95 | 12372.07 | 475333978 | 636552700000 | 2.27 |
| 2022-06-17 | 12045.84 | 12331.14 | 12355.34 | 12036.27 | 464360786 | 595942660000 | 2.22 |
| 2022-06-16 | 12146.85 | 12150.96 | 12274.18 | 12101.49 | 488078232 | 574535840000 | 2.34 |
| 2022-06-15 | 12052.74 | 12137.76 | 12356.31 | 12038.8 | 560954014 | 676767700000 | 2.69 |
| 2022-06-14 | 11854.17 | 12023.79 | 12028.14 | 11644.35 | 487599958 | 585416760000 | 2.34 |
| 2022-06-13 | 11922.56 | 11999.31 | 12056.53 | 11881.08 | 463249991 | 578736510000 | 2.23 |
| 2022-06-10 | 11733.35 | 12035.15 | 12039.47 | 11724.24 | 440546769 | 546164950000 | 2.11 |
| 2022-06-09 | 12002.81 | 11810.58 | 12006.02 | 11761.21 | 431076830 | 508211760000 | 2.08 |
| 2022-06-08 | 11947.75 | 12033.26 | 12040.35 | 11815.29 | 476121212 | 592665810000 | 2.28 |
| 2022-06-07 | 11937.28 | 11935.57 | 12004.58 | 11857.45 | 454574893 | 556581980000 | 2.19 |
| 2022-06-06 | 11636.68 | 11938.12 | 11941.17 | 11602.4 | 461702057 | 595015110000 | 2.23 |
| 2022-06-02 | 11492.97 | 11628.31 | 11637.53 | 11470.89 | 406158051 | 477859350000 | 1.94 |
| 2022-06-01 | 11507.49 | 11551.27 | 11592.47 | 11467.86 | 407924439 | 482675710000 | 1.96 |
| 2022-05-31 | 11313.41 | 11527.62 | 11543.18 | 11241.03 | 420569051 | 503501500000 | 2.02 |
| 2022-05-30 | 11248.51 | 11310.28 | 11327.05 | 11185.95 | 374347581 | 434348800000 | 1.79 |
| 2022-05-27 | 11290 | 11193.59 | 11379.93 | 11126.75 | 397628667 | 443122740000 | 1.90 |
| 2022-05-26 | 11149.31 | 11206.82 | 11276.2 | 10984.75 | 400141811 | 445519720000 | 1.92 |
| 2022-05-25 | 11062.63 | 11143.18 | 11143.97 | 11009.73 | 374752912 | 419830460000 | 1.79 |
| 2022-05-24 | 11429.93 | 11065.92 | 11429.93 | 11065.92 | 488680892 | 551769380000 | 2.34 |
| 2022-05-23 | 11468.81 | 11447.95 | 11475.18 | 11343.21 | 420200659 | 478499290000 | 2.02 |
| 2022-05-20 | 11311.81 | 11454.53 | 11454.53 | 11292.14 | 446303249 | 505340900000 | 2.14 |
| 2022-05-19 | 11035.96 | 11250.06 | 11250.06 | 11019.08 | 414314099 | 446671270000 | 1.99 |
| 2022-05-18 | 11249.28 | 11208.08 | 11300.22 | 11151.22 | 393883576 | 431494830000 | 1.89 |
| 2022-05-17 | 11095.4 | 11230.16 | 11230.74 | 11059.83 | 387156788 | 438261200000 | 1.86 |
| 2022-05-16 | 11251.27 | 11093.37 | 11296 | 11067.06 | 408409471 | 437216530000 | 1.97 |
| 2022-05-13 | 11167.59 | 11159.79 | 11204.55 | 11044.46 | 384838062 | 416213570000 | 1.85 |
| 2022-05-12 | 11029.34 | 11094.87 | 11173.02 | 11006.32 | 404425813 | 452362050000 | 1.95 |
| 2022-05-11 | 10921.03 | 11109.48 | 11334.76 | 10917.1 | 506951048 | 605072520000 | 2.44 |
| 2022-05-10 | 10601.4 | 10912.74 | 10938.58 | 10560.78 | 411328211 | 462831980000 | 1.98 |
| 2022-05-09 | 10743.03 | 10765.63 | 10867.61 | 10698.67 | 339109143 | 371397520000 | 1.63 |
| 2022-05-06 | 10775.31 | 10809.88 | 10913.69 | 10748.87 | 375395433 | 413582130000 | 1.81 |
| 2022-05-05 | 10928.68 | 11046.38 | 11146.02 | 10897.26 | 409979608 | 491556400000 | 1.97 |
| 2022-04-29 | 10719.45 | 11021.44 | 11029.94 | 10631.14 | 464934270 | 524605250000 | 2.24 |
| 2022-04-28 | 10607.79 | 10628.92 | 10743.17 | 10498.66 | 408975483 | 451836270000 | 1.97 |
| 2022-04-27 | 10090.98 | 10652.9 | 10652.93 | 10087.53 | 476208436 | 494759770000 | 2.30 |
| 2022-04-26 | 10401.99 | 10206.64 | 10548.96 | 10181.17 | 433566387 | 442820890000 | 2.09 |
| 2022-04-25 | 10840.36 | 10379.28 | 10866.64 | 10379.06 | 457612443 | 469816870000 | 2.20 |
| 2022-04-22 | 11016.68 | 11051.7 | 11151.66 | 10896.92 | 372203851 | 404474710000 | 1.79 |
| 2022-04-21 | 11328.71 | 11084.28 | 11429.78 | 11038.38 | 429251535 | 459812620000 | 2.07 |
| 2022-04-20 | 11619.74 | 11392.23 | 11641.45 | 11360.08 | 399133477 | 447105690000 | 1.92 |
| 2022-04-19 | 11691.76 | 11633.32 | 11771.55 | 11584.24 | 357166481 | 416624210000 | 1.72 |
| 2022-04-18 | 11557.52 | 11691.47 | 11710.84 | 11459.84 | 364605683 | 411908670000 | 1.76 |
| 2022-04-15 | 11626.05 | 11648.57 | 11737.79 | 11552.78 | 438335829 | 497739430000 | 2.12 |
| 2022-04-14 | 11662.59 | 11714.62 | 11787.12 | 11587.87 | 406771251 | 468901680000 | 1.97 |
| 2022-04-13 | 11669.08 | 11568.17 | 11744.25 | 11568.17 | 438713002 | 475223620000 | 2.12 |
| 2022-04-12 | 11523.28 | 11756.38 | 11756.38 | 11439.59 | 449765611 | 493975780000 | 2.18 |
| 2022-04-11 | 11876.18 | 11520.21 | 11876.18 | 11482.73 | 463261840 | 528592080000 | 2.24 |
| 2022-04-08 | 11988.05 | 11959.27 | 12001.59 | 11799.02 | 462484667 | 512401290000 | 2.24 |
| 2022-04-07 | 12101.37 | 11972.02 | 12205.1 | 11971.33 | 478578704 | 524892590000 | 2.31 |
| 2022-04-06 | 12220.78 | 12172.91 | 12238.02 | 12091.98 | 484429217 | 532502400000 | 2.35 |
| 2022-04-01 | 12040.01 | 12227.93 | 12275.08 | 12009.21 | 470576213 | 529916750000 | 2.28 |
| 2022-03-31 | 12208.99 | 12118.25 | 12220.06 | 12090.29 | 498906066 | 581017360000 | 2.41 |
| 2022-03-30 | 11969.36 | 12263.8 | 12263.8 | 11961.06 | 450967898 | 545377040000 | 2.18 |
| 2022-03-29 | 11983.54 | 11895.08 | 12050.85 | 11857.37 | 425132253 | 500012940000 | 2.05 |
| 2022-03-28 | 11969 | 11949.94 | 12053.2 | 11835.33 | 423332988 | 495913900000 | 2.05 |
| 2022-03-25 | 12315.35 | 12072.73 | 12330.95 | 12072.73 | 437184680 | 528491850000 | 2.12 |
| 2022-03-24 | 12339.14 | 12305.5 | 12384.78 | 12188.58 | 440692827 | 529361680000 | 2.14 |
| 2022-03-23 | 12373.51 | 12408.65 | 12436.21 | 12291.37 | 450677512 | 537394680000 | 2.18 |
| 2022-03-22 | 12350.73 | 12318.78 | 12410.47 | 12269.17 | 464501508 | 559997430000 | 2.25 |
| 2022-03-21 | 12385.87 | 12379.64 | 12469.98 | 12257.67 | 472491318 | 594069220000 | 2.29 |
| 2022-03-18 | 12222.22 | 12328.65 | 12368.59 | 12141.75 | 452016282 | 562050110000 | 2.19 |
| 2022-03-17 | 12228.84 | 12289.97 | 12497.86 | 12218.17 | 530552561 | 742943660000 | 2.57 |
| 2022-03-16 | 11765.31 | 12000.96 | 12034.46 | 11331.23 | 510653177 | 669733220000 | 2.48 |
| 2022-03-15 | 11948.63 | 11537.24 | 12086.04 | 11537.24 | 491133199 | 616059880000 | 2.38 |
| 2022-03-14 | 12315.77 | 12063.63 | 12389.41 | 12063.63 | 410957922 | 551758540000 | 1.99 |
| 2022-03-11 | 12181.48 | 12447.37 | 12464.5 | 12043.38 | 446429139 | 591465320000 | 2.17 |
| 2022-03-10 | 12421.76 | 12370.95 | 12486.91 | 12331.51 | 457351733 | 612625620000 | 2.22 |
| 2022-03-09 | 12282.15 | 12107.17 | 12337.77 | 11598.39 | 521187995 | 641926910000 | 2.53 |
| 2022-03-08 | 12594.6 | 12244.5 | 12653.46 | 12178.18 | 485660820 | 624336260000 | 2.35 |
| 2022-03-07 | 12930.73 | 12573.43 | 12930.73 | 12523.45 | 430338499 | 566406130000 | 2.09 |
| 2022-03-04 | 13089.42 | 13020.46 | 13204.24 | 12972.24 | 448266776 | 575567260000 | 2.18 |
| 2022-03-03 | 13397.97 | 13201.82 | 13407.04 | 13187.74 | 451125702 | 566547160000 | 2.20 |
| 2022-03-02 | 13412.9 | 13346.96 | 13412.9 | 13267.55 | 400429912 | 517925860000 | 1.95 |
| 2022-03-01 | 13493.28 | 13488.64 | 13517.25 | 13393.85 | 399261092 | 556498530000 | 1.94 |
| 2022-02-28 | 13397.93 | 13455.73 | 13457.61 | 13279.32 | 397940260 | 535316720000 | 1.93 |
| 2022-02-25 | 13383.24 | 13412.92 | 13540.99 | 13383.24 | 434650891 | 577064530000 | 2.12 |
| 2022-02-24 | 13459.01 | 13252.24 | 13538.71 | 13093.97 | 629045621 | 792905220000 | 3.07 |
| 2022-02-23 | 13319.87 | 13549.99 | 13553.27 | 13319.87 | 454061013 | 625266220000 | 2.21 |
| 2022-02-22 | 13384.03 | 13297.11 | 13384.03 | 13216.63 | 456917841 | 590595880000 | 2.23 |
| 2022-02-21 | 13464.85 | 13471.16 | 13503.09 | 13404.73 | 448012142 | 555046540000 | 2.19 |
| 2022-02-18 | 13334.9 | 13459.68 | 13460.21 | 13316.47 | 388370497 | 480329810000 | 1.90 |
| 2022-02-17 | 13360.46 | 13422.9 | 13490.86 | 13322.69 | 429285613 | 553015970000 | 2.09 |
| 2022-02-16 | 13403.64 | 13376.36 | 13446.06 | 13339.8 | 375308775 | 481453460000 | 1.83 |
| 2022-02-15 | 13143.1 | 13345.63 | 13346.67 | 13138.44 | 371391608 | 485858670000 | 1.81 |
| 2022-02-14 | 13140.35 | 13123.21 | 13280.08 | 13049.45 | 391449471 | 500778940000 | 1.91 |
| 2022-02-11 | 13360.4 | 13224.38 | 13452.72 | 13206.63 | 441761801 | 565245650000 | 2.16 |
| 2022-02-10 | 13537.31 | 13432.07 | 13537.31 | 13339.5 | 408941572 | 531355980000 | 2.00 |
| 2022-02-09 | 13321.81 | 13531.31 | 13541.87 | 13283.2 | 430442323 | 538058910000 | 2.10 |
| 2022-02-08 | 13432.08 | 13325.41 | 13432.33 | 13051.8 | 394133103 | 490826040000 | 1.93 |
| 2022-02-07 | 13558.94 | 13456.65 | 13632.45 | 13412.2 | 371634394 | 465994020000 | 1.80 |
| 2022-01-28 | 13515.47 | 13328.06 | 13553.22 | 13227.83 | 358892927 | 465106770000 | 1.74 |
| 2022-01-27 | 13756.87 | 13398.84 | 13773.5 | 13395.36 | 373194453 | 476438480000 | 1.81 |
| 2022-01-26 | 13742.03 | 13780.3 | 13820.94 | 13580.4 | 351288315 | 455865830000 | 1.71 |
| 2022-01-25 | 14018.93 | 13683.89 | 14091.88 | 13682.72 | 446105457 | 553134100000 | 2.17 |
| 2022-01-24 | 13941.9 | 14081.8 | 14133.04 | 13918.99 | 371844184 | 506151380000 | 1.82 |
| 2022-01-21 | 14144.22 | 14029.55 | 14181.62 | 13991.64 | 438784152 | 566667210000 | 2.13 |
| 2022-01-20 | 14188.51 | 14198.3 | 14312 | 14149.5 | 517115385 | 669283760000 | 2.51 |
| 2022-01-19 | 14376.36 | 14207.19 | 14413.38 | 14120.24 | 483398527 | 644543880000 | 2.36 |
| 2022-01-18 | 14365.19 | 14391.39 | 14444.54 | 14285.63 | 548870207 | 725086780000 | 2.69 |
| 2022-01-17 | 14163 | 14363.57 | 14374.47 | 14159.27 | 505321980 | 681429700000 | 2.47 |
| 2022-01-14 | 14054.67 | 14150.57 | 14219.44 | 14039.87 | 506382268 | 643758910000 | 2.49 |
| 2022-01-13 | 14440.98 | 14138.34 | 14440.98 | 14138.34 | 495139094 | 636529730000 | 2.43 |
| 2022-01-12 | 14316.53 | 14421.2 | 14426.12 | 14293.41 | 466111365 | 625336420000 | 2.29 |
| 2022-01-11 | 14402.22 | 14223.35 | 14433.56 | 14201.9 | 475474032 | 614437720000 | 2.34 |
| 2022-01-10 | 14304.86 | 14406.97 | 14430.09 | 14194.35 | 463125105 | 607982060000 | 2.28 |
| 2022-01-07 | 14449.54 | 14343.65 | 14495.67 | 14331.98 | 561849848 | 704297620000 | 2.76 |
| 2022-01-06 | 14432.46 | 14429.51 | 14497.77 | 14298.48 | 513516007 | 662400090000 | 2.53 |
| 2022-01-05 | 14752.08 | 14525.76 | 14767.22 | 14469.37 | 583832784 | 766150490000 | 2.87 |
| 2022-01-04 | 14935.23 | 14791.31 | 14941.19 | 14681.71 | 570546865 | 756072970000 | 2.81 |
| 2021-12-31 | 14842.07 | 14857.35 | 14871.98 | 14797.11 | 468675226 | 626736500000 | 2.31 |
| 2021-12-30 | 14652.08 | 14796.23 | 14846.82 | 14652.08 | 455430806 | 603918620000 | 2.26 |
| 2021-12-29 | 14828.19 | 14653.82 | 14828.19 | 14645.2 | 424280068 | 586862050000 | 2.10 |
| 2021-12-28 | 14736.73 | 14837.87 | 14841.88 | 14696.45 | 432157118 | 593880150000 | 2.14 |
| 2021-12-27 | 14704.29 | 14715.65 | 14802.35 | 14652.42 | 436106669 | 567285590000 | 2.17 |
| 2021-12-24 | 14872.42 | 14710.33 | 14887.46 | 14674.14 | 507365222 | 655545720000 | 2.52 |
| 2021-12-23 | 14818.99 | 14863.93 | 14878.95 | 14790.45 | 492400676 | 627289020000 | 2.45 |
| 2021-12-22 | 14723.41 | 14791.33 | 14813.04 | 14709.4 | 531632653 | 630016030000 | 2.64 |
| 2021-12-21 | 14559.72 | 14688.98 | 14702.38 | 14547.6 | 480362783 | 571999290000 | 2.39 |
| 2021-12-20 | 14818.42 | 14569.18 | 14902.13 | 14551.36 | 504639909 | 666449900000 | 2.51 |
| 2021-12-17 | 15075.23 | 14867.55 | 15075.23 | 14867.25 | 504183204 | 667484920000 | 2.51 |
| 2021-12-16 | 15047.47 | 15112.81 | 15112.81 | 14977.45 | 474491508 | 647679980000 | 2.36 |
| 2021-12-15 | 15112.18 | 15026.21 | 15187.26 | 15012.75 | 475018502 | 654947650000 | 2.36 |
| 2021-12-14 | 15171.05 | 15136.78 | 15185.25 | 15109.06 | 461568426 | 653648450000 | 2.30 |
| 2021-12-13 | 15166.16 | 15212.49 | 15288.65 | 15151.8 | 475162325 | 696525930000 | 2.37 |
| 2021-12-10 | 15044.68 | 15111.56 | 15148.78 | 15026.37 | 453860026 | 679057150000 | 2.26 |
| 2021-12-09 | 14965.44 | 15147.87 | 15193.68 | 14957.34 | 470547554 | 695503280000 | 2.35 |
| 2021-12-08 | 14748.65 | 14964.46 | 14964.46 | 14733.89 | 408102745 | 615474170000 | 2.04 |
| 2021-12-07 | 14845.02 | 14697.17 | 14861.38 | 14602.73 | 450142170 | 675619380000 | 2.25 |
| 2021-12-06 | 14872.55 | 14752.96 | 14942.24 | 14742.1 | 467776998 | 675377500000 | 2.34 |
| 2021-12-03 | 14772.67 | 14892.05 | 14892.05 | 14767.45 | 433966983 | 641750490000 | 2.17 |
| 2021-12-02 | 14769.69 | 14765.56 | 14834.79 | 14740.24 | 478637879 | 684884160000 | 2.40 |
| 2021-12-01 | 14794.37 | 14794.25 | 14824.81 | 14724.72 | 460441181 | 678971160000 | 2.31 |
| 2021-11-30 | 14854.52 | 14795.73 | 14870.23 | 14712.82 | 473012832 | 728259550000 | 2.37 |
| 2021-11-29 | 14635.48 | 14810.2 | 14825.43 | 14633.06 | 435390977 | 687529620000 | 2.18 |
| 2021-11-26 | 14802.02 | 14777.17 | 14862.93 | 14745.59 | 441289630 | 667083890000 | 2.21 |
| 2021-11-25 | 14884.85 | 14827.95 | 14897.18 | 14819.68 | 446980497 | 662565960000 | 2.24 |
| 2021-11-24 | 14908.97 | 14887.6 | 14942.96 | 14864.89 | 477783590 | 721360130000 | 2.39 |
| 2021-11-23 | 14929.24 | 14905.13 | 14954.85 | 14874.43 | 480711645 | 720402990000 | 2.41 |
| 2021-11-22 | 14778.58 | 14960.66 | 14961.79 | 14776.04 | 477183999 | 745793610000 | 2.39 |
| 2021-11-19 | 14569.93 | 14752.49 | 14761.53 | 14552.67 | 461993854 | 672557140000 | 2.31 |
| 2021-11-18 | 14685.79 | 14579.17 | 14685.79 | 14555.22 | 479263932 | 691427290000 | 2.40 |
| 2021-11-17 | 14646.66 | 14711.18 | 14711.18 | 14596.89 | 437931667 | 635624380000 | 2.19 |
| 2021-11-16 | 14626.87 | 14613.97 | 14736.37 | 14597.04 | 458179339 | 668984630000 | 2.30 |
| 2021-11-15 | 14724.34 | 14636.39 | 14732.05 | 14578.23 | 465602016 | 693965570000 | 2.33 |
| 2021-11-12 | 14708.6 | 14705.37 | 14732.35 | 14646.49 | 448411964 | 655708880000 | 2.24 |
| 2021-11-11 | 14497.98 | 14699.74 | 14708.12 | 14479.37 | 453880792 | 658370160000 | 2.27 |
| 2021-11-10 | 14521.72 | 14515.88 | 14536.63 | 14302.8 | 426612098 | 637062580000 | 2.14 |
| 2021-11-09 | 14538.62 | 14571.93 | 14581.42 | 14463.77 | 388860385 | 589660630000 | 1.95 |
| 2021-11-08 | 14451.59 | 14508.86 | 14532.72 | 14400.84 | 401022965 | 616865020000 | 2.01 |
| 2021-11-05 | 14536.6 | 14462.62 | 14623.48 | 14462.59 | 445734089 | 665324270000 | 2.24 |
| 2021-11-04 | 14440.22 | 14555.27 | 14557.94 | 14420.14 | 384931830 | 609881690000 | 1.93 |
| 2021-11-03 | 14365.21 | 14367.78 | 14458.62 | 14287.34 | 360786565 | 551101970000 | 1.81 |
| 2021-11-02 | 14476.9 | 14377.27 | 14558.36 | 14248 | 443834167 | 672622360000 | 2.22 |
| 2021-11-01 | 14393.58 | 14476.53 | 14569.23 | 14344.48 | 409694011 | 659059310000 | 2.05 |
| 2021-10-29 | 14242.68 | 14451.38 | 14457.44 | 14199.59 | 380014383 | 611152600000 | 1.90 |
| 2021-10-28 | 14350.91 | 14244.82 | 14407.66 | 14188.29 | 391846982 | 604708160000 | 1.96 |
| 2021-10-27 | 14510.45 | 14393.51 | 14510.45 | 14348.05 | 398325128 | 606050320000 | 1.99 |
| 2021-10-26 | 14658.99 | 14552.82 | 14682.43 | 14531.48 | 386830497 | 617166440000 | 1.93 |
| 2021-10-25 | 14491.35 | 14596.72 | 14599 | 14452.88 | 362803313 | 570790030000 | 1.82 |
| 2021-10-22 | 14467.37 | 14492.82 | 14582.79 | 14454.86 | 382262504 | 559803940000 | 1.92 |
| 2021-10-21 | 14466.42 | 14444.86 | 14501.45 | 14348.12 | 372311279 | 539402770000 | 1.87 |
| 2021-10-20 | 14500.46 | 14452.25 | 14552.57 | 14431.63 | 378117576 | 569678000000 | 1.90 |
| 2021-10-19 | 14352.93 | 14499.77 | 14504.24 | 14352.93 | 358298685 | 533139170000 | 1.80 |
| 2021-10-18 | 14393.18 | 14350.02 | 14393.18 | 14218.61 | 361564199 | 546460160000 | 1.82 |
| 2021-10-15 | 14294.18 | 14415.99 | 14440.58 | 14232.03 | 383655008 | 563137430000 | 1.93 |
| 2021-10-14 | 14350.63 | 14341.38 | 14399.92 | 14293.53 | 341200294 | 483313140000 | 1.71 |
| 2021-10-13 | 14140.42 | 14353.08 | 14358.5 | 14112.91 | 339658920 | 484657820000 | 1.71 |
| 2021-10-12 | 14335.54 | 14135.38 | 14335.54 | 14006.65 | 393850895 | 534606740000 | 1.98 |
| 2021-10-11 | 14440.82 | 14367.6 | 14484.39 | 14338.47 | 373827654 | 523503530000 | 1.88 |
| 2021-10-08 | 14457.94 | 14414.16 | 14489.33 | 14348.98 | 401478900 | 567706950000 | 2.02 |
| 2021-09-30 | 14124.08 | 14309.01 | 14337.5 | 14124.08 | 352613793 | 504703880000 | 1.78 |
| 2021-09-29 | 14202.4 | 14079.02 | 14235.88 | 14020.56 | 412588024 | 566656930000 | 2.08 |
| 2021-09-28 | 14307.53 | 14313.82 | 14425.16 | 14243.2 | 381380519 | 543683600000 | 1.92 |
| 2021-09-27 | 14430.04 | 14344.29 | 14527.77 | 14253.15 | 512315118 | 725024680000 | 2.58 |
| 2021-09-24 | 14359.11 | 14357.85 | 14514.39 | 14307.68 | 488477290 | 676605170000 | 2.46 |
| 2021-09-23 | 14380.09 | 14387.36 | 14416.37 | 14338.99 | 515307454 | 688258050000 | 2.59 |
| 2021-09-22 | 14139.9 | 14277.08 | 14311.96 | 14117.63 | 435910687 | 592758910000 | 2.19 |
| 2021-09-17 | 14224.61 | 14359.36 | 14383.62 | 14136.47 | 509000414 | 714327600000 | 2.56 |
| 2021-09-16 | 14527.1 | 14258.13 | 14550.31 | 14258.13 | 571644428 | 804472780000 | 2.89 |
| 2021-09-15 | 14590.8 | 14536.31 | 14602.34 | 14476.19 | 515258089 | 750408020000 | 2.59 |
| 2021-09-14 | 14699.22 | 14626.08 | 14844.26 | 14589.72 | 577552590 | 819405120000 | 2.92 |
| 2021-09-13 | 14776.82 | 14705.83 | 14833.88 | 14648.78 | 549520224 | 767014750000 | 2.77 |
| 2021-09-10 | 14673.45 | 14771.87 | 14811.51 | 14645.26 | 573881203 | 784853700000 | 2.91 |
| 2021-09-09 | 14666.05 | 14698.53 | 14716.73 | 14547.07 | 571295675 | 752689920000 | 2.89 |
| 2021-09-08 | 14706.88 | 14688.08 | 14789.09 | 14630.5 | 610923609 | 800435750000 | 3.10 |
| 2021-09-07 | 14543.84 | 14702.9 | 14724.63 | 14483.55 | 532235188 | 743489210000 | 2.70 |
| 2021-09-06 | 14184.42 | 14546.6 | 14567.14 | 14145.63 | 531572710 | 772062310000 | 2.70 |
| 2021-09-03 | 14295.56 | 14179.86 | 14302.9 | 14118.73 | 597863328 | 829276450000 | 3.03 |
| 2021-09-02 | 14294.54 | 14277.34 | 14348.82 | 14226.42 | 522249781 | 742937250000 | 2.65 |
| 2021-09-01 | 14336.07 | 14314.09 | 14418.61 | 14058.25 | 601813174 | 868626060000 | 3.05 |
| 2021-08-31 | 14407.94 | 14328.38 | 14418.26 | 14157.55 | 530028207 | 778576910000 | 2.69 |
| 2021-08-30 | 14482.97 | 14423.37 | 14546.74 | 14339.38 | 551681254 | 879104570000 | 2.80 |
| 2021-08-27 | 14382.18 | 14436.9 | 14537.15 | 14366.15 | 511404220 | 748739300000 | 2.60 |
| 2021-08-26 | 14701.92 | 14415.46 | 14701.92 | 14409.88 | 518249334 | 751902190000 | 2.63 |
| 2021-08-25 | 14657.65 | 14697.5 | 14697.5 | 14562.82 | 474861480 | 715832160000 | 2.41 |
| 2021-08-24 | 14558.96 | 14663.55 | 14710.01 | 14496.89 | 508316470 | 792221180000 | 2.58 |
| 2021-08-23 | 14296.95 | 14535.88 | 14558.47 | 14260.08 | 481272141 | 758240660000 | 2.45 |
| 2021-08-20 | 14376.9 | 14253.53 | 14448.92 | 14100.92 | 440685557 | 699861590000 | 2.24 |
| 2021-08-19 | 14456.18 | 14487.36 | 14570.63 | 14357.73 | 453525645 | 677092100000 | 2.31 |
| 2021-08-18 | 14371.82 | 14454.11 | 14500.14 | 14284.85 | 446857540 | 661695430000 | 2.27 |
| 2021-08-17 | 14696.19 | 14350.65 | 14750.93 | 14308.63 | 509253047 | 737900260000 | 2.59 |
| 2021-08-16 | 14756.48 | 14693.74 | 14800.22 | 14660.08 | 472002083 | 721626170000 | 2.40 |
