| date | open | last | high | low | volume | amount | exchange |
| --- | --- | --- | --- | --- | --- | --- | --- |
| 2021-01-04 | 6671.93 | 6798.76 | 6809.43 | 6662.80 | 183204774 | 227626020864 | 1.84 |
| 2021-01-05 | 6785.52 | 6807.45 | 6827.50 | 6726.46 | 197247557 | 250731503616 | 1.99 |
| 2021-01-06 | 6803.69 | 6724.95 | 6816.26 | 6686.13 | 179080174 | 234002444288 | 1.80 |
| 2021-01-07 | 6708.72 | 6616.55 | 6709.07 | 6557.27 | 193680051 | 238048919552 | 1.95 |
| 2021-01-08 | 6603.51 | 6585.36 | 6638.86 | 6514.18 | 161815951 | 208803741696 | 1.63 |
| 2021-01-11 | 6579.64 | 6475.95 | 6584.22 | 6437.03 | 166706872 | 214024720384 | 1.68 |
| 2021-01-12 | 6453.01 | 6564.74 | 6566.14 | 6433.22 | 140365271 | 187562418176 | 1.41 |
| 2021-01-13 | 6567.60 | 6513.64 | 6567.60 | 6471.78 | 162127982 | 213667983360 | 1.63 |
| 2021-01-14 | 6488.75 | 6506.83 | 6557.26 | 6414.74 | 147196836 | 199066140672 | 1.48 |
| 2021-01-15 | 6496.91 | 6528.46 | 6539.17 | 6435.46 | 131954642 | 177611583488 | 1.33 |
| 2021-01-18 | 6515.58 | 6652.10 | 6655.05 | 6511.00 | 137393155 | 185540403200 | 1.38 |
| 2021-01-19 | 6647.95 | 6614.07 | 6677.41 | 6602.78 | 155029358 | 198089392128 | 1.56 |
| 2021-01-20 | 6606.73 | 6671.45 | 6671.45 | 6584.88 | 130748780 | 171733987328 | 1.32 |
| 2021-01-21 | 6670.18 | 6745.11 | 6770.87 | 6669.41 | 159360714 | 203918036992 | 1.60 |
| 2021-01-22 | 6736.01 | 6721.92 | 6737.55 | 6671.29 | 158667994 | 210019024896 | 1.60 |
| 2021-01-25 | 6710.80 | 6657.27 | 6728.45 | 6631.69 | 166133978 | 226714685440 | 1.67 |
| 2021-01-26 | 6630.36 | 6534.10 | 6645.81 | 6525.38 | 142066314 | 195248484352 | 1.43 |
| 2021-01-27 | 6519.45 | 6537.75 | 6552.43 | 6449.37 | 130789778 | 174269124608 | 1.32 |
| 2021-01-28 | 6466.57 | 6399.13 | 6545.72 | 6395.76 | 132320842 | 166111944704 | 1.33 |
| 2021-01-29 | 6438.61 | 6304.12 | 6459.34 | 6221.87 | 145546545 | 178522472448 | 1.47 |
| 2021-02-01 | 6282.03 | 6345.81 | 6347.17 | 6280.37 | 131086848 | 155005222912 | 1.32 |
| 2021-02-02 | 6351.66 | 6417.46 | 6419.03 | 6307.81 | 128040832 | 163105370112 | 1.29 |
| 2021-02-03 | 6404.07 | 6307.39 | 6404.07 | 6306.09 | 131192545 | 168984846336 | 1.32 |
| 2021-02-04 | 6277.97 | 6167.75 | 6295.70 | 6077.28 | 139596611 | 166461911040 | 1.41 |
| 2021-02-05 | 6179.49 | 6045.30 | 6214.28 | 6044.61 | 119798218 | 146098528256 | 1.21 |
| 2021-02-08 | 6056.91 | 6088.82 | 6122.32 | 6000.96 | 103575977 | 125072580608 | 1.04 |
| 2021-02-09 | 6101.68 | 6254.01 | 6264.18 | 6097.09 | 111416852 | 136524984320 | 1.12 |
| 2021-02-10 | 6265.41 | 6303.31 | 6316.79 | 6236.35 | 105447347 | 135598366720 | 1.06 |
| 2021-02-18 | 6405.02 | 6404.59 | 6441.51 | 6363.20 | 139118774 | 172637700096 | 1.40 |
| 2021-02-19 | 6395.58 | 6527.65 | 6527.90 | 6374.58 | 155493627 | 174247206912 | 1.57 |
| 2021-02-22 | 6553.91 | 6534.57 | 6659.41 | 6534.57 | 203594184 | 229273522176 | 2.05 |
| 2021-02-23 | 6496.75 | 6489.96 | 6545.54 | 6447.97 | 158481359 | 177899888640 | 1.60 |
| 2021-02-24 | 6490.38 | 6437.84 | 6542.28 | 6378.67 | 149391685 | 174898933760 | 1.50 |
| 2021-02-25 | 6480.92 | 6399.35 | 6492.42 | 6390.41 | 135072292 | 150532550656 | 1.36 |
| 2021-02-26 | 6287.49 | 6325.40 | 6381.32 | 6276.71 | 123205194 | 138979958784 | 1.24 |
| 2021-03-01 | 6362.94 | 6495.16 | 6495.19 | 6362.94 | 128960440 | 148068663296 | 1.30 |
| 2021-03-02 | 6518.32 | 6466.63 | 6518.99 | 6423.95 | 136222318 | 160394825728 | 1.37 |
| 2021-03-03 | 6456.71 | 6553.60 | 6553.95 | 6446.84 | 136766203 | 151718895616 | 1.38 |
| 2021-03-04 | 6519.04 | 6434.89 | 6534.60 | 6417.89 | 150190996 | 167852363776 | 1.51 |
| 2021-03-05 | 6369.23 | 6456.28 | 6484.30 | 6366.47 | 139905674 | 147790495744 | 1.41 |
| 2021-03-08 | 6496.21 | 6327.65 | 6529.87 | 6327.65 | 156811840 | 164778684416 | 1.58 |
| 2021-03-09 | 6314.35 | 6126.28 | 6321.02 | 6035.91 | 161753224 | 161655177216 | 1.63 |
| 2021-03-10 | 6192.15 | 6078.24 | 6208.77 | 6069.91 | 117963400 | 120671600640 | 1.19 |
| 2021-03-11 | 6086.09 | 6219.66 | 6219.66 | 6055.40 | 124964076 | 128575418368 | 1.26 |
| 2021-03-12 | 6231.69 | 6220.48 | 6234.34 | 6155.70 | 137675182 | 136378732544 | 1.39 |
| 2021-03-15 | 6204.82 | 6177.74 | 6238.20 | 6130.40 | 133597000 | 131813838848 | 1.34 |
| 2021-03-16 | 6182.52 | 6233.46 | 6233.46 | 6145.52 | 137725926 | 134210916352 | 1.39 |
| 2021-03-17 | 6225.52 | 6277.58 | 6283.60 | 6184.06 | 125504532 | 124790972416 | 1.26 |
| 2021-03-18 | 6276.80 | 6298.89 | 6322.46 | 6268.86 | 127601116 | 130271866880 | 1.28 |
| 2021-03-19 | 6230.07 | 6250.81 | 6307.22 | 6208.76 | 125290138 | 128556101632 | 1.26 |
| 2021-03-22 | 6256.52 | 6359.60 | 6359.67 | 6253.62 | 136096740 | 138130219008 | 1.37 |
| 2021-03-23 | 6364.82 | 6289.00 | 6372.66 | 6259.80 | 148304553 | 151761502208 | 1.49 |
| 2021-03-24 | 6249.23 | 6196.27 | 6286.85 | 6183.20 | 137984975 | 138421514240 | 1.39 |
| 2021-03-25 | 6172.40 | 6190.71 | 6233.69 | 6130.25 | 125392929 | 123533451264 | 1.26 |
| 2021-03-26 | 6198.53 | 6301.34 | 6309.59 | 6198.53 | 124641823 | 131109126144 | 1.25 |
| 2021-03-29 | 6323.94 | 6326.61 | 6364.54 | 6309.77 | 126449838 | 138044293120 | 1.27 |
| 2021-03-30 | 6313.48 | 6301.58 | 6316.82 | 6268.25 | 127030211 | 135741009920 | 1.28 |
| 2021-03-31 | 6289.60 | 6293.39 | 6298.79 | 6252.40 | 109810596 | 118374105088 | 1.11 |
| 2021-04-01 | 6302.56 | 6335.79 | 6341.24 | 6286.06 | 110959296 | 116301205504 | 1.12 |
| 2021-04-02 | 6354.71 | 6361.25 | 6383.46 | 6337.98 | 115189624 | 127464869888 | 1.16 |
| 2021-04-06 | 6376.72 | 6421.49 | 6425.39 | 6374.72 | 112882527 | 123752513536 | 1.14 |
| 2021-04-07 | 6419.99 | 6422.76 | 6422.77 | 6372.25 | 125134730 | 128879005696 | 1.26 |
| 2021-04-08 | 6411.03 | 6404.13 | 6435.36 | 6387.91 | 136741809 | 138981359616 | 1.38 |
| 2021-04-09 | 6399.15 | 6399.52 | 6410.53 | 6378.27 | 122690980 | 130323906560 | 1.24 |
| 2021-04-12 | 6398.51 | 6263.40 | 6402.33 | 6251.49 | 132052544 | 139761864704 | 1.33 |
| 2021-04-13 | 6252.71 | 6231.14 | 6282.97 | 6216.19 | 122869980 | 120402624512 | 1.24 |
| 2021-04-14 | 6227.25 | 6320.07 | 6320.57 | 6225.56 | 116919813 | 118610595840 | 1.18 |
| 2021-04-15 | 6304.74 | 6296.61 | 6304.79 | 6258.95 | 118742397 | 117020360704 | 1.20 |
| 2021-04-16 | 6295.53 | 6368.85 | 6379.97 | 6295.53 | 135266662 | 134720827392 | 1.36 |
| 2021-04-19 | 6368.86 | 6477.39 | 6477.41 | 6357.50 | 143642913 | 155002380288 | 1.45 |
| 2021-04-20 | 6460.52 | 6457.63 | 6506.88 | 6450.39 | 139720479 | 158701514752 | 1.41 |
| 2021-04-21 | 6425.34 | 6457.71 | 6470.94 | 6408.04 | 119477084 | 136567824384 | 1.20 |
| 2021-04-22 | 6470.46 | 6485.21 | 6496.44 | 6463.14 | 118546168 | 139471175680 | 1.19 |
| 2021-04-23 | 6478.93 | 6453.30 | 6478.93 | 6425.66 | 121669107 | 142037770240 | 1.22 |
| 2021-04-26 | 6467.88 | 6431.09 | 6527.33 | 6427.76 | 133406111 | 161805680640 | 1.34 |
| 2021-04-27 | 6423.79 | 6400.90 | 6429.86 | 6338.13 | 121314355 | 138737721344 | 1.22 |
| 2021-04-28 | 6395.02 | 6437.25 | 6437.27 | 6366.01 | 121918029 | 145603698688 | 1.23 |
| 2021-04-29 | 6419.04 | 6405.10 | 6441.85 | 6394.37 | 120927347 | 146138222592 | 1.22 |
| 2021-04-30 | 6389.17 | 6382.14 | 6397.27 | 6348.80 | 130027676 | 152175448064 | 1.31 |
| 2021-05-06 | 6385.32 | 6398.44 | 6420.42 | 6347.99 | 129283602 | 151692886016 | 1.30 |
| 2021-05-07 | 6403.98 | 6320.25 | 6409.35 | 6320.07 | 153125256 | 164129198080 | 1.54 |
| 2021-05-10 | 6330.15 | 6338.57 | 6351.42 | 6300.86 | 150515684 | 161260347392 | 1.52 |
| 2021-05-11 | 6303.58 | 6343.86 | 6354.24 | 6239.26 | 149454822 | 157533786112 | 1.50 |
| 2021-05-12 | 6321.98 | 6420.34 | 6420.34 | 6311.91 | 138850373 | 146828435456 | 1.40 |
| 2021-05-13 | 6365.00 | 6375.01 | 6432.63 | 6354.23 | 153001738 | 160167350272 | 1.54 |
| 2021-05-14 | 6395.51 | 6462.48 | 6462.50 | 6374.87 | 152664335 | 164857675776 | 1.54 |
| 2021-05-17 | 6456.92 | 6457.28 | 6496.38 | 6438.87 | 146156636 | 166775853056 | 1.47 |
| 2021-05-18 | 6451.07 | 6486.82 | 6486.92 | 6431.24 | 129048325 | 148691017728 | 1.30 |
| 2021-05-19 | 6470.29 | 6488.95 | 6500.12 | 6455.82 | 133008428 | 153000632320 | 1.34 |
| 2021-05-20 | 6455.72 | 6482.84 | 6505.52 | 6445.97 | 142946580 | 162941001728 | 1.44 |
| 2021-05-21 | 6492.85 | 6480.37 | 6509.37 | 6468.45 | 130968376 | 147932909568 | 1.32 |
| 2021-05-24 | 6480.55 | 6537.86 | 6537.86 | 6471.22 | 138109499 | 153822855168 | 1.39 |
| 2021-05-25 | 6542.68 | 6615.71 | 6617.43 | 6532.90 | 149127619 | 171576233984 | 1.50 |
| 2021-05-26 | 6618.18 | 6644.75 | 6666.21 | 6609.91 | 155716936 | 176675028992 | 1.57 |
| 2021-05-27 | 6636.77 | 6705.05 | 6706.38 | 6630.03 | 154465324 | 183790792704 | 1.55 |
| 2021-05-28 | 6709.89 | 6694.35 | 6735.55 | 6669.92 | 168672481 | 201076416512 | 1.70 |
| 2021-05-31 | 6712.75 | 6814.36 | 6814.36 | 6712.75 | 161891756 | 202848608256 | 1.63 |
| 2021-06-01 | 6810.47 | 6854.73 | 6854.75 | 6782.66 | 172711795 | 212099121152 | 1.74 |
| 2021-06-02 | 6844.85 | 6759.46 | 6852.64 | 6742.03 | 171553764 | 208753897472 | 1.73 |
| 2021-06-03 | 6754.78 | 6754.07 | 6824.98 | 6729.56 | 163047122 | 192981417984 | 1.64 |
| 2021-06-04 | 6725.82 | 6785.80 | 6803.78 | 6718.76 | 159605578 | 192969531392 | 1.61 |
| 2021-06-07 | 6811.04 | 6861.85 | 6861.85 | 6807.93 | 158871549 | 203918217216 | 1.60 |
| 2021-06-08 | 6865.76 | 6809.86 | 6886.94 | 6779.93 | 167777357 | 210928242688 | 1.69 |
| 2021-06-09 | 6807.48 | 6823.41 | 6834.04 | 6783.01 | 159067203 | 189042237440 | 1.60 |
| 2021-06-10 | 6817.59 | 6898.21 | 6903.88 | 6808.66 | 178116700 | 219424595968 | 1.79 |
| 2021-06-11 | 6907.83 | 6852.97 | 6907.95 | 6852.97 | 190230799 | 238809079808 | 1.91 |
| 2021-06-15 | 6854.81 | 6815.12 | 6866.18 | 6796.88 | 163778570 | 214928429056 | 1.65 |
| 2021-06-16 | 6808.63 | 6673.24 | 6810.20 | 6668.04 | 156086277 | 208080322560 | 1.57 |
| 2021-06-17 | 6669.67 | 6787.67 | 6790.71 | 6669.67 | 148476838 | 206785949696 | 1.49 |
| 2021-06-18 | 6783.99 | 6863.72 | 6869.26 | 6765.96 | 157958940 | 213850198016 | 1.59 |
| 2021-06-21 | 6844.34 | 6968.30 | 6970.64 | 6833.36 | 157869005 | 220549423104 | 1.59 |
| 2021-06-22 | 6987.51 | 7000.25 | 7010.62 | 6947.87 | 168334054 | 222850113536 | 1.69 |
| 2021-06-23 | 6997.41 | 7046.17 | 7060.40 | 6978.77 | 162649503 | 222684708864 | 1.64 |
| 2021-06-24 | 7045.05 | 6974.64 | 7045.05 | 6969.55 | 162062963 | 212191576064 | 1.63 |
| 2021-06-25 | 6975.49 | 7000.43 | 7016.08 | 6947.12 | 163774031 | 216200622080 | 1.65 |
| 2021-06-28 | 7007.43 | 7063.47 | 7081.05 | 7005.93 | 152113851 | 212154421248 | 1.53 |
| 2021-06-29 | 7068.40 | 7004.30 | 7082.07 | 6999.75 | 155950034 | 221964394496 | 1.57 |
| 2021-06-30 | 7011.18 | 7083.70 | 7083.99 | 7004.75 | 148620293 | 218687135744 | 1.50 |
| 2021-07-01 | 7094.19 | 6969.53 | 7099.13 | 6969.53 | 155170163 | 223812255744 | 1.56 |
| 2021-07-02 | 6947.45 | 6908.93 | 6960.48 | 6891.47 | 144228534 | 216582553600 | 1.45 |
| 2021-07-05 | 6930.26 | 7006.70 | 7006.72 | 6930.26 | 150762865 | 223489245184 | 1.52 |
| 2021-07-06 | 7013.99 | 6979.06 | 7045.19 | 6885.09 | 162135485 | 248979386368 | 1.63 |
| 2021-07-07 | 6932.94 | 7089.66 | 7093.05 | 6913.50 | 153671393 | 233955803136 | 1.55 |
| 2021-07-08 | 7102.67 | 7099.41 | 7138.76 | 7082.39 | 174040696 | 265134997504 | 1.75 |
| 2021-07-09 | 7064.99 | 7142.90 | 7165.88 | 7000.59 | 169401413 | 253401300992 | 1.71 |
| 2021-07-12 | 7184.09 | 7284.23 | 7301.10 | 7171.04 | 192465587 | 291238641664 | 1.94 |
| 2021-07-13 | 7285.96 | 7331.73 | 7331.73 | 7263.16 | 192094228 | 289353535488 | 1.93 |
| 2021-07-14 | 7301.61 | 7243.82 | 7338.31 | 7240.98 | 188693519 | 284232589312 | 1.90 |
| 2021-07-15 | 7218.34 | 7241.62 | 7250.03 | 7103.97 | 181873510 | 269135630336 | 1.83 |
| 2021-07-16 | 7230.85 | 7228.36 | 7311.45 | 7214.04 | 182770696 | 275657932800 | 1.84 |
| 2021-07-19 | 7213.63 | 7205.27 | 7259.03 | 7174.11 | 177030272 | 263845388288 | 1.78 |
| 2021-07-20 | 7145.54 | 7253.28 | 7253.37 | 7137.89 | 163146122 | 235171692544 | 1.64 |
| 2021-07-21 | 7285.41 | 7398.81 | 7416.47 | 7285.41 | 190468877 | 283891003392 | 1.92 |
| 2021-07-22 | 7405.65 | 7446.48 | 7447.03 | 7349.13 | 203728650 | 301835554816 | 2.05 |
| 2021-07-23 | 7442.62 | 7379.79 | 7473.14 | 7348.32 | 219221253 | 317119668224 | 2.21 |
| 2021-07-26 | 7368.13 | 7286.15 | 7395.27 | 7140.73 | 212857935 | 311265251328 | 2.14 |
| 2021-07-27 | 7298.33 | 7093.87 | 7373.09 | 7093.86 | 221926720 | 340951416832 | 2.23 |
| 2021-07-28 | 7019.05 | 6945.51 | 7058.51 | 6750.59 | 197276060 | 282261770240 | 1.99 |
| 2021-07-29 | 7057.88 | 7207.48 | 7226.50 | 7057.88 | 182692229 | 284565745664 | 1.84 |
| 2021-07-30 | 7209.04 | 7262.38 | 7279.06 | 7155.22 | 202917307 | 315095883776 | 2.04 |
| 2021-08-02 | 7264.37 | 7402.35 | 7402.40 | 7248.89 | 213300147 | 338912944128 | 2.15 |
| 2021-08-03 | 7375.22 | 7308.96 | 7419.34 | 7284.18 | 209470825 | 318057357312 | 2.11 |
| 2021-08-04 | 7295.57 | 7478.21 | 7478.21 | 7295.45 | 186334118 | 297192357888 | 1.88 |
| 2021-08-05 | 7454.28 | 7447.94 | 7494.33 | 7402.38 | 198831153 | 303102914560 | 2.00 |
| 2021-08-06 | 7462.86 | 7482.17 | 7490.98 | 7419.73 | 186015124 | 291705909248 | 1.87 |
| 2021-08-09 | 7459.35 | 7507.08 | 7509.33 | 7386.31 | 181108879 | 287557697536 | 1.82 |
| 2021-08-10 | 7489.16 | 7549.55 | 7566.73 | 7467.06 | 189048527 | 303106789376 | 1.90 |
| 2021-08-11 | 7538.82 | 7605.92 | 7611.65 | 7498.58 | 196350392 | 293467643904 | 1.98 |
| 2021-08-12 | 7595.26 | 7657.53 | 7677.74 | 7588.74 | 210250483 | 307992403968 | 2.12 |
| 2021-08-13 | 7635.49 | 7641.92 | 7724.44 | 7605.86 | 208006531 | 310770376704 | 2.09 |
| 2021-08-16 | 7628.16 | 7568.14 | 7633.66 | 7546.54 | 201569546 | 292491128832 | 2.03 |
| 2021-08-17 | 7559.30 | 7360.03 | 7578.43 | 7338.02 | 207426806 | 283827879936 | 2.09 |
| 2021-08-18 | 7352.97 | 7405.49 | 7454.03 | 7338.82 | 178940547 | 248677523456 | 1.80 |
| 2021-08-19 | 7387.44 | 7468.77 | 7511.19 | 7330.60 | 182890322 | 261439115264 | 1.84 |
| 2021-08-20 | 7438.70 | 7467.36 | 7505.55 | 7354.17 | 176822351 | 260935229440 | 1.78 |
| 2021-08-23 | 7501.41 | 7652.56 | 7668.89 | 7501.41 | 201491658 | 305726382080 | 2.03 |
| 2021-08-24 | 7654.19 | 7715.07 | 7737.60 | 7614.94 | 212658511 | 322685538304 | 2.14 |
| 2021-08-25 | 7707.09 | 7769.63 | 7769.70 | 7664.29 | 206398313 | 303214014464 | 2.08 |
| 2021-08-26 | 7754.68 | 7669.53 | 7771.85 | 7662.38 | 228221412 | 319065759744 | 2.30 |
| 2021-08-27 | 7634.93 | 7680.08 | 7686.34 | 7584.28 | 212891233 | 302869377024 | 2.14 |
| 2021-08-30 | 7701.42 | 7727.75 | 7792.52 | 7687.15 | 236841828 | 350488457216 | 2.38 |
| 2021-08-31 | 7714.17 | 7728.42 | 7728.42 | 7636.77 | 235455501 | 325712850944 | 2.37 |
| 2021-09-01 | 7738.27 | 7606.87 | 7743.18 | 7495.76 | 267723538 | 372375965696 | 2.69 |
| 2021-09-02 | 7572.05 | 7690.86 | 7703.72 | 7568.07 | 226086525 | 307631325184 | 2.28 |
| 2021-09-03 | 7696.46 | 7630.84 | 7766.46 | 7561.23 | 267044513 | 357957529600 | 2.69 |
| 2021-09-06 | 7625.74 | 7735.10 | 7735.55 | 7552.95 | 227954099 | 314079150080 | 2.29 |
| 2021-09-07 | 7735.22 | 7878.35 | 7881.87 | 7718.59 | 228559608 | 314304835584 | 2.30 |
| 2021-09-08 | 7886.27 | 7894.25 | 7911.02 | 7854.89 | 254321787 | 333805404160 | 2.56 |
| 2021-09-09 | 7888.83 | 7900.24 | 7922.41 | 7835.15 | 238201733 | 318584827904 | 2.40 |
| 2021-09-10 | 7897.33 | 7932.65 | 7954.48 | 7832.96 | 240016302 | 335009103872 | 2.42 |
| 2021-09-13 | 7941.21 | 7947.48 | 7955.98 | 7875.00 | 230685197 | 331165024256 | 2.32 |
| 2021-09-14 | 7927.89 | 7916.90 | 8042.52 | 7895.18 | 243225554 | 353788174336 | 2.45 |
| 2021-09-15 | 7900.69 | 7972.23 | 7988.37 | 7862.31 | 213453916 | 315047723008 | 2.15 |
| 2021-09-16 | 7974.08 | 7754.95 | 7993.22 | 7749.66 | 236666552 | 335038218240 | 2.38 |
| 2021-09-17 | 7740.56 | 7730.22 | 7786.19 | 7575.08 | 214238031 | 302870261760 | 2.16 |
| 2021-09-22 | 7640.47 | 7769.06 | 7774.51 | 7633.28 | 182733916 | 252891873280 | 1.84 |
| 2021-09-23 | 7818.73 | 7806.80 | 7850.24 | 7792.59 | 212400136 | 294020853760 | 2.14 |
| 2021-09-24 | 7799.92 | 7695.62 | 7806.81 | 7685.11 | 206463409 | 286416523264 | 2.08 |
| 2021-09-27 | 7717.10 | 7467.82 | 7733.21 | 7399.81 | 213183647 | 291997511680 | 2.15 |
| 2021-09-28 | 7428.41 | 7468.73 | 7496.33 | 7409.37 | 158064850 | 220715356160 | 1.59 |
| 2021-09-29 | 7409.96 | 7199.18 | 7413.80 | 7199.11 | 172550144 | 227988709376 | 1.74 |
| 2021-09-30 | 7237.54 | 7405.46 | 7411.28 | 7237.54 | 146442232 | 199724658688 | 1.47 |
| 2021-10-08 | 7501.24 | 7425.67 | 7514.24 | 7382.02 | 159460337 | 220528173056 | 1.61 |
| 2021-10-11 | 7441.62 | 7384.84 | 7442.35 | 7346.86 | 150601221 | 206333882368 | 1.52 |
| 2021-10-12 | 7366.16 | 7208.47 | 7376.73 | 7125.54 | 156643676 | 210114883584 | 1.58 |
| 2021-10-13 | 7213.01 | 7289.36 | 7297.30 | 7147.01 | 131191524 | 181326974976 | 1.32 |
| 2021-10-14 | 7276.51 | 7342.25 | 7362.46 | 7256.98 | 128930724 | 180774916096 | 1.30 |
| 2021-10-15 | 7321.58 | 7350.41 | 7374.34 | 7288.28 | 145334938 | 205628059648 | 1.46 |
| 2021-10-18 | 7344.57 | 7429.63 | 7429.63 | 7322.70 | 144948204 | 210714460160 | 1.46 |
| 2021-10-19 | 7420.48 | 7504.05 | 7506.09 | 7408.12 | 152408118 | 218453954560 | 1.53 |
| 2021-10-20 | 7467.34 | 7523.56 | 7560.85 | 7456.81 | 155743734 | 233243185152 | 1.57 |
| 2021-10-21 | 7520.93 | 7503.53 | 7548.82 | 7481.44 | 158742479 | 231495319552 | 1.60 |
| 2021-10-22 | 7506.87 | 7438.48 | 7530.58 | 7436.14 | 167656957 | 234923339776 | 1.69 |
| 2021-10-25 | 7438.43 | 7532.37 | 7532.37 | 7417.20 | 150472174 | 229352710144 | 1.51 |
| 2021-10-26 | 7547.75 | 7508.69 | 7583.13 | 7492.39 | 161427464 | 247127097344 | 1.62 |
| 2021-10-27 | 7490.69 | 7433.55 | 7501.54 | 7408.58 | 162086331 | 237450354688 | 1.63 |
| 2021-10-28 | 7395.49 | 7267.85 | 7422.10 | 7253.11 | 165925079 | 245016891392 | 1.67 |
| 2021-10-29 | 7276.51 | 7385.30 | 7385.41 | 7234.50 | 158534551 | 242992418816 | 1.60 |
| 2021-11-01 | 7374.45 | 7455.61 | 7488.48 | 7357.67 | 172033252 | 261518594048 | 1.73 |
| 2021-11-02 | 7462.13 | 7368.60 | 7501.96 | 7301.65 | 187513416 | 275960324096 | 1.89 |
| 2021-11-03 | 7362.12 | 7385.20 | 7391.05 | 7312.25 | 145619008 | 217571921920 | 1.47 |
| 2021-11-04 | 7402.66 | 7483.69 | 7483.69 | 7402.66 | 161717926 | 250815025152 | 1.63 |
| 2021-11-05 | 7476.14 | 7389.59 | 7488.12 | 7388.20 | 181677565 | 263997505536 | 1.83 |
| 2021-11-08 | 7376.71 | 7422.91 | 7423.01 | 7351.50 | 152051651 | 232399368192 | 1.53 |
| 2021-11-09 | 7443.45 | 7531.96 | 7532.25 | 7435.51 | 155570245 | 238368108544 | 1.57 |
| 2021-11-10 | 7516.00 | 7535.23 | 7535.24 | 7425.23 | 166809267 | 247966822400 | 1.68 |
| 2021-11-11 | 7524.16 | 7593.73 | 7601.20 | 7515.71 | 171153193 | 251993407488 | 1.72 |
| 2021-11-12 | 7593.45 | 7697.81 | 7705.05 | 7593.45 | 173746790 | 262031372288 | 1.75 |
| 2021-11-15 | 7713.85 | 7676.48 | 7727.02 | 7653.71 | 189553649 | 282613805056 | 1.91 |
| 2021-11-16 | 7659.02 | 7589.18 | 7691.65 | 7579.68 | 177013066 | 259612340224 | 1.78 |
| 2021-11-17 | 7603.33 | 7725.09 | 7725.09 | 7603.33 | 174824289 | 252238405632 | 1.76 |
| 2021-11-18 | 7724.03 | 7714.80 | 7765.74 | 7686.14 | 198504448 | 286034812928 | 2.00 |
| 2021-11-19 | 7709.31 | 7803.76 | 7806.03 | 7705.84 | 188001126 | 276256497664 | 1.89 |
| 2021-11-22 | 7822.96 | 7947.37 | 7948.02 | 7822.96 | 190400271 | 305323560960 | 1.92 |
| 2021-11-23 | 7950.25 | 7941.56 | 7974.51 | 7933.20 | 193422044 | 303524167680 | 1.95 |
| 2021-11-24 | 7939.59 | 7938.77 | 7971.44 | 7917.68 | 188605678 | 289619718144 | 1.90 |
| 2021-11-25 | 7937.40 | 7925.76 | 7959.84 | 7919.66 | 175838157 | 273718378496 | 1.77 |
| 2021-11-26 | 7912.89 | 7940.79 | 7954.79 | 7906.35 | 173916846 | 277650501632 | 1.75 |
| 2021-11-29 | 7837.39 | 7999.83 | 7999.94 | 7828.92 | 176453409 | 289465061376 | 1.78 |
| 2021-11-30 | 8037.26 | 8054.29 | 8082.90 | 7991.19 | 197562642 | 309404450816 | 1.99 |
| 2021-12-01 | 8050.89 | 8055.82 | 8068.38 | 8000.81 | 189074931 | 288748400640 | 1.90 |
| 2021-12-02 | 8045.73 | 7968.24 | 8046.25 | 7964.74 | 184672448 | 273790812160 | 1.86 |
| 2021-12-03 | 7973.62 | 8023.96 | 8034.69 | 7952.37 | 179063017 | 265004142592 | 1.80 |
| 2021-12-06 | 8018.46 | 7906.76 | 8029.83 | 7899.91 | 191520328 | 274404843520 | 1.93 |
| 2021-12-07 | 7937.23 | 7781.44 | 7948.17 | 7713.92 | 182389996 | 272840126464 | 1.84 |
| 2021-12-08 | 7806.38 | 7922.55 | 7922.55 | 7803.44 | 161307049 | 242658250752 | 1.62 |
| 2021-12-09 | 7924.53 | 7931.76 | 7948.03 | 7903.68 | 181252221 | 261370675200 | 1.82 |
| 2021-12-10 | 7898.64 | 7949.12 | 7964.35 | 7886.13 | 173465764 | 257041895424 | 1.75 |
| 2021-12-13 | 7963.48 | 7984.90 | 8000.11 | 7936.62 | 189522058 | 274566340608 | 1.91 |
| 2021-12-14 | 7969.60 | 7981.83 | 7997.18 | 7952.75 | 193212508 | 277460582400 | 1.94 |
| 2021-12-15 | 7982.10 | 7955.58 | 8019.30 | 7942.94 | 200207035 | 277025955840 | 2.02 |
| 2021-12-16 | 7966.50 | 8005.98 | 8005.98 | 7959.18 | 194865198 | 259653988352 | 1.96 |
| 2021-12-17 | 7997.47 | 7894.10 | 7997.47 | 7894.10 | 202303675 | 264934150144 | 2.04 |
| 2021-12-20 | 7873.67 | 7751.95 | 7920.65 | 7747.36 | 199008302 | 263220862976 | 2.00 |
| 2021-12-21 | 7749.82 | 7849.03 | 7849.03 | 7749.82 | 191460577 | 226989096960 | 1.93 |
| 2021-12-22 | 7868.30 | 7930.81 | 7943.24 | 7854.36 | 205942185 | 255276249088 | 2.07 |
| 2021-12-23 | 7932.10 | 7932.66 | 7947.13 | 7892.89 | 202910623 | 267757756416 | 2.04 |
| 2021-12-24 | 7940.38 | 7776.61 | 7940.43 | 7771.42 | 212132316 | 278501101568 | 2.14 |
| 2021-12-27 | 7768.38 | 7776.43 | 7833.58 | 7739.29 | 175431928 | 232653037568 | 1.77 |
| 2021-12-28 | 7794.03 | 7863.53 | 7863.53 | 7783.10 | 170744599 | 237637914624 | 1.72 |
| 2021-12-29 | 7858.94 | 7855.43 | 7886.71 | 7838.28 | 172273111 | 244249907200 | 1.73 |
| 2021-12-30 | 7863.17 | 7924.53 | 7949.96 | 7861.54 | 178545905 | 250673283072 | 1.80 |
| 2021-12-31 | 7946.94 | 8010.32 | 8016.40 | 7946.94 | 189602903 | 264776589312 | 1.91 |
| 2022-01-04 | 8045.10 | 7983.07 | 8060.99 | 7948.91 | 225957706 | 309512978432 | 2.27 |
| 2022-01-05 | 7968.74 | 7781.68 | 7968.92 | 7733.51 | 218791496 | 299531735040 | 2.20 |
| 2022-01-06 | 7743.86 | 7844.52 | 7863.55 | 7721.78 | 192735027 | 259362889728 | 1.94 |
| 2022-01-07 | 7841.13 | 7682.70 | 7867.49 | 7681.13 | 214441280 | 276004630528 | 2.16 |
| 2022-01-10 | 7669.05 | 7734.19 | 7756.97 | 7624.93 | 183118474 | 243826237440 | 1.84 |
| 2022-01-11 | 7734.54 | 7646.69 | 7768.74 | 7632.07 | 184256676 | 246010052608 | 1.85 |
| 2022-01-12 | 7691.85 | 7779.52 | 7779.52 | 7682.55 | 179028769 | 249094029312 | 1.80 |
| 2022-01-13 | 7781.31 | 7644.79 | 7781.31 | 7644.79 | 196718812 | 258476507136 | 1.98 |
| 2022-01-14 | 7611.29 | 7675.37 | 7714.50 | 7590.19 | 195437286 | 258256240640 | 1.97 |
| 2022-01-17 | 7687.71 | 7808.09 | 7815.66 | 7683.38 | 199048671 | 283638423552 | 2.00 |
| 2022-01-18 | 7808.99 | 7758.60 | 7827.19 | 7743.72 | 221945152 | 298301902848 | 2.23 |
| 2022-01-19 | 7728.16 | 7665.18 | 7745.81 | 7617.06 | 188170844 | 252520833024 | 1.89 |
| 2022-01-20 | 7664.12 | 7492.61 | 7672.76 | 7488.86 | 199876175 | 262493949952 | 2.01 |
| 2022-01-21 | 7474.76 | 7388.74 | 7493.02 | 7384.40 | 176628567 | 229180682240 | 1.78 |
| 2022-01-24 | 7346.39 | 7425.40 | 7462.53 | 7333.00 | 154415826 | 208467435520 | 1.55 |
| 2022-01-25 | 7398.76 | 7133.07 | 7440.55 | 7133.07 | 178576998 | 220574273536 | 1.80 |
| 2022-01-26 | 7158.57 | 7171.03 | 7226.64 | 7071.47 | 143072476 | 177201524736 | 1.44 |
| 2022-01-27 | 7178.54 | 6960.11 | 7191.48 | 6959.46 | 146786371 | 176645967872 | 1.48 |
| 2022-01-28 | 6996.77 | 6973.01 | 7071.32 | 6861.47 | 138984343 | 170642747392 | 1.40 |
| 2022-02-07 | 7080.61 | 7061.62 | 7102.42 | 7037.16 | 145506304 | 172407918592 | 1.46 |
| 2022-02-08 | 7058.25 | 7080.62 | 7080.62 | 6928.90 | 160900403 | 181069631488 | 1.62 |
| 2022-02-09 | 7083.43 | 7211.43 | 7212.75 | 7056.62 | 172399731 | 208591945728 | 1.74 |
| 2022-02-10 | 7208.57 | 7175.62 | 7222.19 | 7126.07 | 165781455 | 197454786560 | 1.67 |
| 2022-02-11 | 7140.93 | 7033.85 | 7151.24 | 7024.79 | 168615165 | 207661883392 | 1.70 |
| 2022-02-14 | 6991.63 | 7006.08 | 7096.55 | 6961.30 | 147217812 | 177109078016 | 1.48 |
| 2022-02-15 | 7020.13 | 7124.85 | 7125.10 | 6990.40 | 143297600 | 178296061952 | 1.44 |
| 2022-02-16 | 7164.23 | 7183.11 | 7201.08 | 7132.08 | 147188972 | 181452902400 | 1.48 |
| 2022-02-17 | 7169.72 | 7220.61 | 7265.03 | 7146.59 | 165944069 | 211816615936 | 1.67 |
| 2022-02-18 | 7174.59 | 7251.79 | 7252.06 | 7164.27 | 156097027 | 187819462656 | 1.57 |
| 2022-02-21 | 7264.44 | 7334.59 | 7334.91 | 7259.76 | 169847849 | 209089466368 | 1.71 |
| 2022-02-22 | 7310.66 | 7279.24 | 7310.66 | 7212.27 | 179502633 | 228319653888 | 1.81 |
| 2022-02-23 | 7290.70 | 7450.40 | 7450.40 | 7289.74 | 182730486 | 254406852608 | 1.84 |
| 2022-02-24 | 7414.47 | 7285.12 | 7481.14 | 7174.78 | 255720586 | 330551054336 | 2.57 |
| 2022-02-25 | 7346.85 | 7361.96 | 7435.40 | 7344.78 | 177757005 | 239033139200 | 1.79 |
| 2022-02-28 | 7370.43 | 7419.83 | 7419.83 | 7291.08 | 167402030 | 227995525120 | 1.69 |
| 2022-03-01 | 7433.75 | 7429.44 | 7454.90 | 7379.82 | 166187062 | 228666183680 | 1.67 |
| 2022-03-02 | 7400.95 | 7414.31 | 7421.64 | 7341.83 | 160209920 | 209899646976 | 1.61 |
| 2022-03-03 | 7440.94 | 7342.61 | 7446.47 | 7334.28 | 183181947 | 224684683264 | 1.84 |
| 2022-03-04 | 7300.00 | 7241.56 | 7360.26 | 7219.64 | 178438418 | 219627323392 | 1.80 |
| 2022-03-07 | 7230.81 | 7085.73 | 7230.81 | 7050.35 | 166051776 | 212810973184 | 1.67 |
| 2022-03-08 | 7089.51 | 6871.22 | 7118.51 | 6824.03 | 191960627 | 242299629568 | 1.93 |
| 2022-03-09 | 6889.51 | 6796.04 | 6925.55 | 6511.91 | 213261914 | 251456778240 | 2.15 |
| 2022-03-10 | 6946.58 | 6952.52 | 7017.28 | 6914.89 | 185354470 | 239213379584 | 1.87 |
| 2022-03-11 | 6856.87 | 6990.78 | 7001.60 | 6778.59 | 180993185 | 229253722112 | 1.82 |
| 2022-03-14 | 6938.22 | 6800.59 | 6972.91 | 6800.59 | 162662118 | 209426538496 | 1.64 |
| 2022-03-15 | 6745.60 | 6473.48 | 6790.24 | 6473.48 | 195750815 | 232508542976 | 1.97 |
| 2022-03-16 | 6586.82 | 6692.97 | 6704.18 | 6330.41 | 197558968 | 246843416576 | 1.99 |
| 2022-03-17 | 6777.74 | 6818.54 | 6934.49 | 6768.61 | 205054390 | 273063661568 | 2.06 |
| 2022-03-18 | 6792.32 | 6879.37 | 6882.66 | 6773.46 | 173890404 | 209608679424 | 1.75 |
| 2022-03-21 | 6886.03 | 6954.41 | 6983.52 | 6867.31 | 179428388 | 224493453312 | 1.81 |
| 2022-03-22 | 6938.97 | 6923.44 | 6976.39 | 6893.65 | 178456271 | 214266470400 | 1.80 |
| 2022-03-23 | 6938.51 | 6966.95 | 6989.72 | 6910.33 | 175942213 | 207033470976 | 1.77 |
| 2022-03-24 | 6934.13 | 6900.81 | 6950.74 | 6847.17 | 175917865 | 208970256384 | 1.77 |
| 2022-03-25 | 6906.68 | 6819.81 | 6939.87 | 6819.55 | 173818596 | 207338041344 | 1.75 |
| 2022-03-28 | 6772.44 | 6767.25 | 6828.40 | 6692.91 | 168398610 | 191046713344 | 1.70 |
| 2022-03-29 | 6785.38 | 6725.68 | 6808.88 | 6700.41 | 166201697 | 194872627200 | 1.67 |
| 2022-03-30 | 6750.00 | 6864.75 | 6864.75 | 6734.07 | 171325804 | 196283756544 | 1.72 |
| 2022-03-31 | 6846.33 | 6772.07 | 6846.33 | 6760.05 | 195679084 | 222112493568 | 1.97 |
| 2022-04-01 | 6723.26 | 6772.60 | 6790.76 | 6688.70 | 171530586 | 189378818048 | 1.73 |
| 2022-04-06 | 6769.74 | 6764.29 | 6769.74 | 6711.30 | 179932764 | 194867322880 | 1.81 |
| 2022-04-07 | 6736.34 | 6623.59 | 6768.45 | 6623.59 | 188432684 | 200882262016 | 1.90 |
| 2022-04-08 | 6635.69 | 6575.28 | 6644.76 | 6496.18 | 191574075 | 206608719872 | 1.93 |
| 2022-04-11 | 6544.29 | 6328.07 | 6544.29 | 6297.39 | 204208292 | 213999656960 | 2.06 |
| 2022-04-12 | 6314.22 | 6414.42 | 6414.50 | 6259.05 | 193676856 | 196890755072 | 1.95 |
| 2022-04-13 | 6381.78 | 6286.25 | 6388.70 | 6286.25 | 184434051 | 189187911680 | 1.86 |
| 2022-04-14 | 6313.10 | 6359.71 | 6388.56 | 6294.37 | 175754732 | 183660826624 | 1.77 |
| 2022-04-15 | 6328.23 | 6275.07 | 6334.48 | 6229.41 | 190007521 | 200901914624 | 1.91 |
| 2022-04-18 | 6233.42 | 6326.02 | 6339.11 | 6164.44 | 158964836 | 166723133440 | 1.60 |
| 2022-04-19 | 6324.42 | 6345.79 | 6379.43 | 6304.25 | 150941627 | 166851629056 | 1.52 |
| 2022-04-20 | 6347.80 | 6234.25 | 6351.64 | 6208.79 | 165357430 | 174579261440 | 1.66 |
| 2022-04-21 | 6206.18 | 5981.38 | 6236.55 | 5966.03 | 173454907 | 177864921088 | 1.75 |
| 2022-04-22 | 5937.39 | 5891.81 | 5965.41 | 5851.23 | 144729196 | 151155937280 | 1.46 |
| 2022-04-25 | 5776.18 | 5431.61 | 5776.18 | 5431.61 | 183166674 | 174524592128 | 1.84 |
| 2022-04-26 | 5432.61 | 5266.55 | 5483.03 | 5251.52 | 178323323 | 165807824896 | 1.80 |
| 2022-04-27 | 5192.50 | 5540.72 | 5541.11 | 5164.75 | 192927270 | 184237858816 | 1.94 |
| 2022-04-28 | 5501.52 | 5493.91 | 5578.62 | 5425.77 | 169714058 | 176020111360 | 1.71 |
| 2022-04-29 | 5534.17 | 5734.49 | 5753.08 | 5517.72 | 186660549 | 194308132864 | 1.88 |
| 2022-05-05 | 5723.18 | 5836.93 | 5884.38 | 5712.06 | 168932974 | 179484913664 | 1.70 |
| 2022-05-06 | 5690.14 | 5764.69 | 5812.48 | 5665.93 | 154196362 | 153608753152 | 1.55 |
| 2022-05-09 | 5749.90 | 5840.89 | 5857.71 | 5749.90 | 138943475 | 136636743680 | 1.40 |
| 2022-05-10 | 5761.85 | 5950.67 | 5952.72 | 5746.72 | 169630054 | 175537618944 | 1.71 |
| 2022-05-11 | 5959.79 | 6003.03 | 6147.86 | 5959.79 | 206311094 | 225487278080 | 2.08 |
| 2022-05-12 | 5971.21 | 6034.57 | 6061.18 | 5964.83 | 166809920 | 171688075264 | 1.68 |
| 2022-05-13 | 6059.00 | 6071.67 | 6079.16 | 6001.91 | 154708864 | 156378894336 | 1.56 |
| 2022-05-16 | 6110.99 | 6082.88 | 6154.70 | 6057.32 | 158814938 | 162466414592 | 1.60 |
| 2022-05-17 | 6079.30 | 6118.46 | 6120.84 | 6013.70 | 160980872 | 174362783744 | 1.62 |
| 2022-05-18 | 6124.38 | 6127.80 | 6183.46 | 6103.63 | 151802570 | 164756082688 | 1.53 |
| 2022-05-19 | 6032.73 | 6180.19 | 6180.19 | 6020.41 | 161512315 | 175297024000 | 1.63 |
| 2022-05-20 | 6203.91 | 6263.44 | 6263.44 | 6176.13 | 167859418 | 187575881728 | 1.69 |
| 2022-05-23 | 6284.60 | 6343.47 | 6345.00 | 6267.83 | 164866545 | 186473050112 | 1.66 |
| 2022-05-24 | 6343.89 | 6081.64 | 6345.12 | 6081.64 | 198397601 | 221027385344 | 2.00 |
| 2022-05-25 | 6079.94 | 6188.27 | 6188.27 | 6070.96 | 161353725 | 169986109440 | 1.62 |
| 2022-05-26 | 6195.21 | 6227.10 | 6252.56 | 6095.75 | 168440236 | 175940575232 | 1.70 |
| 2022-05-27 | 6252.36 | 6210.09 | 6283.72 | 6157.81 | 170565783 | 177212698624 | 1.72 |
| 2022-05-30 | 6231.64 | 6282.36 | 6282.36 | 6171.74 | 159200760 | 169965801472 | 1.60 |
| 2022-05-31 | 6283.16 | 6353.35 | 6356.55 | 6224.61 | 173551181 | 194983645184 | 1.75 |
| 2022-06-01 | 6332.39 | 6373.32 | 6398.35 | 6316.58 | 172991852 | 189585195008 | 1.74 |
| 2022-06-02 | 6349.56 | 6442.93 | 6449.97 | 6329.07 | 164947433 | 190173331456 | 1.66 |
| 2022-06-06 | 6449.55 | 6604.98 | 6612.80 | 6449.24 | 183176282 | 236744949760 | 1.84 |
| 2022-06-07 | 6613.17 | 6597.83 | 6631.32 | 6539.71 | 187679373 | 226233069568 | 1.89 |
| 2022-06-08 | 6594.92 | 6608.89 | 6660.09 | 6474.23 | 196322414 | 235551928320 | 1.98 |
| 2022-06-09 | 6591.92 | 6490.38 | 6591.92 | 6453.65 | 178041439 | 207132897280 | 1.79 |
| 2022-06-10 | 6446.81 | 6627.75 | 6630.26 | 6438.80 | 176920937 | 216472764416 | 1.78 |
| 2022-06-13 | 6582.69 | 6674.80 | 6683.91 | 6573.57 | 200857242 | 239249879040 | 2.02 |
| 2022-06-14 | 6607.12 | 6665.25 | 6665.25 | 6460.43 | 207224046 | 237101199360 | 2.09 |
| 2022-06-15 | 6671.05 | 6653.76 | 6759.38 | 6653.76 | 228596636 | 259960614912 | 2.30 |
| 2022-06-16 | 6651.20 | 6696.76 | 6755.63 | 6651.20 | 204190710 | 233202110464 | 2.06 |
| 2022-06-17 | 6652.54 | 6774.74 | 6782.49 | 6643.10 | 195544983 | 241013891072 | 1.97 |
| 2022-06-20 | 6787.34 | 6848.75 | 6874.38 | 6783.62 | 202855378 | 261623250944 | 2.04 |
| 2022-06-21 | 6849.73 | 6779.14 | 6854.92 | 6709.36 | 196105623 | 242436587520 | 1.97 |
| 2022-06-22 | 6781.87 | 6691.81 | 6811.55 | 6688.39 | 179497157 | 219574890496 | 1.81 |
| 2022-06-23 | 6694.25 | 6845.45 | 6845.45 | 6649.93 | 192680033 | 238813200384 | 1.94 |
| 2022-06-24 | 6865.36 | 6931.65 | 6954.45 | 6862.46 | 199532052 | 260609802240 | 2.01 |
| 2022-06-27 | 6968.13 | 7002.93 | 7012.12 | 6940.52 | 209258642 | 274018807808 | 2.11 |
| 2022-06-28 | 7001.26 | 7079.72 | 7081.28 | 6956.30 | 214707144 | 272953954304 | 2.16 |
| 2022-06-29 | 7061.79 | 6900.99 | 7075.52 | 6900.99 | 229280026 | 291483504640 | 2.31 |
| 2022-06-30 | 6909.74 | 6995.53 | 7032.67 | 6909.74 | 192461609 | 250604924928 | 1.94 |
| 2022-07-01 | 6999.68 | 6994.50 | 7039.85 | 6967.48 | 178054495 | 233832177664 | 1.79 |
| 2022-07-04 | 6985.05 | 7076.32 | 7076.32 | 6928.40 | 181180357 | 252318363648 | 1.82 |
| 2022-07-05 | 7081.90 | 7036.00 | 7098.57 | 6950.24 | 204398610 | 264570261504 | 2.06 |
| 2022-07-06 | 7014.45 | 6953.98 | 7041.87 | 6890.93 | 182114586 | 238627647488 | 1.83 |
| 2022-07-07 | 6955.53 | 7041.87 | 7053.45 | 6910.09 | 170304243 | 228172328960 | 1.71 |
| 2022-07-08 | 7067.03 | 7000.79 | 7084.90 | 6990.74 | 174515689 | 229822926848 | 1.76 |
| 2022-07-11 | 6976.10 | 6893.63 | 6976.10 | 6830.47 | 174549463 | 222946717696 | 1.76 |
| 2022-07-12 | 6891.58 | 6779.56 | 6911.80 | 6779.56 | 168057200 | 210812628177 | 1.69 |
| 2022-07-13 | 6780.61 | 6834.90 | 6855.07 | 6737.88 | 167268153 | 203183722360 | 1.68 |
| 2022-07-14 | 6823.09 | 6920.87 | 6954.91 | 6809.10 | 184064915 | 236000197168 | 1.85 |
| 2022-07-15 | 6889.81 | 6852.82 | 6966.04 | 6852.82 | 198625735 | 249001066013 | 2.00 |
| 2022-07-18 | 6868.30 | 6953.93 | 6953.93 | 6839.13 | 182047985 | 234953104950 | 1.83 |
| 2022-07-19 | 6956.86 | 7009.32 | 7033.25 | 6932.74 | 182240492 | 235415924702 | 1.83 |
| 2022-07-20 | 7028.79 | 7110.10 | 7110.10 | 7019.51 | 181533719 | 241532114467 | 1.83 |
| 2022-07-21 | 7098.27 | 7075.29 | 7134.22 | 7067.15 | 196769740 | 260583934970 | 1.98 |
| 2022-07-22 | 7081.56 | 7034.60 | 7124.30 | 6969.43 | 173030973 | 221488794666 | 1.74 |
| 2022-07-25 | 7037.76 | 6948.91 | 7068.34 | 6933.82 | 162390844 | 210550924686 | 1.63 |
| 2022-07-26 | 6949.19 | 7027.42 | 7031.11 | 6901.93 | 147218445 | 194799480702 | 1.48 |
| 2022-07-27 | 7018.22 | 7099.43 | 7109.54 | 7005.07 | 152269128 | 206541488861 | 1.53 |
| 2022-07-28 | 7138.32 | 7150.20 | 7196.73 | 7112.74 | 180354305 | 241095066353 | 1.82 |
| 2022-07-29 | 7152.33 | 7117.43 | 7179.47 | 7105.33 | 176841179 | 231274234716 | 1.78 |
| 2022-08-01 | 7100.71 | 7180.45 | 7180.45 | 7055.61 | 162803032 | 228160015439 | 1.64 |
| 2022-08-02 | 7098.18 | 6957.98 | 7098.18 | 6872.75 | 223088287 | 279667759205 | 2.25 |
| 2022-08-03 | 6968.29 | 6916.67 | 7079.85 | 6893.52 | 199046301 | 267708334074 | 2.00 |
| 2022-08-04 | 6953.98 | 6960.31 | 6977.39 | 6853.70 | 157896065 | 210363578737 | 1.59 |
| 2022-08-05 | 6975.89 | 7090.00 | 7096.43 | 6961.65 | 170848496 | 239898855818 | 1.72 |
| 2022-08-08 | 7082.54 | 7176.11 | 7176.48 | 7062.37 | 158561305 | 232418782736 | 1.60 |
| 2022-08-09 | 7168.96 | 7207.40 | 7207.40 | 7131.34 | 162912878 | 235299436685 | 1.64 |
| 2022-08-10 | 7183.18 | 7212.08 | 7231.43 | 7169.88 | 159636618 | 233901774524 | 1.61 |
| 2022-08-11 | 7241.73 | 7294.49 | 7295.89 | 7212.40 | 179506207 | 248429232286 | 1.81 |
| 2022-08-12 | 7287.65 | 7228.83 | 7311.89 | 7228.34 | 181288905 | 235585532129 | 1.82 |
| 2022-08-15 | 7218.09 | 7283.50 | 7296.34 | 7215.20 | 169082597 | 224364656908 | 1.70 |
| 2022-08-16 | 7290.24 | 7324.62 | 7356.11 | 7280.92 | 183674820 | 241350466890 | 1.85 |
| 2022-08-17 | 7330.48 | 7328.67 | 7342.70 | 7280.57 | 183612140 | 245094600753 | 1.85 |
| 2022-08-18 | 7315.41 | 7351.44 | 7358.71 | 7298.93 | 176377692 | 242504373693 | 1.78 |
| 2022-08-19 | 7353.43 | 7234.41 | 7369.73 | 7234.41 | 190774466 | 256614238594 | 1.92 |
| 2022-08-22 | 7214.48 | 7288.58 | 7289.31 | 7170.20 | 172667603 | 232384012726 | 1.74 |
| 2022-08-23 | 7275.38 | 7306.02 | 7310.13 | 7267.79 | 171067069 | 228827949562 | 1.72 |
| 2022-08-24 | 7312.55 | 7039.41 | 7315.10 | 7029.88 | 207521602 | 261715052646 | 2.09 |
| 2022-08-25 | 7065.34 | 7016.31 | 7080.73 | 6930.84 | 174351312 | 214927185144 | 1.76 |
| 2022-08-26 | 7032.66 | 6980.18 | 7103.83 | 6966.07 | 161725036 | 208825351115 | 1.63 |
| 2022-08-29 | 6884.73 | 7021.31 | 7022.79 | 6858.43 | 153571445 | 190249844424 | 1.55 |
| 2022-08-30 | 7018.72 | 6976.72 | 7025.46 | 6943.14 | 153832925 | 190519769580 | 1.55 |
| 2022-08-31 | 6954.51 | 6750.74 | 6966.99 | 6738.52 | 166559930 | 208164754909 | 1.68 |
| 2022-09-01 | 6757.01 | 6717.10 | 6819.62 | 6698.84 | 136821290 | 167515966848 | 1.38 |
| 2022-09-02 | 6731.67 | 6776.83 | 6801.35 | 6695.10 | 128555383 | 162328853042 | 1.29 |
| 2022-09-05 | 6774.19 | 6791.09 | 6831.22 | 6739.14 | 131911039 | 161721445332 | 1.33 |
| 2022-09-06 | 6808.87 | 6919.65 | 6919.65 | 6780.44 | 144344325 | 183761283708 | 1.45 |
| 2022-09-07 | 6894.71 | 6963.52 | 6989.75 | 6882.59 | 142998350 | 186886081899 | 1.44 |
| 2022-09-08 | 6965.56 | 6897.10 | 6975.13 | 6889.86 | 133014603 | 165823754363 | 1.34 |
| 2022-09-09 | 6908.71 | 6913.58 | 6918.20 | 6848.27 | 130940777 | 158316315505 | 1.32 |
| 2022-09-13 | 6935.59 | 6904.08 | 6957.35 | 6886.36 | 125982583 | 156495592936 | 1.27 |
| 2022-09-14 | 6800.93 | 6829.56 | 6851.09 | 6783.19 | 121309407 | 150215220640 | 1.22 |
| 2022-09-15 | 6859.25 | 6619.19 | 6866.55 | 6543.20 | 160634562 | 196010799836 | 1.62 |
| 2022-09-16 | 6599.27 | 6481.24 | 6632.56 | 6480.10 | 135704169 | 160257556466 | 1.37 |
| 2022-09-19 | 6468.39 | 6399.80 | 6504.75 | 6364.07 | 107934181 | 130349058199 | 1.09 |
| 2022-09-20 | 6441.10 | 6482.13 | 6536.42 | 6436.76 | 99898034 | 126916550647 | 1.01 |
| 2022-09-21 | 6461.25 | 6480.60 | 6506.06 | 6378.63 | 105600093 | 122346817424 | 1.06 |
| 2022-09-22 | 6438.29 | 6487.27 | 6554.30 | 6429.50 | 105146988 | 129139062116 | 1.06 |
| 2022-09-23 | 6486.79 | 6363.68 | 6504.03 | 6306.96 | 111965685 | 136013846998 | 1.13 |
| 2022-09-26 | 6318.30 | 6283.59 | 6404.01 | 6274.34 | 110453493 | 129054876614 | 1.11 |
| 2022-09-27 | 6302.89 | 6409.78 | 6409.78 | 6287.77 | 106033494 | 133034781238 | 1.07 |
| 2022-09-28 | 6397.84 | 6211.11 | 6401.84 | 6211.11 | 104960077 | 128903902412 | 1.06 |
| 2022-09-29 | 6270.91 | 6228.78 | 6307.78 | 6192.77 | 105730744 | 127446447139 | 1.06 |
| 2022-09-30 | 6221.83 | 6124.86 | 6241.96 | 6123.99 | 92564600 | 113064814086 | 0.93 |
| 2022-10-10 | 6136.71 | 5984.50 | 6154.06 | 5964.62 | 102448137 | 122828919867 | 1.03 |
| 2022-10-11 | 5994.76 | 6017.72 | 6044.28 | 5939.07 | 94238001 | 111536274574 | 0.95 |
| 2022-10-12 | 6017.67 | 6192.65 | 6192.65 | 5918.02 | 120053053 | 146042371698 | 1.21 |
| 2022-10-13 | 6162.71 | 6252.22 | 6311.51 | 6146.40 | 128700906 | 157054880040 | 1.30 |
| 2022-10-14 | 6296.35 | 6406.46 | 6427.47 | 6286.67 | 141802026 | 181411953829 | 1.43 |
| 2022-10-17 | 6380.21 | 6472.45 | 6476.40 | 6370.15 | 132444628 | 171128918406 | 1.33 |
| 2022-10-18 | 6490.60 | 6508.50 | 6551.80 | 6447.78 | 129920946 | 172917916318 | 1.31 |
| 2022-10-19 | 6492.60 | 6461.15 | 6533.57 | 6460.70 | 124647381 | 165890298125 | 1.25 |
| 2022-10-20 | 6431.99 | 6429.70 | 6525.80 | 6342.15 | 133524986 | 176048476246 | 1.34 |
| 2022-10-21 | 6433.33 | 6432.33 | 6469.09 | 6387.77 | 119879781 | 151129742814 | 1.21 |
| 2022-10-24 | 6448.87 | 6378.43 | 6554.37 | 6335.07 | 141357126 | 180064469820 | 1.42 |
| 2022-10-25 | 6346.15 | 6355.78 | 6411.17 | 6248.84 | 129321410 | 165200236898 | 1.30 |
| 2022-10-26 | 6358.06 | 6491.69 | 6548.62 | 6348.99 | 150663892 | 200200044241 | 1.52 |
| 2022-10-27 | 6497.52 | 6461.61 | 6544.42 | 6459.92 | 146773822 | 196363432005 | 1.48 |
| 2022-10-28 | 6412.61 | 6239.93 | 6446.60 | 6216.27 | 156120495 | 197514525528 | 1.57 |
| 2022-10-31 | 6201.75 | 6292.62 | 6349.12 | 6201.28 | 145874788 | 187134463252 | 1.47 |
| 2022-11-01 | 6299.03 | 6439.82 | 6440.92 | 6277.62 | 152262990 | 199551407229 | 1.53 |
| 2022-11-02 | 6434.95 | 6524.51 | 6557.01 | 6424.66 | 162568563 | 216303778310 | 1.64 |
| 2022-11-03 | 6467.23 | 6566.84 | 6576.37 | 6461.30 | 141513704 | 199422978711 | 1.42 |
| 2022-11-04 | 6569.19 | 6709.64 | 6719.51 | 6568.78 | 165062434 | 230118260588 | 1.66 |
| 2022-11-07 | 6713.73 | 6713.64 | 6749.76 | 6660.98 | 160254947 | 220210872290 | 1.61 |
| 2022-11-08 | 6707.01 | 6694.96 | 6708.08 | 6647.44 | 135471787 | 180763670672 | 1.36 |
| 2022-11-09 | 6694.40 | 6676.01 | 6736.67 | 6664.37 | 126564565 | 164404506999 | 1.27 |
| 2022-11-10 | 6638.52 | 6603.31 | 6663.11 | 6583.86 | 142137645 | 183303850090 | 1.43 |
| 2022-11-11 | 6749.07 | 6643.48 | 6776.74 | 6641.76 | 191648966 | 237140698560 | 1.93 |
| 2022-11-14 | 6639.02 | 6599.67 | 6688.01 | 6570.49 | 174303985 | 212896585326 | 1.75 |
| 2022-11-15 | 6593.63 | 6752.51 | 6752.51 | 6576.87 | 170939160 | 221716230404 | 1.72 |
| 2022-11-16 | 6749.96 | 6702.04 | 6775.38 | 6687.32 | 155021163 | 195240529665 | 1.56 |
| 2022-11-17 | 6685.94 | 6714.50 | 6714.50 | 6629.90 | 159191253 | 198847162648 | 1.60 |
| 2022-11-18 | 6711.89 | 6658.40 | 6752.84 | 6650.74 | 168105221 | 215157473531 | 1.69 |
| 2022-11-21 | 6622.60 | 6689.33 | 6689.33 | 6585.28 | 137155265 | 179567680623 | 1.38 |
| 2022-11-22 | 6682.05 | 6583.23 | 6692.24 | 6556.34 | 150853226 | 191781768774 | 1.52 |
| 2022-11-23 | 6572.16 | 6567.99 | 6592.30 | 6451.96 | 144366228 | 179521416697 | 1.45 |
| 2022-11-24 | 6573.47 | 6586.86 | 6611.80 | 6553.96 | 126197332 | 159909378877 | 1.27 |
| 2022-11-25 | 6573.02 | 6512.16 | 6573.02 | 6508.52 | 124579396 | 149034248952 | 1.25 |
| 2022-11-28 | 6426.93 | 6492.71 | 6494.98 | 6412.03 | 129881780 | 152031616662 | 1.31 |
| 2022-11-29 | 6505.90 | 6594.32 | 6607.46 | 6505.90 | 157448301 | 180031860496 | 1.58 |
| 2022-11-30 | 6591.68 | 6590.31 | 6619.27 | 6561.27 | 155403136 | 178510447618 | 1.56 |
| 2022-12-01 | 6645.47 | 6658.43 | 6691.51 | 6639.63 | 162150678 | 199785991940 | 1.63 |
| 2022-12-02 | 6644.44 | 6680.54 | 6721.69 | 6637.16 | 149424028 | 179613917631 | 1.50 |
| 2022-12-05 | 6710.73 | 6714.37 | 6723.57 | 6675.60 | 178915025 | 206225540021 | 1.80 |
| 2022-12-06 | 6690.92 | 6703.55 | 6731.07 | 6667.00 | 154810114 | 191497741686 | 1.56 |
| 2022-12-07 | 6684.61 | 6705.29 | 6732.26 | 6677.52 | 155989281 | 188674730727 | 1.57 |
| 2022-12-08 | 6694.84 | 6662.34 | 6699.30 | 6648.35 | 148611632 | 176772060301 | 1.50 |
| 2022-12-09 | 6661.90 | 6680.38 | 6684.15 | 6626.94 | 160349164 | 201813642791 | 1.61 |
| 2022-12-12 | 6669.17 | 6655.67 | 6680.61 | 6626.87 | 153653068 | 186669163109 | 1.55 |
| 2022-12-13 | 6654.67 | 6593.67 | 6654.75 | 6586.87 | 149692723 | 176834414923 | 1.51 |
| 2022-12-14 | 6600.41 | 6570.02 | 6626.70 | 6556.81 | 139664931 | 167786593318 | 1.41 |
| 2022-12-15 | 6557.90 | 6597.55 | 6605.70 | 6545.00 | 128850544 | 160225836005 | 1.30 |
| 2022-12-16 | 6569.06 | 6519.44 | 6581.93 | 6504.05 | 134434849 | 161172961056 | 1.35 |
| 2022-12-19 | 6518.38 | 6390.77 | 6537.14 | 6367.45 | 135485972 | 156179605225 | 1.36 |
| 2022-12-20 | 6380.22 | 6341.58 | 6389.05 | 6321.14 | 110008606 | 131077432572 | 1.11 |
| 2022-12-21 | 6341.22 | 6289.14 | 6344.66 | 6255.35 | 102729735 | 122909095335 | 1.03 |
| 2022-12-22 | 6314.55 | 6186.93 | 6319.57 | 6171.18 | 113245456 | 131875231617 | 1.14 |
| 2022-12-23 | 6154.66 | 6160.75 | 6197.24 | 6120.94 | 97094729 | 116283463648 | 0.98 |
| 2022-12-26 | 6161.94 | 6275.52 | 6276.11 | 6161.94 | 100031210 | 125237422919 | 1.01 |
| 2022-12-27 | 6288.61 | 6325.63 | 6328.36 | 6256.04 | 109270500 | 136753468429 | 1.10 |
| 2022-12-28 | 6304.59 | 6268.47 | 6306.95 | 6251.30 | 105263874 | 125061546621 | 1.06 |
| 2022-12-29 | 6253.79 | 6261.83 | 6322.25 | 6245.23 | 102382211 | 121083655953 | 1.03 |
| 2022-12-30 | 6283.50 | 6281.62 | 6296.24 | 6262.60 | 97146496 | 116528198887 | 0.98 |
| 2023-01-03 | 6286.81 | 6423.70 | 6433.79 | 6275.69 | 133181680 | 160707712589 | 1.34 |
| 2023-01-04 | 6423.43 | 6421.28 | 6445.62 | 6385.00 | 131040093 | 156632578040 | 1.32 |
| 2023-01-05 | 6427.45 | 6485.47 | 6489.99 | 6413.75 | 121661526 | 155822047721 | 1.22 |
| 2023-01-06 | 6482.88 | 6500.32 | 6539.76 | 6478.63 | 129383997 | 165796221277 | 1.30 |
| 2023-01-09 | 6523.14 | 6535.75 | 6559.46 | 6517.57 | 122047871 | 162944069606 | 1.23 |
| 2023-01-10 | 6541.82 | 6540.20 | 6546.54 | 6505.10 | 111628121 | 146634283726 | 1.12 |
| 2023-01-11 | 6544.57 | 6486.90 | 6562.35 | 6480.95 | 112882942 | 147472868625 | 1.14 |
| 2023-01-12 | 6495.16 | 6489.57 | 6529.81 | 6469.48 | 104937470 | 134846593005 | 1.06 |
| 2023-01-13 | 6505.24 | 6517.51 | 6517.51 | 6475.66 | 110761936 | 138907307000 | 1.11 |
| 2023-01-16 | 6521.45 | 6591.81 | 6628.73 | 6521.45 | 141070888 | 175416637498 | 1.42 |
| 2023-01-17 | 6600.25 | 6597.49 | 6622.32 | 6573.28 | 108421111 | 139660962014 | 1.09 |
| 2023-01-18 | 6613.74 | 6613.01 | 6635.85 | 6593.37 | 105834674 | 125976031143 | 1.07 |
| 2023-01-19 | 6605.45 | 6676.08 | 6678.18 | 6590.42 | 107589560 | 135675334823 | 1.08 |
| 2023-01-20 | 6690.14 | 6736.85 | 6740.13 | 6690.14 | 122762682 | 154872288667 | 1.24 |
| 2023-01-30 | 6815.14 | 6786.45 | 6839.84 | 6780.37 | 170769332 | 211140043941 | 1.72 |
| 2023-01-31 | 6763.40 | 6805.28 | 6820.14 | 6758.90 | 147712346 | 180790076275 | 1.49 |
| 2023-02-01 | 6815.06 | 6916.72 | 6916.73 | 6812.79 | 169651661 | 208871365597 | 1.71 |
| 2023-02-02 | 6926.58 | 6933.23 | 6969.79 | 6908.70 | 167133986 | 212328053407 | 1.68 |
| 2023-02-03 | 6922.79 | 6925.08 | 6934.32 | 6829.40 | 157558880 | 194152771393 | 1.59 |
| 2023-02-06 | 6902.49 | 6891.41 | 6928.28 | 6853.91 | 146059027 | 182865349058 | 1.47 |
| 2023-02-07 | 6900.23 | 6924.32 | 6924.42 | 6864.21 | 150108752 | 187069724944 | 1.51 |
| 2023-02-08 | 6927.33 | 6877.72 | 6932.99 | 6873.60 | 138510731 | 173815150505 | 1.39 |
| 2023-02-09 | 6864.03 | 6999.18 | 6999.18 | 6850.57 | 149147697 | 194994550267 | 1.50 |
| 2023-02-10 | 6991.23 | 6975.39 | 7015.25 | 6926.48 | 152432051 | 189923379511 | 1.53 |
| 2023-02-13 | 6976.33 | 7052.18 | 7052.60 | 6973.41 | 160848480 | 207706779975 | 1.62 |
| 2023-02-14 | 7064.53 | 7061.45 | 7070.33 | 7028.79 | 151786438 | 199029649600 | 1.53 |
| 2023-02-15 | 7062.36 | 7063.60 | 7076.87 | 7038.99 | 159779328 | 207038398260 | 1.61 |
| 2023-02-16 | 7063.93 | 6925.20 | 7098.92 | 6878.35 | 217381617 | 263155308270 | 2.19 |
| 2023-02-17 | 6931.99 | 6868.55 | 6954.85 | 6861.30 | 172656902 | 203845829245 | 1.74 |
| 2023-02-20 | 6871.86 | 6959.36 | 6959.75 | 6825.87 | 165614379 | 196438661978 | 1.67 |
| 2023-02-21 | 6969.35 | 6990.48 | 7008.55 | 6939.59 | 171690946 | 203386321240 | 1.73 |
| 2023-02-22 | 6961.15 | 6998.43 | 7014.56 | 6947.12 | 144601016 | 175966912644 | 1.46 |
| 2023-02-23 | 6997.78 | 6966.79 | 7008.68 | 6929.61 | 141862467 | 172438837845 | 1.43 |
| 2023-02-24 | 6971.65 | 6944.82 | 6983.16 | 6906.69 | 121078826 | 151978026582 | 1.22 |
| 2023-02-27 | 6928.03 | 6894.30 | 6950.88 | 6876.25 | 129300939 | 162346177198 | 1.30 |
| 2023-02-28 | 6911.36 | 6955.57 | 6955.57 | 6874.93 | 131036025 | 164461396666 | 1.32 |
| 2023-03-01 | 6955.48 | 7002.77 | 7002.77 | 6932.76 | 155908555 | 194162937429 | 1.57 |
| 2023-03-02 | 6999.23 | 6972.31 | 7021.11 | 6963.06 | 166505708 | 202422136342 | 1.68 |
| 2023-03-03 | 6970.21 | 6967.94 | 6997.42 | 6921.27 | 154598247 | 184879618934 | 1.56 |
| 2023-03-06 | 6973.52 | 6997.04 | 7004.71 | 6933.99 | 150317134 | 194154258048 | 1.51 |
| 2023-03-07 | 6991.56 | 6855.34 | 6993.18 | 6855.34 | 159757780 | 189478401770 | 1.61 |
| 2023-03-08 | 6838.63 | 6891.46 | 6894.36 | 6832.04 | 121280600 | 152705779612 | 1.22 |
| 2023-03-09 | 6898.24 | 6892.86 | 6911.54 | 6851.91 | 126671261 | 155909335205 | 1.28 |
| 2023-03-10 | 6854.41 | 6798.30 | 6864.94 | 6795.22 | 140338591 | 170506323948 | 1.41 |
| 2023-03-13 | 6780.02 | 6832.62 | 6832.62 | 6750.22 | 141191187 | 176170851055 | 1.42 |
| 2023-03-14 | 6824.25 | 6769.85 | 6824.25 | 6690.09 | 156336435 | 197124650947 | 1.57 |
| 2023-03-15 | 6797.82 | 6803.47 | 6844.97 | 6794.41 | 139147010 | 171749343249 | 1.40 |
| 2023-03-16 | 6769.61 | 6689.78 | 6777.91 | 6677.68 | 141881845 | 175508119056 | 1.43 |
| 2023-03-17 | 6726.96 | 6736.37 | 6781.95 | 6717.14 | 161535345 | 204155942107 | 1.63 |
| 2023-03-20 | 6745.95 | 6721.45 | 6760.91 | 6694.52 | 175313441 | 230174336045 | 1.76 |
| 2023-03-21 | 6726.80 | 6809.39 | 6810.29 | 6725.83 | 146584935 | 195253243662 | 1.48 |
| 2023-03-22 | 6830.19 | 6840.33 | 6845.76 | 6810.76 | 160318267 | 211699058082 | 1.61 |
| 2023-03-23 | 6827.68 | 6868.83 | 6869.18 | 6809.85 | 165448056 | 224978318720 | 1.67 |
| 2023-03-24 | 6874.54 | 6867.95 | 6880.19 | 6840.75 | 181680229 | 240207097974 | 1.83 |
| 2023-03-27 | 6874.39 | 6886.69 | 6900.63 | 6830.95 | 195064403 | 270611684186 | 1.96 |
| 2023-03-28 | 6881.11 | 6825.38 | 6884.54 | 6816.45 | 170468837 | 236725308502 | 1.72 |
| 2023-03-29 | 6825.13 | 6806.28 | 6839.90 | 6785.15 | 160806595 | 220165772651 | 1.62 |
| 2023-03-30 | 6802.07 | 6807.64 | 6814.69 | 6751.69 | 146175756 | 195037119352 | 1.47 |
| 2023-03-31 | 6806.61 | 6875.81 | 6878.32 | 6801.94 | 151581950 | 202602542866 | 1.53 |
| 2023-04-03 | 6878.09 | 6962.20 | 6966.69 | 6878.09 | 194554477 | 274916847267 | 1.96 |
| 2023-04-04 | 6960.91 | 6953.36 | 6966.99 | 6918.13 | 213211962 | 306141970189 | 2.15 |
| 2023-04-06 | 6926.19 | 6983.03 | 6988.37 | 6921.66 | 191009494 | 281226984710 | 1.92 |
| 2023-04-07 | 6987.01 | 7042.89 | 7043.22 | 6978.35 | 167437320 | 242608190860 | 1.69 |
| 2023-04-10 | 7050.24 | 6968.57 | 7052.74 | 6950.77 | 181007868 | 265199179441 | 1.82 |
| 2023-04-11 | 6967.03 | 6984.14 | 6986.44 | 6937.02 | 162793965 | 228357143487 | 1.64 |
| 2023-04-12 | 6989.69 | 7021.02 | 7027.84 | 6979.28 | 180300938 | 252639249640 | 1.81 |
| 2023-04-13 | 7011.66 | 6966.82 | 7029.10 | 6956.68 | 182936746 | 253331499906 | 1.84 |
| 2023-04-14 | 6978.59 | 7020.09 | 7026.12 | 6942.57 | 174751802 | 249159555579 | 1.76 |
| 2023-04-17 | 7009.47 | 7012.77 | 7030.24 | 6989.70 | 173463101 | 235338063548 | 1.75 |
| 2023-04-18 | 7002.26 | 6997.07 | 7014.38 | 6961.51 | 160278095 | 221281575130 | 1.61 |
| 2023-04-19 | 6988.65 | 6965.58 | 7011.93 | 6955.36 | 168968117 | 237689578666 | 1.70 |
| 2023-04-20 | 6956.37 | 6963.90 | 6963.90 | 6911.98 | 174240785 | 249390407797 | 1.75 |
| 2023-04-21 | 6954.10 | 6773.51 | 6963.08 | 6773.51 | 193177324 | 266671875898 | 1.94 |
| 2023-04-24 | 6766.52 | 6725.27 | 6771.65 | 6692.22 | 172365639 | 233604520119 | 1.74 |
| 2023-04-25 | 6708.28 | 6603.24 | 6711.57 | 6517.27 | 194399820 | 247485613390 | 1.96 |
| 2023-04-26 | 6577.36 | 6624.40 | 6667.43 | 6573.88 | 184561745 | 254123867620 | 1.86 |
| 2023-04-27 | 6597.73 | 6633.49 | 6672.22 | 6593.38 | 174202091 | 232047938560 | 1.75 |
| 2023-04-28 | 6617.32 | 6723.30 | 6724.57 | 6617.32 | 189027616 | 241929257739 | 1.90 |
| 2023-05-04 | 6701.49 | 6733.97 | 6738.44 | 6698.64 | 202137047 | 252755421974 | 2.03 |
| 2023-05-05 | 6723.16 | 6653.65 | 6723.98 | 6612.74 | 185876962 | 232757192567 | 1.87 |
| 2023-05-08 | 6660.92 | 6702.50 | 6714.39 | 6660.92 | 204204619 | 239780230242 | 2.06 |
| 2023-05-09 | 6696.67 | 6611.64 | 6705.74 | 6610.57 | 217518238 | 256339239609 | 2.19 |
| 2023-05-10 | 6599.79 | 6627.31 | 6648.04 | 6576.40 | 172301277 | 212227315488 | 1.73 |
| 2023-05-11 | 6634.16 | 6622.52 | 6653.38 | 6618.19 | 155805155 | 192273319326 | 1.57 |
| 2023-05-12 | 6608.83 | 6535.94 | 6630.56 | 6535.11 | 153329115 | 183608124249 | 1.54 |
| 2023-05-15 | 6537.40 | 6585.91 | 6585.91 | 6466.45 | 161126819 | 191863235546 | 1.62 |
| 2023-05-16 | 6586.72 | 6516.29 | 6586.72 | 6501.31 | 142434107 | 178199462179 | 1.43 |
| 2023-05-17 | 6500.44 | 6554.98 | 6555.77 | 6497.38 | 125778063 | 156078814575 | 1.27 |
| 2023-05-18 | 6557.37 | 6583.74 | 6595.49 | 6554.08 | 144368801 | 186333515795 | 1.45 |
| 2023-05-19 | 6571.09 | 6602.32 | 6621.43 | 6545.08 | 135432989 | 179071786326 | 1.36 |
| 2023-05-22 | 6589.35 | 6595.98 | 6608.88 | 6556.74 | 131198543 | 163204580648 | 1.32 |
| 2023-05-23 | 6591.56 | 6528.45 | 6600.80 | 6528.45 | 128595517 | 158376852884 | 1.29 |
| 2023-05-24 | 6507.06 | 6513.18 | 6564.51 | 6476.69 | 125855093 | 163476977070 | 1.27 |
| 2023-05-25 | 6502.23 | 6501.00 | 6541.39 | 6424.45 | 135834643 | 175437754998 | 1.37 |
| 2023-05-26 | 6495.35 | 6546.41 | 6558.11 | 6451.73 | 126275617 | 170164842111 | 1.27 |
| 2023-05-29 | 6560.16 | 6534.12 | 6579.15 | 6518.03 | 152482657 | 204321522052 | 1.53 |
| 2023-05-30 | 6517.71 | 6564.47 | 6565.48 | 6461.09 | 151317651 | 193152158102 | 1.52 |
| 2023-05-31 | 6556.52 | 6561.65 | 6581.93 | 6523.27 | 142968364 | 197141081475 | 1.44 |
| 2023-06-01 | 6539.26 | 6574.76 | 6616.53 | 6515.02 | 153962339 | 208776080194 | 1.55 |
| 2023-06-02 | 6585.73 | 6626.28 | 6640.53 | 6585.73 | 149263604 | 198301484192 | 1.50 |
| 2023-06-05 | 6631.22 | 6632.96 | 6647.20 | 6609.02 | 137150594 | 186650947904 | 1.38 |
| 2023-06-06 | 6625.09 | 6489.81 | 6625.09 | 6475.26 | 151757959 | 198453126089 | 1.53 |
| 2023-06-07 | 6487.20 | 6488.56 | 6517.32 | 6467.30 | 131404709 | 169239132087 | 1.32 |
| 2023-06-08 | 6477.94 | 6442.48 | 6478.32 | 6399.78 | 135583070 | 172327155118 | 1.36 |
| 2023-06-09 | 6446.62 | 6495.56 | 6500.45 | 6427.92 | 151977579 | 202023488654 | 1.53 |
| 2023-06-12 | 6488.20 | 6530.16 | 6549.78 | 6474.86 | 145153220 | 197419702843 | 1.46 |
| 2023-06-13 | 6525.05 | 6554.96 | 6561.02 | 6519.97 | 145636301 | 206066233138 | 1.47 |
| 2023-06-14 | 6556.03 | 6578.12 | 6591.69 | 6547.49 | 149195931 | 212483094306 | 1.50 |
| 2023-06-15 | 6579.46 | 6613.95 | 6618.62 | 6568.61 | 147955427 | 220050814756 | 1.49 |
| 2023-06-16 | 6613.10 | 6669.01 | 6674.62 | 6602.04 | 155708689 | 223131327343 | 1.57 |
| 2023-06-19 | 6674.12 | 6693.30 | 6707.23 | 6673.81 | 168025755 | 246819992645 | 1.69 |
| 2023-06-20 | 6683.92 | 6693.91 | 6717.71 | 6671.99 | 158860653 | 240661461467 | 1.60 |
| 2023-06-21 | 6679.15 | 6548.41 | 6681.57 | 6548.41 | 153983944 | 226296807531 | 1.55 |
| 2023-06-26 | 6504.97 | 6420.97 | 6535.49 | 6404.04 | 154732688 | 209607215406 | 1.56 |
| 2023-06-27 | 6425.84 | 6507.27 | 6518.98 | 6424.33 | 135607119 | 178812817549 | 1.37 |
| 2023-06-28 | 6504.50 | 6475.51 | 6505.47 | 6367.35 | 145808385 | 192407496662 | 1.47 |
| 2023-06-29 | 6465.10 | 6520.04 | 6542.28 | 6462.07 | 135252145 | 186518747503 | 1.36 |
| 2023-06-30 | 6507.50 | 6602.04 | 6615.97 | 6500.86 | 144498924 | 203403995419 | 1.45 |
| 2023-07-03 | 6617.08 | 6612.88 | 6640.34 | 6571.84 | 160977356 | 225625497660 | 1.62 |
| 2023-07-04 | 6610.66 | 6638.45 | 6639.82 | 6599.60 | 139742795 | 203584274309 | 1.41 |
| 2023-07-05 | 6632.37 | 6584.42 | 6642.55 | 6575.73 | 133052280 | 184778773163 | 1.34 |
| 2023-07-06 | 6573.58 | 6567.08 | 6619.29 | 6558.89 | 124077268 | 173721970871 | 1.25 |
| 2023-07-07 | 6553.56 | 6521.43 | 6558.11 | 6486.11 | 123599541 | 164996211439 | 1.24 |
| 2023-07-10 | 6539.08 | 6526.85 | 6556.15 | 6501.75 | 120450936 | 158540731785 | 1.21 |
| 2023-07-11 | 6531.63 | 6579.37 | 6579.37 | 6514.99 | 119603644 | 163273435605 | 1.20 |
| 2023-07-12 | 6576.94 | 6482.99 | 6576.96 | 6476.85 | 140204471 | 187051032495 | 1.41 |
| 2023-07-13 | 6497.81 | 6548.31 | 6553.60 | 6497.76 | 135117757 | 180915189196 | 1.36 |
| 2023-07-14 | 6554.53 | 6544.46 | 6571.14 | 6538.65 | 135631971 | 188566810413 | 1.37 |
| 2023-07-17 | 6524.61 | 6516.56 | 6525.19 | 6481.29 | 126408773 | 169117052479 | 1.27 |
| 2023-07-18 | 6519.76 | 6510.03 | 6537.91 | 6490.06 | 119968653 | 159965850726 | 1.21 |
| 2023-07-19 | 6508.52 | 6492.35 | 6530.54 | 6459.44 | 109136335 | 141853309419 | 1.10 |
| 2023-07-20 | 6497.78 | 6408.76 | 6512.45 | 6404.12 | 122150962 | 155152822236 | 1.23 |
| 2023-07-21 | 6397.15 | 6401.42 | 6447.30 | 6378.20 | 113590849 | 138788097492 | 1.14 |
| 2023-07-24 | 6397.43 | 6393.79 | 6437.99 | 6370.05 | 109049465 | 129838947141 | 1.10 |
| 2023-07-25 | 6448.27 | 6498.27 | 6499.42 | 6444.58 | 147365727 | 173378677340 | 1.48 |
| 2023-07-26 | 6497.59 | 6457.25 | 6497.59 | 6441.56 | 149583522 | 156686884841 | 1.51 |
| 2023-07-27 | 6458.48 | 6407.55 | 6475.83 | 6397.59 | 144624358 | 153183204640 | 1.46 |
| 2023-07-28 | 6389.43 | 6465.38 | 6471.68 | 6369.37 | 157267532 | 166557072690 | 1.58 |
| 2023-07-31 | 6475.83 | 6515.85 | 6549.75 | 6475.83 | 183815980 | 200589879397 | 1.85 |
| 2023-08-01 | 6513.14 | 6507.41 | 6521.97 | 6482.17 | 184326464 | 183590037270 | 1.86 |
| 2023-08-02 | 6499.86 | 6496.02 | 6515.07 | 6475.42 | 168646289 | 171110955344 | 1.70 |
| 2023-08-03 | 6472.11 | 6499.54 | 6502.55 | 6460.28 | 163471395 | 164830188575 | 1.65 |
| 2023-08-04 | 6514.54 | 6535.32 | 6561.74 | 6505.86 | 194622999 | 205415679148 | 1.96 |
| 2023-08-07 | 6524.30 | 6503.98 | 6532.52 | 6485.66 | 168919412 | 185333349118 | 1.70 |
| 2023-08-08 | 6496.59 | 6471.34 | 6500.90 | 6457.25 | 142743414 | 154646581021 | 1.44 |
| 2023-08-09 | 6452.98 | 6420.98 | 6464.36 | 6411.23 | 132319467 | 148343587966 | 1.33 |
| 2023-08-10 | 6409.22 | 6426.81 | 6438.43 | 6392.89 | 131957692 | 134873259681 | 1.33 |
| 2023-08-11 | 6428.88 | 6304.64 | 6428.88 | 6304.64 | 149016729 | 149330410482 | 1.50 |
| 2023-08-14 | 6251.97 | 6319.41 | 6320.95 | 6213.98 | 138392221 | 145626319568 | 1.39 |
| 2023-08-15 | 6318.55 | 6261.73 | 6325.57 | 6203.44 | 122703107 | 132851531983 | 1.24 |
| 2023-08-16 | 6240.71 | 6186.40 | 6255.81 | 6186.40 | 124958759 | 132390724363 | 1.26 |
| 2023-08-17 | 6167.65 | 6247.60 | 6255.05 | 6128.13 | 129135238 | 139152590240 | 1.30 |
| 2023-08-18 | 6245.13 | 6117.11 | 6259.79 | 6117.11 | 139212539 | 139942744387 | 1.40 |
| 2023-08-21 | 6107.92 | 6057.17 | 6154.25 | 6057.17 | 117091696 | 119633708946 | 1.18 |
| 2023-08-22 | 6082.72 | 6099.19 | 6108.21 | 5984.44 | 144282422 | 153871289475 | 1.45 |
| 2023-08-23 | 6084.15 | 5973.67 | 6084.15 | 5973.65 | 128422382 | 135807067810 | 1.29 |
| 2023-08-24 | 5989.43 | 5987.97 | 6049.55 | 5942.57 | 134197451 | 146793181320 | 1.35 |
| 2023-08-25 | 5960.59 | 5879.03 | 5980.24 | 5855.88 | 140117108 | 150562437510 | 1.41 |
| 2023-08-28 | 6204.10 | 5922.16 | 6204.10 | 5907.94 | 210870098 | 213172935998 | 2.12 |
| 2023-08-29 | 5909.46 | 6108.76 | 6121.59 | 5907.96 | 186689576 | 200633240452 | 1.88 |
| 2023-08-30 | 6117.41 | 6139.63 | 6185.27 | 6102.09 | 167499560 | 194127658982 | 1.69 |
| 2023-08-31 | 6130.64 | 6104.30 | 6130.95 | 6087.33 | 143040409 | 161004803813 | 1.44 |
| 2023-09-01 | 6108.13 | 6107.20 | 6136.78 | 6086.27 | 124017053 | 138221321938 | 1.25 |
| 2023-09-04 | 6129.54 | 6198.76 | 6198.76 | 6109.10 | 155507281 | 167770708192 | 1.57 |
| 2023-09-05 | 6188.52 | 6167.64 | 6206.35 | 6154.83 | 141067999 | 162636723669 | 1.42 |
| 2023-09-06 | 6146.39 | 6195.38 | 6202.32 | 6117.81 | 129717664 | 154853582103 | 1.31 |
| 2023-09-07 | 6185.33 | 6083.49 | 6185.33 | 6083.49 | 132254116 | 150714755551 | 1.33 |
| 2023-09-08 | 6063.24 | 6102.49 | 6128.84 | 6062.90 | 118918279 | 142083251235 | 1.20 |
| 2023-09-11 | 6114.07 | 6182.64 | 6204.43 | 6083.39 | 144003299 | 172589292459 | 1.45 |
| 2023-09-12 | 6175.63 | 6184.61 | 6212.26 | 6169.04 | 120512253 | 144771928170 | 1.21 |
| 2023-09-13 | 6169.53 | 6103.14 | 6177.38 | 6059.29 | 125032676 | 137493570903 | 1.26 |
| 2023-09-14 | 6101.77 | 6068.71 | 6102.49 | 6037.72 | 114441844 | 123059669839 | 1.15 |
| 2023-09-15 | 6082.19 | 6079.06 | 6117.82 | 6046.87 | 124196903 | 137783233762 | 1.25 |
| 2023-09-18 | 6058.30 | 6083.97 | 6106.27 | 6029.97 | 118394457 | 132969980890 | 1.19 |
| 2023-09-19 | 6077.40 | 6031.04 | 6077.40 | 6011.91 | 112745993 | 121079846424 | 1.13 |
| 2023-09-20 | 6020.91 | 5982.56 | 6038.75 | 5982.11 | 105727974 | 115642454584 | 1.06 |
| 2023-09-21 | 5968.35 | 5939.66 | 5999.40 | 5931.10 | 99709529 | 107167135606 | 1.00 |
| 2023-09-22 | 5934.27 | 6054.93 | 6056.45 | 5923.24 | 133556772 | 147800973210 | 1.34 |
| 2023-09-25 | 6051.82 | 6027.39 | 6058.47 | 6014.61 | 129532612 | 146282703214 | 1.30 |
| 2023-09-26 | 6017.30 | 5996.11 | 6034.85 | 5996.05 | 114061563 | 127029193783 | 1.15 |
| 2023-09-27 | 5989.80 | 6034.06 | 6063.91 | 5989.16 | 121662330 | 141278698421 | 1.22 |
| 2023-09-28 | 6048.83 | 6078.94 | 6085.53 | 6048.68 | 127759256 | 144764775658 | 1.29 |
| 2023-10-09 | 6073.28 | 6059.97 | 6075.46 | 6025.36 | 136755964 | 151374309942 | 1.38 |
| 2023-10-10 | 6069.91 | 6043.48 | 6084.93 | 6037.47 | 140815312 | 164183443355 | 1.42 |
| 2023-10-11 | 6056.03 | 6059.40 | 6105.42 | 6040.50 | 143601130 | 169349269562 | 1.45 |
| 2023-10-12 | 6088.55 | 6104.46 | 6106.95 | 6064.82 | 145452824 | 171667913018 | 1.46 |
| 2023-10-13 | 6080.33 | 6081.87 | 6091.54 | 6063.56 | 144115089 | 174075416254 | 1.45 |
| 2023-10-16 | 6089.42 | 6024.36 | 6089.48 | 5996.79 | 164459217 | 187595023328 | 1.66 |
| 2023-10-17 | 6027.91 | 6011.37 | 6028.02 | 5967.30 | 139421234 | 158570292158 | 1.40 |
| 2023-10-18 | 5992.51 | 5908.01 | 5992.51 | 5905.84 | 145065153 | 164665612256 | 1.46 |
| 2023-10-19 | 5879.81 | 5842.89 | 5929.58 | 5842.41 | 155497801 | 169977393153 | 1.57 |
| 2023-10-20 | 5816.72 | 5774.32 | 5855.46 | 5767.02 | 138964349 | 152073198748 | 1.40 |
| 2023-10-23 | 5754.18 | 5638.14 | 5754.25 | 5613.73 | 145845854 | 156462250901 | 1.47 |
| 2023-10-24 | 5654.93 | 5719.32 | 5734.55 | 5625.71 | 151553066 | 163599460545 | 1.53 |
| 2023-10-25 | 5753.68 | 5778.90 | 5811.27 | 5752.79 | 163597326 | 178946013550 | 1.65 |
| 2023-10-26 | 5745.53 | 5811.69 | 5817.63 | 5724.00 | 157275832 | 177171582141 | 1.58 |
| 2023-10-27 | 5792.61 | 5916.68 | 5937.54 | 5774.63 | 172179646 | 201532115498 | 1.73 |
| 2023-10-30 | 5899.38 | 6006.56 | 6017.28 | 5898.69 | 179281052 | 219628050415 | 1.80 |
| 2023-10-31 | 6003.37 | 5969.34 | 6013.73 | 5934.20 | 165318441 | 196000266082 | 1.66 |
| 2023-11-01 | 5969.81 | 5958.42 | 5983.87 | 5943.19 | 147451128 | 169629133631 | 1.48 |
| 2023-11-02 | 5958.48 | 5885.25 | 5983.22 | 5885.25 | 140144412 | 159352391953 | 1.41 |
| 2023-11-03 | 5895.60 | 5973.17 | 5992.75 | 5895.60 | 146120206 | 172570856142 | 1.47 |
| 2023-11-06 | 6007.43 | 6096.57 | 6097.04 | 6007.43 | 186603146 | 215540583017 | 1.88 |
| 2023-11-07 | 6088.51 | 6116.76 | 6132.14 | 6068.24 | 173946707 | 206605084921 | 1.75 |
| 2023-11-08 | 6114.99 | 6138.94 | 6160.24 | 6099.29 | 183964088 | 224318842688 | 1.85 |
| 2023-11-09 | 6135.07 | 6100.69 | 6160.98 | 6087.73 | 162244319 | 197856013543 | 1.63 |
| 2023-11-10 | 6079.47 | 6088.56 | 6097.61 | 6055.99 | 141567605 | 169645048925 | 1.43 |
| 2023-11-13 | 6107.27 | 6144.63 | 6144.63 | 6095.27 | 150359606 | 185937464877 | 1.51 |
| 2023-11-14 | 6143.48 | 6181.98 | 6189.50 | 6133.22 | 160172363 | 195770027636 | 1.61 |
| 2023-11-15 | 6226.20 | 6207.27 | 6234.54 | 6184.90 | 167613188 | 214464439439 | 1.69 |
| 2023-11-16 | 6188.83 | 6145.15 | 6193.64 | 6143.82 | 143682116 | 180547587296 | 1.45 |
| 2023-11-17 | 6135.83 | 6199.23 | 6199.23 | 6131.67 | 145989658 | 178812142667 | 1.47 |
| 2023-11-20 | 6211.34 | 6253.28 | 6254.14 | 6184.64 | 160246271 | 200298798170 | 1.61 |
| 2023-11-21 | 6258.74 | 6212.13 | 6267.22 | 6200.69 | 176150665 | 211256978812 | 1.77 |
| 2023-11-22 | 6193.36 | 6132.97 | 6221.87 | 6132.97 | 171183163 | 191793674608 | 1.72 |
| 2023-11-23 | 6123.59 | 6197.53 | 6199.88 | 6107.00 | 152107183 | 169982693460 | 1.53 |
| 2023-11-24 | 6194.02 | 6115.41 | 6194.02 | 6098.96 | 149815992 | 166155059739 | 1.51 |
| 2023-11-27 | 6107.56 | 6111.36 | 6130.40 | 6076.71 | 154433077 | 169812162710 | 1.55 |
| 2023-11-28 | 6099.51 | 6143.30 | 6143.30 | 6065.69 | 128368133 | 147277411214 | 1.29 |
| 2023-11-29 | 6138.76 | 6113.37 | 6154.90 | 6103.98 | 135643952 | 150365714313 | 1.37 |
| 2023-11-30 | 6104.77 | 6080.55 | 6110.41 | 6031.48 | 131032999 | 148669808038 | 1.32 |
| 2023-12-01 | 6078.64 | 6130.05 | 6142.74 | 6059.80 | 145352744 | 166337102382 | 1.46 |
| 2023-12-04 | 6131.59 | 6114.39 | 6147.05 | 6110.25 | 153414365 | 177072943576 | 1.54 |
| 2023-12-05 | 6098.12 | 5992.60 | 6098.12 | 5992.60 | 142775427 | 162512340061 | 1.44 |
| 2023-12-06 | 5977.61 | 6023.80 | 6066.42 | 5970.28 | 144320624 | 153827863997 | 1.45 |
| 2023-12-07 | 6019.96 | 6020.83 | 6044.86 | 5983.25 | 148536627 | 166906747991 | 1.50 |
| 2023-12-08 | 6021.92 | 6003.14 | 6056.06 | 6003.14 | 167971282 | 194131627853 | 1.69 |
| 2023-12-11 | 5984.68 | 6075.08 | 6080.80 | 5933.74 | 159843436 | 181217092726 | 1.61 |
| 2023-12-12 | 6070.88 | 6078.99 | 6084.28 | 6050.73 | 129712088 | 152793036408 | 1.31 |
| 2023-12-13 | 6067.78 | 6019.55 | 6076.36 | 6019.55 | 122547150 | 143748119087 | 1.23 |
| 2023-12-14 | 6038.92 | 5991.86 | 6072.61 | 5989.23 | 120199382 | 138756005778 | 1.21 |
| 2023-12-15 | 6000.26 | 5951.60 | 6016.40 | 5935.32 | 123710100 | 138326703915 | 1.25 |
| 2023-12-18 | 5939.43 | 5857.01 | 5941.90 | 5845.96 | 125259423 | 130966305876 | 1.26 |
| 2023-12-19 | 5853.19 | 5863.54 | 5887.77 | 5820.51 | 111682675 | 116256467570 | 1.12 |
| 2023-12-20 | 5869.56 | 5761.31 | 5873.76 | 5761.31 | 111630053 | 120601845451 | 1.12 |
| 2023-12-21 | 5739.02 | 5798.91 | 5814.04 | 5685.64 | 124949100 | 134047868867 | 1.26 |
| 2023-12-22 | 5797.61 | 5733.91 | 5819.65 | 5713.80 | 141167085 | 147745244442 | 1.42 |
| 2023-12-25 | 5726.56 | 5735.73 | 5753.43 | 5698.32 | 109638963 | 116368993151 | 1.10 |
| 2023-12-26 | 5734.15 | 5651.59 | 5734.56 | 5632.87 | 104063276 | 112250605153 | 1.05 |
| 2023-12-27 | 5658.19 | 5696.16 | 5703.17 | 5636.94 | 108265354 | 115290789798 | 1.09 |
| 2023-12-28 | 5687.75 | 5805.53 | 5824.40 | 5660.13 | 144134383 | 155833384642 | 1.45 |
| 2023-12-29 | 5797.58 | 5887.24 | 5891.63 | 5795.76 | 134690778 | 152875806703 | 1.36 |
| 2024-01-02 | 5891.17 | 5854.75 | 5891.23 | 5854.59 | 128377670 | 141351641579 | 1.29 |
| 2024-01-03 | 5838.55 | 5824.04 | 5861.41 | 5785.25 | 119248925 | 131179260681 | 1.20 |
| 2024-01-04 | 5814.94 | 5783.02 | 5814.94 | 5753.47 | 102952534 | 112642946170 | 1.04 |
| 2024-01-05 | 5779.76 | 5675.81 | 5796.76 | 5652.13 | 119205197 | 126682946917 | 1.20 |
| 2024-01-08 | 5664.45 | 5543.57 | 5664.45 | 5543.57 | 110512726 | 112633892925 | 1.11 |
| 2024-01-09 | 5553.18 | 5553.30 | 5607.22 | 5513.13 | 110223223 | 114678407169 | 1.11 |
| 2024-01-10 | 5540.66 | 5512.07 | 5580.42 | 5462.36 | 106499446 | 108158125143 | 1.07 |
| 2024-01-11 | 5507.80 | 5611.11 | 5634.02 | 5502.29 | 124717749 | 123635425166 | 1.26 |
| 2024-01-12 | 5601.10 | 5574.49 | 5646.27 | 5574.41 | 121066881 | 118289969742 | 1.22 |
| 2024-01-15 | 5558.15 | 5559.38 | 5607.13 | 5520.36 | 108667184 | 107428092793 | 1.09 |
| 2024-01-16 | 5555.00 | 5539.47 | 5566.21 | 5463.29 | 116803108 | 113669505609 | 1.18 |
| 2024-01-17 | 5529.89 | 5389.12 | 5529.89 | 5389.12 | 104037354 | 104138700027 | 1.05 |
| 2024-01-18 | 5360.21 | 5373.42 | 5375.23 | 5214.90 | 148711036 | 142966452446 | 1.50 |
| 2024-01-19 | 5364.81 | 5306.99 | 5395.14 | 5304.96 | 106431086 | 109174686372 | 1.07 |
| 2024-01-22 | 5298.31 | 5000.83 | 5298.31 | 4970.20 | 144252512 | 139600818351 | 1.45 |
| 2024-01-23 | 4992.79 | 5079.63 | 5102.44 | 4939.52 | 130288241 | 124162903227 | 1.31 |
| 2024-01-24 | 5102.82 | 5143.41 | 5151.42 | 4951.90 | 143326441 | 135222048614 | 1.44 |
| 2024-01-25 | 5143.29 | 5316.20 | 5316.26 | 5112.54 | 163144917 | 158319218894 | 1.64 |
| 2024-01-26 | 5303.96 | 5269.76 | 5352.85 | 5253.32 | 155415661 | 150031258107 | 1.56 |
| 2024-01-29 | 5282.82 | 5131.25 | 5301.87 | 5131.25 | 150000892 | 141294666661 | 1.51 |
| 2024-01-30 | 5099.59 | 4984.66 | 5144.29 | 4978.91 | 125015069 | 117586947100 | 1.26 |
| 2024-01-31 | 4949.19 | 4785.03 | 4986.10 | 4775.62 | 158237155 | 139299752958 | 1.59 |
| 2024-02-01 | 4753.64 | 4750.44 | 4858.72 | 4684.47 | 147115516 | 129099528518 | 1.48 |
| 2024-02-02 | 4753.67 | 4574.67 | 4802.62 | 4431.82 | 176885435 | 150000797614 | 1.78 |
| 2024-02-05 | 4534.75 | 4293.07 | 4534.75 | 4177.94 | 211274330 | 166206907858 | 2.13 |
| 2024-02-06 | 4229.79 | 4592.44 | 4641.45 | 4192.97 | 210187410 | 169330958131 | 2.12 |
| 2024-02-07 | 4604.12 | 4797.85 | 4848.24 | 4599.35 | 216213317 | 188713236492 | 2.18 |
| 2024-02-08 | 4826.14 | 4993.10 | 5067.23 | 4826.14 | 217620059 | 192261800169 | 2.19 |
| 2024-02-19 | 5062.68 | 5029.59 | 5071.20 | 4950.33 | 203870996 | 185885021627 | 2.05 |
| 2024-02-20 | 5004.42 | 5046.01 | 5058.22 | 4950.39 | 154344285 | 151079011057 | 1.55 |
| 2024-02-21 | 5001.66 | 5073.48 | 5208.65 | 4974.08 | 193280527 | 178053450105 | 1.95 |
| 2024-02-22 | 5075.43 | 5151.53 | 5152.02 | 5066.00 | 153064295 | 146838694831 | 1.54 |
| 2024-02-23 | 5169.01 | 5225.67 | 5225.67 | 5114.15 | 171213693 | 167541135857 | 1.72 |
| 2024-02-26 | 5234.81 | 5255.40 | 5325.77 | 5201.13 | 184471643 | 180222595495 | 1.86 |
| 2024-02-27 | 5237.11 | 5394.03 | 5394.03 | 5218.59 | 182622372 | 183476438079 | 1.84 |
| 2024-02-28 | 5403.50 | 5152.05 | 5478.09 | 5152.05 | 260742382 | 251859520938 | 2.62 |
| 2024-02-29 | 5122.18 | 5344.61 | 5344.61 | 5122.18 | 188036238 | 185219961182 | 1.89 |
| 2024-03-01 | 5354.73 | 5401.94 | 5411.32 | 5322.09 | 184436487 | 196339349955 | 1.86 |
| 2024-03-04 | 5412.91 | 5428.34 | 5429.80 | 5332.24 | 179308205 | 199765408573 | 1.80 |
| 2024-03-05 | 5392.88 | 5375.13 | 5417.82 | 5337.67 | 174166911 | 196428311576 | 1.75 |
| 2024-03-06 | 5346.08 | 5381.46 | 5434.40 | 5306.46 | 154684371 | 164978930228 | 1.56 |
| 2024-03-07 | 5389.99 | 5303.28 | 5430.39 | 5303.28 | 161023860 | 167524667896 | 1.62 |
| 2024-03-08 | 5309.59 | 5370.37 | 5386.18 | 5283.15 | 139130895 | 147532325484 | 1.40 |
| 2024-03-11 | 5358.84 | 5466.65 | 5466.65 | 5350.29 | 164133442 | 175152725408 | 1.65 |
| 2024-03-12 | 5477.13 | 5496.36 | 5524.50 | 5443.96 | 183984140 | 198909272335 | 1.85 |
| 2024-03-13 | 5501.59 | 5521.78 | 5561.08 | 5476.79 | 181270807 | 200355388366 | 1.82 |
| 2024-03-14 | 5521.72 | 5486.65 | 5546.10 | 5433.21 | 168948172 | 184410019587 | 1.70 |
| 2024-03-15 | 5472.89 | 5555.64 | 5555.64 | 5459.32 | 161095841 | 171573287270 | 1.62 |
| 2024-03-18 | 5573.93 | 5648.01 | 5648.01 | 5559.05 | 193419517 | 212069710000 | 1.95 |
| 2024-03-19 | 5633.50 | 5607.48 | 5660.50 | 5607.26 | 181118096 | 202358294571 | 1.82 |
| 2024-03-20 | 5600.12 | 5659.15 | 5663.74 | 5600.12 | 179307654 | 199862431482 | 1.80 |
| 2024-03-21 | 5674.50 | 5658.28 | 5690.45 | 5623.30 | 194332946 | 215621373721 | 1.96 |
| 2024-03-22 | 5649.08 | 5595.88 | 5660.15 | 5546.78 | 210254327 | 226506007180 | 2.12 |
| 2024-03-25 | 5581.35 | 5466.06 | 5611.69 | 5466.06 | 204705382 | 224613418949 | 2.06 |
| 2024-03-26 | 5454.65 | 5447.75 | 5495.63 | 5381.85 | 183180684 | 197261354306 | 1.84 |
| 2024-03-27 | 5435.97 | 5266.23 | 5436.65 | 5266.23 | 179173504 | 183978555512 | 1.80 |
| 2024-03-28 | 5262.22 | 5382.24 | 5430.77 | 5262.22 | 178598735 | 187597295821 | 1.80 |
| 2024-03-29 | 5383.74 | 5441.26 | 5441.26 | 5345.87 | 168653431 | 177336825496 | 1.70 |
| 2024-04-01 | 5461.59 | 5559.06 | 5559.87 | 5461.59 | 191025707 | 202413394133 | 1.92 |
| 2024-04-02 | 5556.52 | 5531.05 | 5556.52 | 5490.82 | 196097459 | 201831299210 | 1.97 |
| 2024-04-03 | 5518.91 | 5500.93 | 5525.03 | 5457.61 | 186291066 | 191730116468 | 1.88 |
| 2024-04-08 | 5487.63 | 5399.91 | 5492.40 | 5399.91 | 186573359 | 186731192201 | 1.88 |
| 2024-04-09 | 5392.99 | 5468.91 | 5468.91 | 5384.03 | 159201159 | 160292707954 | 1.60 |
| 2024-04-10 | 5456.97 | 5367.05 | 5456.97 | 5325.91 | 167459493 | 164477827457 | 1.69 |
| 2024-04-11 | 5330.68 | 5379.92 | 5441.50 | 5322.84 | 165143700 | 162747758510 | 1.66 |
| 2024-04-12 | 5379.17 | 5338.77 | 5408.52 | 5330.54 | 157174522 | 155385863393 | 1.58 |
| 2024-04-15 | 5320.81 | 5287.51 | 5364.59 | 5205.71 | 201711028 | 188383366156 | 2.03 |
| 2024-04-16 | 5255.21 | 5066.66 | 5283.83 | 5063.94 | 207171940 | 188123371675 | 2.09 |
| 2024-04-17 | 5109.08 | 5287.46 | 5287.46 | 5109.08 | 190079395 | 181206086977 | 1.91 |
| 2024-04-18 | 5276.47 | 5286.72 | 5345.44 | 5233.90 | 188225058 | 187626267250 | 1.89 |
| 2024-04-19 | 5257.01 | 5264.39 | 5312.15 | 5224.32 | 178870211 | 176532930689 | 1.80 |
| 2024-04-22 | 5231.56 | 5246.08 | 5300.79 | 5187.52 | 167762229 | 165970259920 | 1.69 |
| 2024-04-23 | 5234.43 | 5218.43 | 5260.29 | 5194.26 | 156851394 | 154949436775 | 1.58 |
| 2024-04-24 | 5219.26 | 5305.61 | 5305.61 | 5200.60 | 162666749 | 165940790841 | 1.64 |
| 2024-04-25 | 5285.14 | 5313.99 | 5357.44 | 5273.55 | 157831248 | 164090144071 | 1.59 |
| 2024-04-26 | 5303.15 | 5415.94 | 5420.37 | 5303.15 | 210886927 | 219583789154 | 2.12 |
| 2024-04-29 | 5422.41 | 5545.23 | 5550.21 | 5422.41 | 241439744 | 247411968960 | 2.43 |
| 2024-04-30 | 5530.94 | 5497.43 | 5542.19 | 5482.99 | 204909743 | 205851328016 | 2.06 |
| 2024-05-06 | 5558.92 | 5606.84 | 5611.27 | 5558.92 | 205174028 | 213462084934 | 2.07 |
| 2024-05-07 | 5604.27 | 5625.34 | 5631.95 | 5593.01 | 185622540 | 197355483310 | 1.87 |
| 2024-05-08 | 5605.59 | 5536.66 | 5605.59 | 5529.91 | 175730988 | 186180909950 | 1.77 |
| 2024-05-09 | 5533.51 | 5626.83 | 5638.64 | 5533.51 | 172678261 | 186969311191 | 1.74 |
| 2024-05-10 | 5632.76 | 5574.23 | 5641.92 | 5549.61 | 188377044 | 190161522864 | 1.90 |
| 2024-05-13 | 5537.93 | 5520.80 | 5556.71 | 5479.95 | 180308639 | 183109444690 | 1.82 |
| 2024-05-14 | 5524.43 | 5551.68 | 5574.25 | 5524.26 | 169585067 | 171272800584 | 1.71 |
| 2024-05-15 | 5541.81 | 5497.23 | 5551.26 | 5491.52 | 163304598 | 157739697587 | 1.64 |
| 2024-05-16 | 5508.95 | 5488.95 | 5539.92 | 5474.28 | 169798002 | 163725528728 | 1.71 |
| 2024-05-17 | 5489.42 | 5563.23 | 5564.06 | 5478.30 | 182873081 | 174923884707 | 1.84 |
| 2024-05-20 | 5563.65 | 5596.78 | 5612.35 | 5548.90 | 197476441 | 194649563348 | 1.99 |
| 2024-05-21 | 5586.01 | 5536.74 | 5586.01 | 5517.39 | 172959880 | 164385097292 | 1.74 |
| 2024-05-22 | 5532.84 | 5539.66 | 5553.70 | 5508.76 | 168002993 | 159617620664 | 1.69 |
| 2024-05-23 | 5521.18 | 5412.82 | 5521.18 | 5402.00 | 175806710 | 165079443511 | 1.77 |
| 2024-05-24 | 5401.58 | 5350.11 | 5436.81 | 5350.11 | 151050114 | 144589510290 | 1.52 |
| 2024-05-27 | 5358.08 | 5404.62 | 5404.62 | 5295.09 | 151409114 | 145062270806 | 1.52 |
| 2024-05-28 | 5390.40 | 5348.03 | 5414.98 | 5343.83 | 148458050 | 142242447962 | 1.49 |
| 2024-05-29 | 5336.70 | 5351.25 | 5386.78 | 5324.69 | 142698663 | 131551463739 | 1.44 |
| 2024-05-30 | 5334.80 | 5334.30 | 5371.81 | 5311.44 | 141323171 | 133560052962 | 1.42 |
| 2024-05-31 | 5334.10 | 5355.21 | 5381.72 | 5334.10 | 136735137 | 133719611673 | 1.38 |
| 2024-06-03 | 5350.64 | 5284.62 | 5351.25 | 5246.17 | 163388152 | 156847760735 | 1.64 |
| 2024-06-04 | 5267.36 | 5313.71 | 5319.71 | 5229.68 | 145127777 | 138133314033 | 1.46 |
| 2024-06-05 | 5294.30 | 5244.09 | 5330.80 | 5244.09 | 132143504 | 129081217483 | 1.33 |
| 2024-06-06 | 5249.95 | 5130.87 | 5275.89 | 5113.21 | 169793255 | 159189463760 | 1.71 |
| 2024-06-07 | 5159.17 | 5153.59 | 5190.00 | 5096.08 | 130320202 | 127151511672 | 1.31 |
| 2024-06-11 | 5132.22 | 5198.92 | 5208.18 | 5086.86 | 128533904 | 130922333475 | 1.29 |
| 2024-06-12 | 5188.36 | 5216.46 | 5231.47 | 5186.61 | 121650752 | 125294312044 | 1.22 |
| 2024-06-13 | 5214.41 | 5180.24 | 5219.71 | 5170.17 | 131172507 | 138017519920 | 1.32 |
| 2024-06-14 | 5164.87 | 5180.65 | 5190.71 | 5138.36 | 139132978 | 147939037919 | 1.40 |
| 2024-06-17 | 5158.98 | 5183.97 | 5211.39 | 5151.28 | 124616372 | 140185484942 | 1.25 |
| 2024-06-18 | 5183.27 | 5227.25 | 5237.82 | 5177.28 | 135460663 | 139816865554 | 1.36 |
| 2024-06-19 | 5230.49 | 5159.99 | 5241.97 | 5159.99 | 125806229 | 137697257826 | 1.27 |
| 2024-06-20 | 5150.80 | 5056.14 | 5174.87 | 5052.89 | 141500845 | 145161795220 | 1.42 |
| 2024-06-21 | 5040.63 | 5055.33 | 5090.57 | 5014.48 | 111201689 | 113314006073 | 1.12 |
| 2024-06-24 | 5025.52 | 4887.78 | 5029.73 | 4884.50 | 128915163 | 133643136633 | 1.30 |
| 2024-06-25 | 4885.89 | 4847.61 | 4907.96 | 4814.68 | 112593300 | 116321034875 | 1.13 |
| 2024-06-26 | 4842.00 | 4986.38 | 4988.31 | 4812.10 | 138027529 | 125780748746 | 1.39 |
| 2024-06-27 | 4964.66 | 4864.09 | 4969.09 | 4862.63 | 121642911 | 114644913464 | 1.22 |
| 2024-06-28 | 4855.35 | 4895.99 | 4968.27 | 4851.84 | 134567796 | 129940344766 | 1.35 |
| 2024-07-01 | 4894.56 | 4940.25 | 4954.18 | 4839.75 | 129219325 | 123312519185 | 1.30 |
| 2024-07-02 | 4940.70 | 4905.65 | 4951.20 | 4886.70 | 118827986 | 116969050568 | 1.20 |
| 2024-07-03 | 4900.67 | 4867.13 | 4906.51 | 4857.78 | 102300301 | 103816042643 | 1.03 |
| 2024-07-04 | 4868.55 | 4761.87 | 4883.74 | 4745.91 | 121202257 | 107066707375 | 1.22 |
| 2024-07-05 | 4753.73 | 4810.79 | 4828.84 | 4711.87 | 110602467 | 100918951124 | 1.11 |
| 2024-07-08 | 4801.49 | 4693.96 | 4801.49 | 4679.28 | 123548775 | 109218205976 | 1.24 |
| 2024-07-09 | 4689.27 | 4797.06 | 4810.32 | 4645.20 | 148511187 | 139660896310 | 1.49 |
| 2024-07-10 | 4783.17 | 4777.68 | 4829.21 | 4768.12 | 138401543 | 133173779703 | 1.39 |
| 2024-07-11 | 4846.11 | 4893.59 | 4896.15 | 4821.41 | 153190469 | 152871133831 | 1.54 |
| 2024-07-12 | 4884.41 | 4878.02 | 4897.17 | 4858.30 | 130854179 | 126357791679 | 1.32 |
| 2024-07-15 | 4869.00 | 4827.60 | 4869.00 | 4815.41 | 126413017 | 116891290149 | 1.27 |
| 2024-07-16 | 4815.74 | 4836.72 | 4845.35 | 4786.21 | 120891502 | 119708973121 | 1.22 |
| 2024-07-17 | 4834.44 | 4795.62 | 4842.72 | 4786.35 | 120425116 | 121445754616 | 1.21 |
| 2024-07-18 | 4763.30 | 4812.43 | 4822.62 | 4714.60 | 121727781 | 126287644105 | 1.23 |
| 2024-07-19 | 4788.77 | 4821.42 | 4854.71 | 4778.71 | 112647955 | 120485073178 | 1.13 |
| 2024-07-22 | 4822.64 | 4826.87 | 4848.31 | 4798.12 | 110732121 | 117656274045 | 1.11 |
| 2024-07-23 | 4825.75 | 4694.95 | 4825.75 | 4694.95 | 120495201 | 121481765802 | 1.21 |
| 2024-07-24 | 4682.06 | 4631.01 | 4713.07 | 4625.42 | 121091980 | 118860085095 | 1.22 |
| 2024-07-25 | 4602.63 | 4632.57 | 4678.66 | 4587.71 | 108530458 | 105862951893 | 1.09 |
| 2024-07-26 | 4638.31 | 4702.08 | 4710.57 | 4638.31 | 110691033 | 108478164451 | 1.11 |
| 2024-07-29 | 4707.28 | 4685.65 | 4707.28 | 4670.80 | 109319605 | 108822856000 | 1.10 |
| 2024-07-30 | 4674.92 | 4702.49 | 4716.21 | 4637.41 | 112315594 | 112127735536 | 1.13 |
| 2024-07-31 | 4698.73 | 4889.08 | 4889.77 | 4690.00 | 173761942 | 168965970522 | 1.75 |
| 2024-08-01 | 4894.81 | 4878.29 | 4933.06 | 4850.63 | 146421421 | 150211396563 | 1.47 |
| 2024-08-02 | 4844.78 | 4809.89 | 4902.94 | 4802.02 | 137989767 | 141716564225 | 1.39 |
| 2024-08-05 | 4776.18 | 4678.78 | 4854.59 | 4678.74 | 152847485 | 147489789943 | 1.54 |
| 2024-08-06 | 4731.20 | 4749.95 | 4766.27 | 4695.64 | 127097641 | 119128621768 | 1.28 |
| 2024-08-07 | 4741.65 | 4743.41 | 4772.21 | 4715.53 | 112619284 | 108823999546 | 1.13 |
| 2024-08-08 | 4728.33 | 4739.49 | 4776.49 | 4677.43 | 126746572 | 118155007292 | 1.28 |
| 2024-08-09 | 4760.13 | 4702.75 | 4789.17 | 4702.75 | 115665338 | 101903629130 | 1.16 |
| 2024-08-12 | 4696.36 | 4674.10 | 4707.22 | 4657.33 | 107665245 | 93579528557 | 1.08 |
| 2024-08-13 | 4671.20 | 4697.59 | 4698.34 | 4642.67 | 100207248 | 89086385468 | 1.01 |
| 2024-08-14 | 4698.00 | 4649.28 | 4698.15 | 4649.28 | 99911373 | 88773228422 | 1.01 |
| 2024-08-15 | 4639.08 | 4691.85 | 4743.73 | 4620.56 | 129900650 | 111783008443 | 1.31 |
| 2024-08-16 | 4696.72 | 4655.65 | 4703.03 | 4654.46 | 122612541 | 108413620564 | 1.23 |
| 2024-08-19 | 4651.30 | 4663.61 | 4714.06 | 4644.60 | 119942244 | 104904645646 | 1.21 |
| 2024-08-20 | 4663.78 | 4579.30 | 4665.63 | 4563.86 | 129979655 | 107871967950 | 1.31 |
| 2024-08-21 | 4564.38 | 4548.26 | 4590.20 | 4543.88 | 108164315 | 92275965567 | 1.09 |
| 2024-08-22 | 4549.30 | 4491.84 | 4562.98 | 4484.56 | 113469330 | 97994054398 | 1.14 |
| 2024-08-23 | 4482.65 | 4495.34 | 4510.60 | 4462.76 | 110254720 | 94849186101 | 1.11 |
| 2024-08-26 | 4492.71 | 4512.89 | 4531.17 | 4476.24 | 112271843 | 97519324794 | 1.13 |
| 2024-08-27 | 4500.74 | 4459.68 | 4501.08 | 4449.21 | 113939520 | 100126840568 | 1.15 |
| 2024-08-28 | 4449.71 | 4470.55 | 4506.31 | 4437.52 | 107903177 | 92367714621 | 1.09 |
| 2024-08-29 | 4453.43 | 4542.46 | 4558.95 | 4443.90 | 129788753 | 118136327342 | 1.31 |
| 2024-08-30 | 4539.93 | 4629.32 | 4691.01 | 4534.04 | 177838616 | 163027974058 | 1.79 |
| 2024-09-02 | 4627.18 | 4532.51 | 4635.77 | 4529.83 | 155927274 | 139933704119 | 1.57 |
| 2024-09-03 | 4529.94 | 4572.40 | 4598.63 | 4529.94 | 128952462 | 116579546737 | 1.30 |
| 2024-09-04 | 4542.90 | 4550.77 | 4594.44 | 4529.34 | 122871657 | 113470304818 | 1.24 |
| 2024-09-05 | 4554.52 | 4586.78 | 4614.75 | 4554.52 | 121209194 | 108293303464 | 1.22 |
| 2024-09-06 | 4588.93 | 4508.23 | 4595.70 | 4506.39 | 127217733 | 115580272235 | 1.28 |
| 2024-09-09 | 4490.99 | 4475.53 | 4523.37 | 4459.13 | 113284927 | 100227926911 | 1.14 |
| 2024-09-10 | 4481.49 | 4487.58 | 4507.15 | 4400.78 | 132351585 | 114554770063 | 1.33 |
| 2024-09-11 | 4469.01 | 4486.01 | 4500.68 | 4453.20 | 113953972 | 101974619541 | 1.15 |
| 2024-09-12 | 4490.52 | 4468.74 | 4542.28 | 4468.74 | 118731187 | 106135757550 | 1.20 |
| 2024-09-13 | 4471.98 | 4413.19 | 4478.22 | 4413.19 | 116827287 | 102975444046 | 1.18 |
| 2024-09-18 | 4413.90 | 4399.13 | 4425.79 | 4342.21 | 113552078 | 94168113828 | 1.14 |
| 2024-09-19 | 4418.78 | 4482.27 | 4527.61 | 4385.49 | 145747160 | 122312275719 | 1.47 |
| 2024-09-20 | 4484.18 | 4463.36 | 4487.08 | 4428.17 | 127480177 | 110050423362 | 1.28 |
| 2024-09-23 | 4462.72 | 4469.13 | 4513.97 | 4445.99 | 124945066 | 113678187175 | 1.26 |
| 2024-09-24 | 4489.49 | 4642.56 | 4642.56 | 4466.34 | 215782531 | 186154173396 | 2.17 |
| 2024-09-25 | 4688.39 | 4686.26 | 4799.86 | 4681.85 | 264240731 | 228396448070 | 2.66 |
| 2024-09-26 | 4675.94 | 4874.13 | 4874.13 | 4672.87 | 253977829 | 222158651467 | 2.56 |
| 2024-09-27 | 4950.94 | 5136.44 | 5164.54 | 4944.84 | 290681694 | 277755801270 | 2.93 |
| 2024-09-30 | 5375.57 | 5708.83 | 5732.57 | 5307.55 | 471432852 | 484582504081 | 4.75 |
| 2024-10-08 | 6437.11 | 6201.99 | 6437.11 | 5861.32 | 550590792 | 637520550865 | 5.54 |
| 2024-10-09 | 6052.67 | 5727.38 | 6105.03 | 5706.05 | 458094212 | 561178624982 | 4.61 |
| 2024-10-10 | 5777.90 | 5654.53 | 5881.33 | 5593.98 | 349628012 | 422832925091 | 3.52 |
| 2024-10-11 | 5610.95 | 5416.76 | 5616.81 | 5349.32 | 279992646 | 325513950177 | 2.82 |
| 2024-10-14 | 5451.62 | 5615.76 | 5620.42 | 5346.42 | 281144405 | 332914366924 | 2.83 |
| 2024-10-15 | 5585.69 | 5507.18 | 5704.56 | 5505.81 | 297517095 | 380974458308 | 2.99 |
| 2024-10-16 | 5425.43 | 5524.25 | 5598.84 | 5424.39 | 248520319 | 306601622534 | 2.50 |
| 2024-10-17 | 5563.46 | 5505.61 | 5624.79 | 5504.49 | 276397486 | 351913540302 | 2.78 |
| 2024-10-18 | 5495.20 | 5749.43 | 5880.90 | 5484.24 | 359719039 | 468006517576 | 3.62 |
| 2024-10-21 | 5797.00 | 5860.57 | 5954.44 | 5767.79 | 355061095 | 496180057607 | 3.57 |
| 2024-10-22 | 5866.79 | 5888.81 | 5940.37 | 5814.30 | 347298628 | 466594853551 | 3.50 |
| 2024-10-23 | 5871.32 | 5903.58 | 5991.59 | 5856.37 | 333753772 | 435103067665 | 3.36 |
| 2024-10-24 | 5871.29 | 5861.63 | 5887.45 | 5817.93 | 264149476 | 352283289321 | 2.66 |
| 2024-10-25 | 5876.44 | 5974.91 | 6014.11 | 5876.21 | 306820665 | 394949027911 | 3.09 |
| 2024-10-28 | 5988.72 | 6082.09 | 6082.09 | 5965.00 | 326722938 | 408798512149 | 3.29 |
| 2024-10-29 | 6106.19 | 5983.84 | 6113.64 | 5982.53 | 369325299 | 475114148306 | 3.72 |
| 2024-10-30 | 5960.79 | 6019.35 | 6043.59 | 5945.68 | 324380186 | 416947148542 | 3.27 |
| 2024-10-31 | 6041.01 | 6116.66 | 6161.56 | 6004.71 | 386119485 | 507595177939 | 3.89 |
| 2024-11-01 | 6100.79 | 5930.23 | 6125.41 | 5912.53 | 409338276 | 511368123627 | 4.12 |
| 2024-11-04 | 5912.31 | 6053.11 | 6053.11 | 5912.31 | 295637147 | 378246863910 | 2.98 |
| 2024-11-05 | 6057.21 | 6266.54 | 6279.92 | 6051.46 | 390142531 | 511248826464 | 3.93 |
| 2024-11-06 | 6287.29 | 6293.19 | 6368.87 | 6247.15 | 424250101 | 551410098216 | 4.27 |
| 2024-11-07 | 6238.62 | 6403.92 | 6403.92 | 6229.49 | 408571652 | 498495772936 | 4.11 |
| 2024-11-08 | 6470.07 | 6423.12 | 6526.65 | 6400.09 | 451796308 | 570702092922 | 4.55 |
| 2024-11-11 | 6416.17 | 6579.01 | 6580.57 | 6412.58 | 402436255 | 551137709953 | 4.05 |
| 2024-11-12 | 6593.82 | 6491.97 | 6616.16 | 6429.35 | 400715244 | 547396142340 | 4.03 |
| 2024-11-13 | 6453.86 | 6474.39 | 6512.60 | 6357.56 | 317485928 | 420386937349 | 3.20 |
| 2024-11-14 | 6462.01 | 6272.19 | 6472.95 | 6263.31 | 294794718 | 387867737326 | 2.97 |
| 2024-11-15 | 6246.34 | 6125.51 | 6331.87 | 6124.66 | 295191634 | 383424106209 | 2.97 |
| 2024-11-18 | 6154.51 | 5974.56 | 6180.88 | 5937.09 | 322672608 | 374007994760 | 3.25 |
| 2024-11-19 | 5977.84 | 6130.28 | 6130.50 | 5945.46 | 273167526 | 327924260763 | 2.75 |
| 2024-11-20 | 6116.96 | 6250.80 | 6262.08 | 6105.22 | 299975821 | 367521344350 | 3.02 |
| 2024-11-21 | 6241.01 | 6262.16 | 6292.86 | 6199.71 | 299655111 | 380712417744 | 3.02 |
| 2024-11-22 | 6240.09 | 6030.49 | 6280.60 | 6030.37 | 342129117 | 415874882244 | 3.44 |
| 2024-11-25 | 6047.94 | 6052.13 | 6076.19 | 5937.91 | 277646776 | 336016461451 | 2.79 |
| 2024-11-26 | 6036.64 | 5981.57 | 6093.37 | 5979.39 | 244404112 | 293810759319 | 2.46 |
| 2024-11-27 | 5942.53 | 6118.66 | 6119.01 | 5857.00 | 290946267 | 337553542213 | 2.93 |
| 2024-11-28 | 6121.68 | 6086.09 | 6170.13 | 6077.60 | 301235560 | 352731886173 | 3.03 |
| 2024-11-29 | 6066.71 | 6189.13 | 6246.20 | 6039.83 | 324762691 | 387695670290 | 3.27 |
| 2024-12-02 | 6188.80 | 6313.61 | 6325.86 | 6188.80 | 354028066 | 408649278002 | 3.56 |
| 2024-12-03 | 6318.97 | 6303.28 | 6342.36 | 6239.44 | 326652363 | 377825590965 | 3.29 |
| 2024-12-04 | 6301.05 | 6204.94 | 6303.50 | 6175.84 | 299202098 | 351416845598 | 3.01 |
| 2024-12-05 | 6186.12 | 6285.60 | 6302.36 | 6186.12 | 288535617 | 340682850435 | 2.90 |
| 2024-12-06 | 6291.30 | 6349.62 | 6384.66 | 6229.21 | 349030963 | 392887681462 | 3.51 |
| 2024-12-09 | 6346.59 | 6303.27 | 6371.10 | 6257.54 | 293773287 | 336347274096 | 2.96 |
| 2024-12-10 | 6493.54 | 6362.02 | 6497.89 | 6352.76 | 374209206 | 453736859985 | 3.77 |
| 2024-12-11 | 6343.78 | 6447.37 | 6454.97 | 6343.78 | 331351956 | 392600350436 | 3.34 |
| 2024-12-12 | 6454.94 | 6490.15 | 6493.71 | 6390.59 | 342326053 | 407629783932 | 3.45 |
| 2024-12-13 | 6447.20 | 6354.99 | 6460.94 | 6351.30 | 361985513 | 430631043519 | 3.64 |
| 2024-12-16 | 6355.63 | 6277.52 | 6367.81 | 6248.16 | 310215173 | 379382275677 | 3.12 |
| 2024-12-17 | 6262.49 | 6143.94 | 6269.14 | 6133.13 | 274793959 | 325036282699 | 2.77 |
| 2024-12-18 | 6156.69 | 6195.87 | 6242.52 | 6121.05 | 248024122 | 310421477632 | 2.50 |
| 2024-12-19 | 6127.22 | 6207.19 | 6223.80 | 6108.39 | 251487924 | 320880949172 | 2.53 |
| 2024-12-20 | 6195.64 | 6271.75 | 6320.96 | 6191.08 | 243659085 | 344655611870 | 2.45 |
| 2024-12-23 | 6271.76 | 6096.38 | 6276.97 | 6086.91 | 258474975 | 333062018485 | 2.60 |
| 2024-12-24 | 6110.77 | 6164.36 | 6165.20 | 6066.23 | 216010918 | 281310588166 | 2.17 |
| 2024-12-25 | 6158.65 | 6094.69 | 6159.60 | 6037.74 | 219027032 | 274581369547 | 2.20 |
| 2024-12-26 | 6083.89 | 6160.45 | 6185.81 | 6083.89 | 206916739 | 280812700395 | 2.08 |
| 2024-12-27 | 6164.67 | 6171.57 | 6250.20 | 6135.48 | 237841554 | 313072970915 | 2.39 |
| 2024-12-30 | 6164.91 | 6145.93 | 6192.58 | 6097.10 | 207712448 | 273573030015 | 2.09 |
| 2024-12-31 | 6151.03 | 5957.72 | 6160.73 | 5957.72 | 237990032 | 296970407969 | 2.40 |
| 2025-01-02 | 5948.68 | 5797.09 | 5982.55 | 5743.18 | 244125606 | 293717954950 | 2.46 |
| 2025-01-03 | 5808.54 | 5625.21 | 5826.08 | 5609.77 | 237093211 | 272348061516 | 2.39 |
| 2025-01-06 | 5614.03 | 5608.03 | 5688.92 | 5561.90 | 203047676 | 234876628473 | 2.04 |
| 2025-01-07 | 5610.95 | 5692.04 | 5694.00 | 5580.89 | 193912450 | 234287089801 | 1.95 |
| 2025-01-08 | 5664.31 | 5661.78 | 5706.66 | 5501.49 | 225800830 | 272083991656 | 2.27 |
| 2025-01-09 | 5629.90 | 5672.78 | 5714.46 | 5629.82 | 193320421 | 248219962749 | 1.95 |
| 2025-01-10 | 5662.77 | 5544.92 | 5718.21 | 5544.92 | 198014877 | 242988533223 | 1.99 |
| 2025-01-13 | 5487.12 | 5559.47 | 5599.33 | 5457.51 | 169309190 | 201644040965 | 1.70 |
| 2025-01-14 | 5580.88 | 5811.05 | 5814.71 | 5562.18 | 235772869 | 291062201267 | 2.37 |
| 2025-01-15 | 5805.90 | 5775.57 | 5815.15 | 5755.62 | 204290325 | 258108817510 | 2.06 |
| 2025-01-16 | 5810.05 | 5801.31 | 5906.47 | 5753.76 | 216373239 | 268024992528 | 2.18 |
| 2025-01-17 | 5780.61 | 5841.57 | 5885.42 | 5755.91 | 196817967 | 252875263542 | 1.98 |
| 2025-01-20 | 5877.97 | 5879.15 | 5925.07 | 5856.83 | 198430783 | 250732032833 | 2.00 |
| 2025-01-21 | 5911.40 | 5908.02 | 5917.13 | 5834.96 | 199127834 | 273060411934 | 2.00 |
| 2025-01-22 | 5879.84 | 5855.74 | 5886.74 | 5824.03 | 180296760 | 245947705315 | 1.81 |
| 2025-01-23 | 5911.22 | 5829.03 | 5991.85 | 5829.03 | 222855753 | 296684961438 | 2.24 |
| 2025-01-24 | 5815.46 | 5938.13 | 5943.11 | 5815.46 | 208090445 | 279147952364 | 2.09 |
| 2025-01-27 | 5946.73 | 5846.07 | 5964.15 | 5846.07 | 188646200 | 253588513600 | 1.90 |
| 2025-02-05 | 5900.51 | 5881.44 | 5928.88 | 5851.60 | 212005310 | 286305599979 | 2.13 |
| 2025-02-06 | 5869.71 | 6041.83 | 6042.02 | 5853.75 | 255998511 | 361378399221 | 2.58 |
| 2025-02-07 | 6046.36 | 6134.05 | 6198.75 | 6042.26 | 323952835 | 447048589278 | 3.26 |
| 2025-02-10 | 6155.05 | 6210.55 | 6218.07 | 6126.08 | 297825932 | 407767222307 | 3.00 |
| 2025-02-11 | 6209.52 | 6190.17 | 6220.96 | 6135.87 | 288271576 | 393173431222 | 2.90 |
| 2025-02-12 | 6172.39 | 6284.61 | 6284.92 | 6171.06 | 281342765 | 392322251371 | 2.83 |
| 2025-02-13 | 6290.79 | 6212.50 | 6290.79 | 6202.59 | 312984935 | 437899818481 | 3.15 |
| 2025-02-14 | 6203.48 | 6248.83 | 6257.31 | 6182.26 | 298005849 | 411860060509 | 3.00 |
| 2025-02-17 | 6285.04 | 6281.57 | 6308.48 | 6231.87 | 323734337 | 458304251931 | 3.26 |
| 2025-02-18 | 6264.28 | 6142.14 | 6282.40 | 6112.59 | 300159330 | 417068621358 | 3.02 |
| 2025-02-19 | 6134.99 | 6288.53 | 6290.01 | 6133.94 | 272920114 | 405139537119 | 2.75 |
| 2025-02-20 | 6289.13 | 6334.41 | 6349.47 | 6274.03 | 288110198 | 424704883960 | 2.90 |
| 2025-02-21 | 6347.67 | 6449.23 | 6456.92 | 6317.09 | 327263771 | 503581232098 | 3.29 |
| 2025-02-24 | 6454.56 | 6464.02 | 6504.40 | 6411.77 | 318461161 | 492113846711 | 3.21 |
| 2025-02-25 | 6369.28 | 6435.43 | 6503.01 | 6359.84 | 295366372 | 464348021188 | 2.97 |
| 2025-02-26 | 6451.40 | 6524.41 | 6527.85 | 6423.60 | 303176413 | 463990773162 | 3.05 |
| 2025-02-27 | 6526.81 | 6499.53 | 6550.10 | 6395.91 | 311964101 | 475356399879 | 3.14 |
| 2025-02-28 | 6460.90 | 6270.42 | 6468.80 | 6252.01 | 295559675 | 433909057525 | 2.98 |
| 2025-03-03 | 6291.05 | 6273.67 | 6382.05 | 6240.57 | 266945412 | 388839572584 | 2.69 |
| 2025-03-04 | 6218.83 | 6357.63 | 6364.12 | 6217.81 | 229548486 | 347694980444 | 2.31 |
| 2025-03-05 | 6365.43 | 6398.24 | 6401.83 | 6318.29 | 238961847 | 359566648067 | 2.41 |
| 2025-03-06 | 6438.16 | 6534.97 | 6548.85 | 6435.54 | 300554770 | 464779819148 | 3.03 |
| 2025-03-07 | 6512.73 | 6507.76 | 6577.95 | 6465.26 | 308888807 | 463226928283 | 3.11 |
| 2025-03-10 | 6519.03 | 6520.97 | 6541.59 | 6466.90 | 256522113 | 374384335128 | 2.58 |
| 2025-03-11 | 6438.24 | 6551.73 | 6551.73 | 6432.76 | 252455216 | 366244090084 | 2.54 |
| 2025-03-12 | 6585.60 | 6566.97 | 6632.39 | 6564.72 | 281705576 | 416300253928 | 2.84 |
| 2025-03-13 | 6558.42 | 6466.85 | 6570.89 | 6405.73 | 266825677 | 384618292918 | 2.69 |
| 2025-03-14 | 6463.92 | 6571.17 | 6575.82 | 6428.22 | 276329994 | 384170674116 | 2.78 |
| 2025-03-17 | 6585.82 | 6589.57 | 6609.89 | 6557.63 | 252080841 | 353560411351 | 2.54 |
| 2025-03-18 | 6605.04 | 6611.93 | 6642.86 | 6581.96 | 234726563 | 344774184043 | 2.36 |
| 2025-03-19 | 6590.56 | 6564.68 | 6598.51 | 6536.72 | 219662999 | 319556371525 | 2.21 |
| 2025-03-20 | 6551.82 | 6535.06 | 6596.27 | 6528.86 | 231907477 | 316002108435 | 2.33 |
| 2025-03-21 | 6507.95 | 6405.61 | 6531.76 | 6389.62 | 256205335 | 330125305370 | 2.58 |
| 2025-03-24 | 6403.57 | 6360.34 | 6412.52 | 6244.87 | 257684583 | 320142693524 | 2.59 |
| 2025-03-25 | 6355.81 | 6310.76 | 6382.19 | 6289.12 | 231663781 | 281993855607 | 2.33 |
| 2025-03-26 | 6297.33 | 6334.91 | 6371.10 | 6297.33 | 206679513 | 248639805634 | 2.08 |
| 2025-03-27 | 6315.10 | 6328.77 | 6394.21 | 6254.89 | 198894704 | 256610200494 | 2.00 |
| 2025-03-28 | 6326.81 | 6268.32 | 6356.80 | 6261.69 | 196553528 | 246785917265 | 1.98 |
| 2025-03-31 | 6229.56 | 6226.65 | 6259.36 | 6143.65 | 207382027 | 267799428240 | 2.09 |
| 2025-04-01 | 6242.07 | 6259.48 | 6300.67 | 6240.20 | 182332217 | 241767488059 | 1.84 |
| 2025-04-02 | 6252.63 | 6277.25 | 6316.64 | 6251.85 | 159266425 | 208427533566 | 1.60 |
| 2025-04-03 | 6208.29 | 6203.26 | 6299.16 | 6168.54 | 183699630 | 238273426168 | 1.85 |
| 2025-04-07 | 5811.54 | 5496.44 | 5905.57 | 5437.45 | 277214829 | 311471174815 | 2.79 |
| 2025-04-08 | 5475.56 | 5530.02 | 5632.64 | 5426.03 | 309701516 | 342259642935 | 3.12 |
| 2025-04-09 | 5439.18 | 5652.33 | 5688.48 | 5224.97 | 305724039 | 342055474011 | 3.08 |
| 2025-04-10 | 5766.51 | 5784.59 | 5883.46 | 5766.41 | 274161849 | 329964030634 | 2.76 |
| 2025-04-11 | 5744.80 | 5862.19 | 5923.14 | 5743.08 | 222139162 | 288233391742 | 2.24 |
| 2025-04-14 | 5933.99 | 5938.53 | 5979.90 | 5914.25 | 216581141 | 272673485154 | 2.18 |
| 2025-04-15 | 5938.57 | 5914.03 | 5949.86 | 5872.29 | 183047848 | 225752074311 | 1.84 |
| 2025-04-16 | 5897.20 | 5835.35 | 5903.12 | 5758.67 | 190423901 | 229430157871 | 1.92 |
| 2025-04-17 | 5802.29 | 5839.56 | 5898.18 | 5801.12 | 173196708 | 212948447362 | 1.74 |
| 2025-04-18 | 5833.11 | 5831.69 | 5855.69 | 5793.79 | 164444603 | 190723835635 | 1.66 |
| 2025-04-21 | 5826.62 | 5952.64 | 5952.72 | 5802.83 | 192711500 | 228800249698 | 1.94 |
| 2025-04-22 | 5947.15 | 5949.31 | 5974.32 | 5923.59 | 206457074 | 246793931979 | 2.08 |
| 2025-04-23 | 5971.47 | 5984.58 | 6013.28 | 5954.03 | 218196156 | 274309975849 | 2.20 |
| 2025-04-24 | 5979.41 | 5920.48 | 5984.37 | 5897.65 | 199796564 | 237867471238 | 2.01 |
| 2025-04-25 | 5927.32 | 5939.50 | 5982.71 | 5901.08 | 198087660 | 234799469589 | 1.99 |
| 2025-04-28 | 5933.42 | 5877.06 | 5939.96 | 5868.87 | 194950891 | 221937583619 | 1.96 |
| 2025-04-29 | 5850.83 | 5903.38 | 5921.56 | 5836.03 | 186023394 | 219411784621 | 1.87 |
| 2025-04-30 | 5907.19 | 5950.12 | 5972.66 | 5907.19 | 195458998 | 241759324241 | 1.97 |
| 2025-05-06 | 5993.33 | 6102.92 | 6102.92 | 5993.33 | 220209623 | 283658443311 | 2.22 |
| 2025-05-07 | 6171.61 | 6111.49 | 6195.14 | 6063.64 | 233922951 | 296522333567 | 2.35 |
| 2025-05-08 | 6093.56 | 6158.08 | 6167.15 | 6087.37 | 203915826 | 262739570040 | 2.05 |
| 2025-05-09 | 6153.53 | 6082.08 | 6153.53 | 6054.93 | 189221287 | 242809574289 | 1.90 |
| 2025-05-12 | 6122.67 | 6167.46 | 6167.46 | 6110.02 | 196847210 | 264308289588 | 1.98 |
| 2025-05-13 | 6219.45 | 6151.01 | 6220.44 | 6141.68 | 203274217 | 263462633901 | 2.05 |
| 2025-05-14 | 6144.25 | 6160.37 | 6199.30 | 6111.11 | 211559083 | 252514241034 | 2.13 |
| 2025-05-15 | 6146.00 | 6057.04 | 6146.00 | 6055.84 | 190523814 | 224907797793 | 1.92 |
| 2025-05-16 | 6042.22 | 6068.12 | 6098.88 | 6042.22 | 176394759 | 206157492558 | 1.78 |
| 2025-05-19 | 6073.20 | 6095.34 | 6100.80 | 6009.95 | 184712990 | 214012637258 | 1.86 |
| 2025-05-20 | 6097.36 | 6146.02 | 6154.95 | 6078.22 | 192957294 | 232587241743 | 1.94 |
| 2025-05-21 | 6137.10 | 6132.18 | 6141.73 | 6109.92 | 196550842 | 234419144815 | 1.98 |
| 2025-05-22 | 6113.21 | 6066.10 | 6146.20 | 6062.59 | 186395737 | 220813672515 | 1.88 |
| 2025-05-23 | 6060.52 | 5989.68 | 6099.23 | 5989.68 | 184923774 | 224806210854 | 1.86 |
| 2025-05-26 | 5991.86 | 6028.79 | 6038.81 | 5981.84 | 155988794 | 191925536269 | 1.57 |
| 2025-05-27 | 6019.54 | 6008.46 | 6023.14 | 5971.35 | 157945758 | 193605916886 | 1.59 |
| 2025-05-28 | 6006.89 | 5984.46 | 6023.82 | 5972.18 | 159105494 | 191732662668 | 1.60 |
| 2025-05-29 | 5980.86 | 6089.58 | 6091.96 | 5980.86 | 189376466 | 232575959070 | 1.91 |
| 2025-05-30 | 6075.45 | 6026.56 | 6075.45 | 6016.89 | 186918671 | 228038836606 | 1.88 |
| 2025-06-03 | 6009.18 | 6070.04 | 6086.62 | 6008.54 | 191764672 | 234296502252 | 1.93 |
| 2025-06-04 | 6067.83 | 6123.17 | 6124.70 | 6067.83 | 186955850 | 232039996402 | 1.88 |
| 2025-06-05 | 6125.89 | 6167.01 | 6174.85 | 6101.85 | 206077919 | 273238606862 | 2.07 |
| 2025-06-06 | 6164.41 | 6152.84 | 6169.57 | 6137.57 | 178339582 | 240362538720 | 1.80 |
| 2025-06-09 | 6161.14 | 6218.96 | 6226.38 | 6158.90 | 193283632 | 255785048702 | 1.95 |
| 2025-06-10 | 6220.04 | 6161.69 | 6220.04 | 6098.09 | 220060485 | 277218151000 | 2.22 |
| 2025-06-11 | 6162.16 | 6186.51 | 6221.20 | 6162.16 | 197643580 | 243671184608 | 1.99 |
| 2025-06-12 | 6171.56 | 6192.22 | 6202.73 | 6151.04 | 197018749 | 250824401494 | 1.98 |
| 2025-06-13 | 6174.43 | 6106.01 | 6183.71 | 6088.57 | 236889547 | 298969326948 | 2.38 |
| 2025-06-16 | 6089.96 | 6147.46 | 6151.51 | 6089.96 | 197310933 | 253087825584 | 1.99 |
| 2025-06-17 | 6153.15 | 6141.47 | 6171.17 | 6120.57 | 208427280 | 260873532301 | 2.10 |
| 2025-06-18 | 6126.18 | 6135.39 | 6143.21 | 6086.69 | 204105755 | 256463608434 | 2.05 |
| 2025-06-19 | 6127.94 | 6048.22 | 6146.64 | 6028.72 | 212217336 | 270827079699 | 2.14 |
| 2025-06-20 | 6039.99 | 5999.59 | 6061.84 | 5997.59 | 180857342 | 226531986435 | 1.82 |
| 2025-06-23 | 5966.50 | 6078.22 | 6083.53 | 5965.66 | 193558490 | 239995084576 | 1.95 |
| 2025-06-24 | 6082.74 | 6194.67 | 6194.67 | 6082.74 | 233453403 | 303658275674 | 2.35 |
| 2025-06-25 | 6196.15 | 6276.16 | 6282.11 | 6194.15 | 247556325 | 334997601176 | 2.49 |
| 2025-06-26 | 6272.44 | 6247.79 | 6310.54 | 6244.78 | 254246495 | 343746329448 | 2.56 |
| 2025-06-27 | 6265.92 | 6276.94 | 6319.16 | 6257.59 | 248563352 | 330455014093 | 2.50 |
| 2025-06-30 | 6297.08 | 6356.18 | 6358.03 | 6292.51 | 237322973 | 336221160415 | 2.39 |
| 2025-07-01 | 6358.06 | 6373.77 | 6373.77 | 6308.06 | 243537330 | 334302458347 | 2.45 |
| 2025-07-02 | 6358.87 | 6309.48 | 6358.87 | 6285.00 | 238580903 | 296643998872 | 2.40 |
| 2025-07-03 | 6306.75 | 6342.64 | 6349.14 | 6295.23 | 213980765 | 270492479385 | 2.15 |
| 2025-07-04 | 6338.56 | 6312.20 | 6375.07 | 6292.14 | 238133210 | 304676921481 | 2.40 |
| 2025-07-07 | 6305.04 | 6327.14 | 6333.51 | 6303.86 | 210477361 | 264834579255 | 2.12 |
| 2025-07-08 | 6321.55 | 6407.70 | 6408.11 | 6318.52 | 235125583 | 306816858617 | 2.37 |
| 2025-07-09 | 6412.14 | 6390.47 | 6431.09 | 6375.08 | 236175589 | 303195813289 | 2.38 |
| 2025-07-10 | 6385.21 | 6406.57 | 6427.74 | 6367.66 | 240183380 | 296726316908 | 2.42 |
| 2025-07-11 | 6411.31 | 6461.10 | 6487.44 | 6388.40 | 282561283 | 352065982159 | 2.84 |
| 2025-07-14 | 6465.51 | 6462.31 | 6474.93 | 6443.56 | 242057801 | 302637448819 | 2.44 |
| 2025-07-15 | 6452.00 | 6442.83 | 6472.53 | 6381.56 | 269869411 | 347377816360 | 2.72 |
| 2025-07-16 | 6440.52 | 6462.06 | 6487.83 | 6433.51 | 220230024 | 306082808217 | 2.22 |
| 2025-07-17 | 6458.41 | 6535.67 | 6535.67 | 6451.15 | 227831646 | 325983691186 | 2.29 |
| 2025-07-18 | 6546.36 | 6552.07 | 6563.82 | 6521.50 | 234461713 | 330217284922 | 2.36 |
| 2025-07-21 | 6557.25 | 6612.26 | 6614.61 | 6555.04 | 276591552 | 359907688649 | 2.78 |
| 2025-07-22 | 6607.83 | 6637.10 | 6642.24 | 6597.05 | 301659994 | 395915308554 | 3.04 |
| 2025-07-23 | 6634.12 | 6607.22 | 6667.86 | 6594.48 | 294109275 | 378330158759 | 2.96 |
| 2025-07-24 | 6602.17 | 6701.12 | 6701.12 | 6602.17 | 285418219 | 374405610913 | 2.87 |
| 2025-07-25 | 6708.08 | 6706.61 | 6716.70 | 6674.54 | 264004798 | 363139664174 | 2.66 |
| 2025-07-28 | 6713.82 | 6729.98 | 6736.08 | 6679.21 | 252742904 | 359575849641 | 2.54 |
| 2025-07-29 | 6724.32 | 6773.88 | 6773.88 | 6684.16 | 259261236 | 383703631544 | 2.61 |
| 2025-07-30 | 6758.33 | 6718.48 | 6770.88 | 6662.91 | 268179559 | 392675091206 | 2.70 |
| 2025-07-31 | 6701.16 | 6661.19 | 6750.08 | 6639.12 | 270138677 | 401821827245 | 2.72 |
| 2025-08-01 | 6665.64 | 6670.47 | 6702.68 | 6625.93 | 232484670 | 349070970147 | 2.34 |
| 2025-08-04 | 6637.84 | 6739.69 | 6739.73 | 6631.12 | 213491525 | 329554815219 | 2.15 |
| 2025-08-05 | 6753.53 | 6787.48 | 6787.48 | 6744.07 | 223724677 | 348578384503 | 2.25 |
| 2025-08-06 | 6784.17 | 6861.31 | 6865.02 | 6774.03 | 258133888 | 399056054134 | 2.60 |
| 2025-08-07 | 6864.45 | 6862.15 | 6876.50 | 6813.77 | 261389600 | 411411186262 | 2.63 |
| 2025-08-08 | 6844.44 | 6838.13 | 6865.84 | 6816.09 | 251465671 | 381544614397 | 2.53 |
| 2025-08-11 | 6850.57 | 6943.94 | 6957.40 | 6850.57 | 260970241 | 401163366844 | 2.63 |
| 2025-08-12 | 6943.67 | 6963.61 | 6963.80 | 6894.85 | 260489869 | 409922645284 | 2.62 |
| 2025-08-13 | 6966.27 | 7064.33 | 7070.50 | 6966.27 | 294653874 | 471479346409 | 2.97 |
| 2025-08-14 | 7072.90 | 6976.49 | 7077.81 | 6957.40 | 317272936 | 513604373009 | 3.19 |
| 2025-08-15 | 6956.51 | 7117.50 | 7117.51 | 6956.51 | 304005226 | 492508504867 | 3.06 |
| 2025-08-18 | 7158.53 | 7237.60 | 7267.98 | 7143.07 | 379831263 | 606867233382 | 3.82 |
| 2025-08-19 | 7231.93 | 7242.85 | 7289.03 | 7193.59 | 340879045 | 558781044092 | 3.43 |
| 2025-08-20 | 7212.97 | 7305.46 | 7305.46 | 7166.99 | 324751503 | 517521411018 | 3.27 |
| 2025-08-21 | 7318.76 | 7253.34 | 7343.17 | 7215.34 | 326822891 | 516507411053 | 3.29 |
| 2025-08-22 | 7250.19 | 7362.94 | 7362.94 | 7250.19 | 326807492 | 527766039448 | 3.29 |
| 2025-08-25 | 7418.35 | 7477.73 | 7504.01 | 7405.94 | 408457655 | 660911467974 | 4.11 |
| 2025-08-26 | 7457.77 | 7476.47 | 7526.17 | 7435.30 | 363684661 | 573343123464 | 3.66 |
| 2025-08-27 | 7488.93 | 7336.50 | 7565.35 | 7336.50 | 416759265 | 672784131894 | 4.20 |
| 2025-08-28 | 7331.19 | 7447.11 | 7447.11 | 7216.77 | 381466435 | 631711691476 | 3.84 |
| 2025-08-29 | 7449.86 | 7438.68 | 7477.20 | 7380.83 | 327640881 | 565058625663 | 3.30 |
| 2025-09-01 | 7475.00 | 7501.15 | 7502.59 | 7424.34 | 324220712 | 564568450679 | 3.26 |
| 2025-09-02 | 7498.44 | 7313.88 | 7499.60 | 7258.59 | 350435853 | 598514462450 | 3.53 |
| 2025-09-03 | 7336.39 | 7206.88 | 7361.03 | 7182.29 | 290288568 | 486667166563 | 2.92 |
| 2025-09-04 | 7214.72 | 7041.15 | 7255.00 | 6939.66 | 297622754 | 488595037929 | 3.00 |
| 2025-09-05 | 7046.96 | 7245.67 | 7248.58 | 7017.95 | 282765931 | 458842754388 | 2.85 |
| 2025-09-08 | 7257.33 | 7311.03 | 7321.16 | 7220.59 | 307813289 | 495541349344 | 3.10 |
| 2025-09-09 | 7287.40 | 7226.03 | 7315.97 | 7198.32 | 282443061 | 431928802540 | 2.84 |
| 2025-09-10 | 7214.23 | 7230.17 | 7296.00 | 7179.76 | 252674158 | 396104754790 | 2.54 |
| 2025-09-11 | 7215.93 | 7399.89 | 7399.89 | 7161.28 | 293975142 | 486236595200 | 2.96 |
| 2025-09-12 | 7402.42 | 7422.88 | 7472.87 | 7387.59 | 315838793 | 508828451805 | 3.18 |
| 2025-09-15 | 7445.50 | 7415.57 | 7454.30 | 7404.50 | 301307761 | 475104705372 | 3.03 |
| 2025-09-16 | 7426.41 | 7483.63 | 7487.07 | 7364.73 | 309010590 | 474734476790 | 3.11 |
| 2025-09-17 | 7478.41 | 7554.81 | 7564.82 | 7461.41 | 301706485 | 493296275783 | 3.04 |
| 2025-09-18 | 7552.23 | 7476.40 | 7665.97 | 7393.18 | 398600102 | 654022739891 | 4.01 |
| 2025-09-19 | 7473.02 | 7438.19 | 7520.92 | 7405.29 | 295895870 | 483203148485 | 2.98 |
| 2025-09-22 | 7457.89 | 7489.48 | 7489.48 | 7418.46 | 270362602 | 440515484560 | 2.72 |
| 2025-09-23 | 7500.62 | 7408.07 | 7504.23 | 7261.67 | 313260280 | 503959593112 | 3.15 |
| 2025-09-24 | 7375.91 | 7534.22 | 7534.22 | 7342.47 | 278912761 | 494397619556 | 2.81 |
| 2025-09-25 | 7521.32 | 7506.51 | 7563.08 | 7487.12 | 264403712 | 464745025579 | 2.66 |
| 2025-09-26 | 7476.94 | 7397.59 | 7516.11 | 7396.58 | 258750259 | 436863300986 | 2.60 |
| 2025-09-29 | 7415.13 | 7497.83 | 7517.12 | 7376.91 | 258680184 | 419534690314 | 2.60 |
| 2025-09-30 | 7525.62 | 7574.96 | 7592.91 | 7524.92 | 255173785 | 442639611194 | 2.57 |
| 2025-10-09 | 7623.30 | 7648.05 | 7671.17 | 7590.47 | 303491380 | 530500291415 | 3.05 |
| 2025-10-10 | 7608.29 | 7533.82 | 7621.98 | 7513.17 | 290429922 | 485703734784 | 2.92 |
| 2025-10-13 | 7250.58 | 7519.76 | 7535.21 | 7250.58 | 288400411 | 470990827392 | 2.90 |
| 2025-10-14 | 7580.39 | 7373.15 | 7611.83 | 7342.60 | 304412013 | 506690155149 | 3.06 |
| 2025-10-15 | 7384.01 | 7483.45 | 7484.05 | 7315.48 | 244853965 | 403797525524 | 2.46 |
| 2025-10-16 | 7460.76 | 7401.84 | 7472.75 | 7378.30 | 234643070 | 374296521876 | 2.36 |
| 2025-10-17 | 7395.87 | 7185.48 | 7426.21 | 7176.96 | 254327325 | 383875372638 | 2.56 |
| 2025-10-20 | 7259.49 | 7239.18 | 7301.99 | 7196.28 | 218579676 | 328445222617 | 2.20 |
| 2025-10-21 | 7257.11 | 7344.05 | 7350.92 | 7236.63 | 237250165 | 348158794787 | 2.39 |
| 2025-10-22 | 7304.96 | 7312.21 | 7349.80 | 7278.71 | 227324503 | 332181328131 | 2.29 |
| 2025-10-23 | 7292.39 | 7308.10 | 7319.55 | 7192.42 | 231568976 | 328574781927 | 2.33 |
| 2025-10-24 | 7340.67 | 7419.24 | 7419.41 | 7340.67 | 245559953 | 397473067376 | 2.47 |
| 2025-10-27 | 7483.30 | 7495.38 | 7511.41 | 7430.62 | 265344749 | 458169856648 | 2.67 |
| 2025-10-28 | 7462.91 | 7479.22 | 7534.05 | 7443.70 | 251804249 | 431016068636 | 2.53 |
| 2025-10-29 | 7481.24 | 7569.12 | 7569.12 | 7469.07 | 265846129 | 439161754319 | 2.68 |
| 2025-10-30 | 7560.60 | 7485.08 | 7569.16 | 7476.70 | 297385269 | 478507155180 | 2.99 |
| 2025-10-31 | 7480.66 | 7506.67 | 7583.03 | 7480.66 | 299745206 | 475587998228 | 3.02 |
| 2025-11-03 | 7507.37 | 7538.12 | 7539.33 | 7417.27 | 278241705 | 432422773380 | 2.80 |
| 2025-11-04 | 7523.64 | 7435.73 | 7523.64 | 7387.38 | 251677413 | 381678891759 | 2.53 |
| 2025-11-05 | 7332.10 | 7464.86 | 7490.90 | 7332.10 | 258548178 | 373351692088 | 2.60 |
| 2025-11-06 | 7482.91 | 7551.83 | 7551.83 | 7466.75 | 263612959 | 405168970723 | 2.65 |
| 2025-11-07 | 7519.75 | 7541.88 | 7581.56 | 7492.93 | 267888664 | 419611056738 | 2.70 |
| 2025-11-10 | 7568.75 | 7563.25 | 7592.76 | 7515.68 | 274361317 | 433797531457 | 2.76 |
| 2025-11-11 | 7579.91 | 7540.79 | 7598.99 | 7530.14 | 265250731 | 404867228036 | 2.67 |
| 2025-11-12 | 7520.18 | 7486.38 | 7537.76 | 7421.46 | 266963363 | 390482493659 | 2.69 |
| 2025-11-13 | 7483.66 | 7590.58 | 7604.89 | 7475.51 | 275636073 | 420596449342 | 2.77 |
| 2025-11-14 | 7527.83 | 7502.76 | 7591.32 | 7502.76 | 271972783 | 406292990194 | 2.74 |
| 2025-11-17 | 7514.84 | 7523.08 | 7544.72 | 7487.81 | 261156118 | 391318349646 | 2.63 |
| 2025-11-18 | 7508.53 | 7448.10 | 7521.66 | 7412.28 | 277480409 | 418065487002 | 2.79 |
| 2025-11-19 | 7438.14 | 7387.21 | 7471.73 | 7348.04 | 238393820 | 367172563738 | 2.40 |
| 2025-11-20 | 7429.70 | 7340.41 | 7439.04 | 7332.32 | 227536090 | 356711968727 | 2.29 |
| 2025-11-21 | 7235.33 | 7067.70 | 7274.33 | 7067.70 | 284800690 | 408671897438 | 2.87 |
| 2025-11-24 | 7105.64 | 7156.41 | 7190.72 | 7064.60 | 240655062 | 368993404400 | 2.42 |
| 2025-11-25 | 7195.10 | 7249.95 | 7311.73 | 7194.77 | 245429429 | 404174105411 | 2.47 |
| 2025-11-26 | 7236.66 | 7248.45 | 7307.20 | 7225.09 | 231776824 | 376963938111 | 2.33 |
| 2025-11-27 | 7243.71 | 7257.45 | 7330.60 | 7243.71 | 211277412 | 365625943247 | 2.13 |
| 2025-11-28 | 7257.17 | 7334.21 | 7334.21 | 7239.85 | 200680508 | 342185224996 | 2.02 |
| 2025-12-01 | 7356.51 | 7386.68 | 7388.62 | 7342.60 | 234411583 | 392320297532 | 2.36 |
| 2025-12-02 | 7364.20 | 7313.18 | 7364.20 | 7299.27 | 200512477 | 320218841083 | 2.02 |
| 2025-12-03 | 7312.67 | 7248.27 | 7324.21 | 7220.98 | 214633400 | 335034477208 | 2.16 |
| 2025-12-04 | 7246.86 | 7248.66 | 7269.90 | 7185.91 | 194839254 | 311315804960 | 1.96 |
| 2025-12-05 | 7244.28 | 7342.49 | 7347.00 | 7194.66 | 215727663 | 352805657180 | 2.17 |
| 2025-12-08 | 7359.49 | 7423.05 | 7446.19 | 7359.49 | 240918995 | 418474779432 | 2.43 |
| 2025-12-09 | 7400.93 | 7380.58 | 7439.55 | 7370.30 | 228491428 | 392312852126 | 2.30 |
| 2025-12-10 | 7367.49 | 7408.24 | 7421.42 | 7332.05 | 215611134 | 360245249692 | 2.17 |
| 2025-12-11 | 7421.79 | 7312.00 | 7425.44 | 7312.00 | 234020873 | 381933822513 | 2.36 |
| 2025-12-12 | 7312.87 | 7370.94 | 7384.85 | 7284.56 | 243525183 | 422779414911 | 2.45 |
| 2025-12-15 | 7324.48 | 7309.08 | 7375.61 | 7305.83 | 220957697 | 372658890926 | 2.22 |
| 2025-12-16 | 7302.16 | 7181.62 | 7302.16 | 7143.61 | 230526007 | 361621759667 | 2.32 |
| 2025-12-17 | 7178.31 | 7288.74 | 7303.38 | 7149.02 | 220498775 | 366263786190 | 2.22 |
| 2025-12-18 | 7244.64 | 7272.40 | 7336.73 | 7241.86 | 200044662 | 348983557161 | 2.01 |
| 2025-12-19 | 7295.67 | 7329.81 | 7357.04 | 7279.99 | 219205547 | 362345403570 | 2.21 |
| 2025-12-22 | 7363.06 | 7408.35 | 7433.43 | 7363.06 | 221601886 | 381186010910 | 2.23 |
| 2025-12-23 | 7410.22 | 7392.42 | 7441.41 | 7363.93 | 224288566 | 397181525762 | 2.26 |
| 2025-12-24 | 7391.56 | 7506.38 | 7513.25 | 7386.49 | 217961455 | 406286039967 | 2.19 |
| 2025-12-25 | 7507.30 | 7579.38 | 7591.78 | 7502.15 | 228744917 | 434419255593 | 2.30 |
| 2025-12-26 | 7575.93 | 7605.53 | 7644.84 | 7550.01 | 266261611 | 473665628418 | 2.68 |
| 2025-12-29 | 7606.44 | 7594.16 | 7637.91 | 7574.77 | 264064796 | 466873470412 | 2.66 |
| 2025-12-30 | 7556.54 | 7597.30 | 7636.15 | 7552.40 | 263331874 | 468024130591 | 2.65 |
| 2025-12-31 | 7606.65 | 7595.28 | 7619.22 | 7560.72 | 244549231 | 440672066748 | 2.46 |
| 2026-01-05 | 7639.54 | 7753.88 | 7753.96 | 7623.75 | 305374726 | 542230841526 | 3.07 |
| 2026-01-06 | 7756.16 | 7864.90 | 7864.90 | 7755.07 | 331162034 | 580815076334 | 3.33 |
| 2026-01-07 | 7881.84 | 7906.42 | 7939.75 | 7864.14 | 318734367 | 617917011025 | 3.21 |
| 2026-01-08 | 7886.81 | 7971.59 | 7993.63 | 7886.63 | 325563908 | 605389117079 | 3.28 |
| 2026-01-09 | 7969.19 | 8129.18 | 8131.49 | 7969.19 | 381043869 | 705322959792 | 3.84 |
| 2026-01-12 | 8196.09 | 8357.01 | 8371.75 | 8171.11 | 447228954 | 827564717481 | 4.50 |
| 2026-01-13 | 8381.04 | 8203.13 | 8381.04 | 8177.63 | 454444503 | 824652003314 | 4.57 |
| 2026-01-14 | 8204.28 | 8257.17 | 8415.10 | 8154.24 | 489798359 | 884281078762 | 4.93 |
| 2026-01-15 | 8197.06 | 8240.78 | 8267.81 | 8151.11 | 353357708 | 638659733156 | 3.56 |
| 2026-01-16 | 8276.61 | 8232.73 | 8304.40 | 8180.12 | 352539405 | 633410677297 | 3.55 |
| 2026-01-19 | 8204.63 | 8265.65 | 8298.48 | 8187.94 | 326691149 | 581675794396 | 3.29 |
| 2026-01-20 | 8271.78 | 8182.75 | 8300.05 | 8104.92 | 336689134 | 579037016861 | 3.39 |
| 2026-01-21 | 8138.68 | 8247.68 | 8289.13 | 8136.92 | 325676368 | 564720693794 | 3.28 |
| 2026-01-22 | 8272.47 | 8309.35 | 8314.22 | 8252.74 | 328563281 | 571805715998 | 3.31 |
| 2026-01-23 | 8331.77 | 8470.74 | 8478.56 | 8323.35 | 393043020 | 681947636158 | 3.96 |
| 2026-01-26 | 8513.22 | 8365.43 | 8530.42 | 8302.10 | 403428375 | 703181530463 | 4.06 |
| 2026-01-27 | 8325.43 | 8382.15 | 8406.10 | 8186.24 | 365657328 | 630208311334 | 3.68 |
| 2026-01-28 | 8392.75 | 8399.79 | 8432.62 | 8334.68 | 349658293 | 627356672600 | 3.52 |
| 2026-01-29 | 8380.61 | 8332.21 | 8463.12 | 8308.82 | 401987982 | 677736377632 | 4.05 |
| 2026-01-30 | 8255.33 | 8254.86 | 8313.23 | 8083.97 | 364916451 | 596749295785 | 3.67 |
| 2026-02-02 | 8166.74 | 7975.43 | 8221.58 | 7974.60 | 308321467 | 498940799234 | 3.10 |
| 2026-02-03 | 8058.76 | 8209.10 | 8210.05 | 8023.24 | 299218458 | 525759546405 | 3.01 |
| 2026-02-04 | 8184.20 | 8207.12 | 8216.20 | 8101.20 | 316461150 | 516215155945 | 3.19 |
| 2026-02-05 | 8121.51 | 8068.08 | 8154.56 | 8027.62 | 275816823 | 440964669773 | 2.78 |
| 2026-02-06 | 7980.47 | 8051.57 | 8152.32 | 7950.01 | 281083563 | 444590291967 | 2.83 |
| 2026-02-09 | 8177.29 | 8233.78 | 8235.15 | 8149.65 | 282848169 | 482557298732 | 2.85 |
| 2026-02-10 | 8246.22 | 8250.30 | 8274.14 | 8199.51 | 291916250 | 475050653321 | 2.94 |
| 2026-02-11 | 8239.17 | 8239.51 | 8304.13 | 8236.96 | 273234312 | 438065440518 | 2.75 |
| 2026-02-12 | 8252.19 | 8314.83 | 8337.37 | 8227.60 | 277596736 | 467860009633 | 2.79 |
| 2026-02-13 | 8272.88 | 8204.83 | 8323.72 | 8200.15 | 261146312 | 438924354793 | 2.63 |
| 2026-02-24 | 8319.69 | 8299.77 | 8356.91 | 8236.71 | 279479620 | 469515616942 | 2.81 |
| 2026-02-25 | 8320.61 | 8426.33 | 8449.76 | 8310.33 | 333447346 | 533140591770 | 3.36 |
| 2026-02-26 | 8447.78 | 8490.62 | 8496.75 | 8398.07 | 333147608 | 571186057010 | 3.35 |
| 2026-02-27 | 8434.10 | 8560.84 | 8561.30 | 8433.72 | 313899563 | 549574087531 | 3.16 |
| 2026-03-02 | 8464.27 | 8476.97 | 8535.81 | 8393.93 | 378906281 | 659006885199 | 3.81 |
| 2026-03-03 | 8495.95 | 8142.45 | 8510.85 | 8128.30 | 390189579 | 664863752043 | 3.93 |
| 2026-03-04 | 8039.59 | 8094.52 | 8228.90 | 8039.59 | 320689561 | 502701509918 | 3.23 |
| 2026-03-05 | 8235.37 | 8171.12 | 8243.83 | 8121.38 | 315360181 | 508728534262 | 3.17 |
| 2026-03-06 | 8120.49 | 8248.86 | 8273.68 | 8115.48 | 294633269 | 474128426843 | 2.97 |
| 2026-03-09 | 8131.74 | 8203.87 | 8230.66 | 7983.57 | 356307887 | 568760663974 | 3.59 |
| 2026-03-10 | 8272.94 | 8350.09 | 8351.67 | 8271.49 | 311685273 | 533511444229 | 3.14 |
| 2026-03-11 | 8356.09 | 8363.53 | 8394.12 | 8334.33 | 321737332 | 549266931145 | 3.24 |
| 2026-03-12 | 8357.35 | 8335.91 | 8388.63 | 8267.39 | 328212747 | 531966072601 | 3.30 |
| 2026-03-13 | 8297.91 | 8214.29 | 8350.92 | 8196.37 | 333123020 | 523300349106 | 3.35 |
| 2026-03-16 | 8212.27 | 8211.35 | 8226.03 | 8089.49 | 311532458 | 489125149211 | 3.14 |
| 2026-03-17 | 8219.50 | 8019.86 | 8223.99 | 8019.08 | 299723380 | 452754327271 | 3.02 |
| 2026-03-18 | 8050.71 | 8096.59 | 8105.81 | 7970.19 | 270893554 | 419893070234 | 2.73 |
| 2026-03-19 | 7988.87 | 7909.23 | 8008.39 | 7874.26 | 284591099 | 443807163446 | 2.86 |
| 2026-03-20 | 7943.41 | 7783.43 | 7996.16 | 7781.58 | 299022963 | 486114330317 | 3.01 |
| 2026-03-23 | 7632.97 | 7409.11 | 7712.04 | 7357.70 | 349256210 | 505938395298 | 3.52 |
| 2026-03-24 | 7538.70 | 7600.86 | 7601.88 | 7361.79 | 293855085 | 432416549030 | 2.96 |
| 2026-03-25 | 7654.78 | 7751.18 | 7781.20 | 7654.78 | 303668817 | 471082962177 | 3.06 |
| 2026-03-26 | 7733.70 | 7639.38 | 7775.89 | 7614.89 | 273455133 | 404052687697 | 2.75 |
| 2026-03-27 | 7526.59 | 7746.31 | 7784.55 | 7526.59 | 258895274 | 403803691770 | 2.61 |
| 2026-03-30 | 7664.64 | 7767.93 | 7774.85 | 7618.96 | 261174129 | 411973881300 | 2.63 |
| 2026-03-31 | 7741.96 | 7619.85 | 7789.24 | 7618.19 | 255255790 | 404652134125 | 2.57 |
| 2026-04-01 | 7767.88 | 7764.15 | 7786.76 | 7692.01 | 255975644 | 420061154056 | 2.58 |
| 2026-04-02 | 7733.75 | 7623.42 | 7764.03 | 7581.39 | 246841161 | 388676703462 | 2.48 |
| 2026-04-03 | 7658.82 | 7536.60 | 7664.76 | 7521.94 | 223680349 | 354378845651 | 2.25 |
| 2026-04-07 | 7556.28 | 7606.02 | 7640.51 | 7554.41 | 210974357 | 343772200426 | 2.12 |
| 2026-04-08 | 7765.55 | 7955.77 | 7955.77 | 7765.20 | 297885172 | 520657875320 | 3.00 |
| 2026-04-09 | 7881.80 | 7921.45 | 7959.07 | 7872.47 | 260650171 | 466353987595 | 2.62 |
| 2026-04-10 | 7981.62 | 7998.23 | 8059.76 | 7981.62 | 262415285 | 494992306541 | 2.64 |
| 2026-04-13 | 7947.22 | 8025.57 | 8040.03 | 7947.22 | 249849773 | 452431894323 | 2.52 |
| 2026-04-14 | 8088.05 | 8144.76 | 8144.76 | 8059.38 | 266305825 | 509465034837 | 2.68 |
| 2026-04-15 | 8186.07 | 8106.16 | 8193.30 | 8083.27 | 273841846 | 520849253124 | 2.76 |
| 2026-04-16 | 8120.36 | 8232.98 | 8239.01 | 8100.49 | 279584433 | 504935058834 | 2.81 |
| 2026-04-17 | 8225.73 | 8307.44 | 8333.22 | 8223.71 | 285103443 | 530440512312 | 2.87 |
| 2026-04-20 | 8308.06 | 8357.81 | 8374.81 | 8308.06 | 292029604 | 559665065902 | 2.94 |
| 2026-04-21 | 8331.59 | 8351.16 | 8358.12 | 8270.16 | 278996210 | 521902188212 | 2.81 |
| 2026-04-22 | 8317.28 | 8481.24 | 8482.15 | 8317.28 | 281705539 | 558389615170 | 2.84 |
| 2026-04-23 | 8489.00 | 8362.74 | 8500.44 | 8302.85 | 319791492 | 623696526109 | 3.22 |
| 2026-04-24 | 8318.60 | 8304.14 | 8360.79 | 8254.43 | 293748118 | 566282031230 | 2.96 |
| 2026-04-27 | 8292.81 | 8338.73 | 8366.31 | 8249.94 | 277060124 | 544735960417 | 2.79 |
| 2026-04-28 | 8307.69 | 8226.69 | 8316.27 | 8187.24 | 284970446 | 549201647096 | 2.87 |
| 2026-04-29 | 8163.35 | 8343.07 | 8361.49 | 8163.35 | 289099456 | 557143418183 | 2.91 |
| 2026-04-30 | 8345.25 | 8381.95 | 8402.36 | 8324.29 | 299115110 | 595981862152 | 3.01 |
| 2026-05-06 | 8462.02 | 8574.56 | 8610.88 | 8462.02 | 330853371 | 690961217003 | 3.33 |
| 2026-05-07 | 8602.15 | 8714.51 | 8716.86 | 8573.30 | 332477190 | 687608424375 | 3.35 |
| 2026-05-08 | 8655.13 | 8741.15 | 8760.19 | 8651.06 | 321781545 | 656747057094 | 3.24 |
| 2026-05-11 | 8807.91 | 8866.78 | 8888.87 | 8760.71 | 344807972 | 742541492856 | 3.47 |
| 2026-05-12 | 8880.41 | 8821.89 | 8881.90 | 8749.72 | 320849278 | 683458191310 | 3.23 |
| 2026-05-13 | 8764.02 | 8955.45 | 8958.46 | 8764.02 | 319152706 | 677186620719 | 3.21 |
| 2026-05-14 | 8989.49 | 8778.71 | 8991.85 | 8778.71 | 356344177 | 730969710799 | 3.59 |
| 2026-05-15 | 8786.38 | 8682.65 | 8846.52 | 8616.06 | 355707317 | 730238194125 | 3.58 |
| 2026-05-18 | 8645.76 | 8720.21 | 8766.31 | 8610.74 | 300420672 | 628497008229 | 3.02 |
| 2026-05-19 | 8691.38 | 8808.64 | 8812.03 | 8602.05 | 299219845 | 628935613995 | 3.01 |
| 2026-05-20 | 8769.10 | 8808.91 | 8823.68 | 8697.40 | 306719188 | 653945996335 | 3.09 |
| 2026-05-21 | 8852.43 | 8510.50 | 8896.60 | 8500.92 | 350037951 | 744490227370 | 3.52 |
| 2026-05-22 | 8578.90 | 8692.67 | 8719.39 | 8521.70 | 286812407 | 613491387498 | 2.89 |
| 2026-05-25 | 8756.46 | 8799.31 | 8802.95 | 8670.72 | 302896006 | 668583970115 | 3.05 |
| 2026-05-26 | 8755.91 | 8687.25 | 8756.46 | 8560.80 | 314373551 | 681153504049 | 3.16 |
| 2026-05-27 | 8679.54 | 8546.51 | 8737.05 | 8495.72 | 313112354 | 668282707863 | 3.15 |
| 2026-05-28 | 8527.91 | 8637.74 | 8659.61 | 8459.95 | 300747650 | 636606110726 | 3.03 |
| 2026-05-29 | 8673.80 | 8408.74 | 8680.27 | 8357.80 | 332780217 | 705660466957 | 3.35 |
| 2026-06-01 | 8393.52 | 8345.13 | 8504.98 | 8339.35 | 305706423 | 607633321059 | 3.08 |
| 2026-06-02 | 8360.81 | 8384.78 | 8440.23 | 8219.15 | 292777853 | 589657282873 | 2.95 |
| 2026-06-03 | 8386.86 | 8432.68 | 8549.25 | 8357.46 | 318291166 | 688232619746 | 3.20 |
| 2026-06-04 | 8338.85 | 8420.09 | 8456.02 | 8338.85 | 286173609 | 599542777866 | 2.88 |
| 2026-06-05 | 8380.85 | 8340.96 | 8500.10 | 8305.40 | 314953576 | 664778756146 | 3.17 |
| 2026-06-08 | 8069.48 | 8081.26 | 8260.19 | 7987.40 | 303536985 | 603155103799 | 3.06 |
| 2026-06-09 | 8178.82 | 8318.70 | 8322.11 | 8096.58 | 293097597 | 602773097270 | 2.95 |
| 2026-06-10 | 8232.02 | 8198.72 | 8285.29 | 8103.01 | 286844566 | 582026561182 | 2.89 |
| 2026-06-11 | 8158.46 | 8159.45 | 8223.53 | 8084.90 | 271163953 | 577080601081 | 2.73 |
| 2026-06-12 | 8294.90 | 8202.80 | 8348.79 | 8181.42 | 328599085 | 717319013093 | 3.31 |
| 2026-06-15 | 8269.40 | 8521.23 | 8521.23 | 8269.40 | 296012067 | 640124261587 | 2.98 |
| 2026-06-16 | 8534.27 | 8646.40 | 8684.65 | 8508.91 | 298022607 | 683488867029 | 3.00 |
| 2026-06-17 | 8581.65 | 8704.47 | 8705.40 | 8581.65 | 282227937 | 658867267024 | 2.84 |
| 2026-06-18 | 8666.64 | 8771.02 | 8796.48 | 8664.28 | 290062435 | 680473865689 | 2.92 |
| 2026-06-22 | 8813.72 | 8865.68 | 8865.81 | 8609.61 | 335718210 | 786541007011 | 3.38 |
| 2026-06-23 | 8838.76 | 8680.04 | 8862.72 | 8626.10 | 303954878 | 707484276759 | 3.06 |
| 2026-06-24 | 8650.82 | 8793.49 | 8803.50 | 8581.75 | 286867145 | 680312177616 | 2.89 |
| 2026-06-25 | 8806.07 | 8825.92 | 8872.12 | 8743.25 | 305442638 | 729838211068 | 3.07 |
| 2026-06-26 | 8771.60 | 8601.41 | 8797.28 | 8563.70 | 321227656 | 755464112293 | 3.23 |
| 2026-06-29 | 8616.42 | 8597.89 | 8677.63 | 8413.86 | 309871021 | 750058629128 | 3.12 |
| 2026-06-30 | 8574.25 | 8809.79 | 8815.11 | 8547.31 | 279117364 | 685381605224 | 2.81 |
| 2026-07-01 | 8827.47 | 8876.63 | 8944.19 | 8806.65 | 325765871 | 782800133621 | 3.28 |
| 2026-07-02 | 8688.29 | 8625.33 | 8865.97 | 8598.87 | 310858902 | 717867291622 | 3.13 |
| 2026-07-03 | 8627.38 | 8620.79 | 8740.67 | 8559.28 | 290244508 | 674994834099 | 2.92 |
| 2026-07-06 | 8669.12 | 8472.60 | 8694.80 | 8432.90 | 281224208 | 655013068731 | 2.83 |
| 2026-07-07 | 8436.39 | 8301.80 | 8489.48 | 8261.40 | 244575082 | 544456254012 | 2.46 |
| 2026-07-08 | 8315.96 | 8117.86 | 8328.96 | 8117.86 | 238283926 | 527640623974 | 2.40 |
| 2026-07-09 | 8161.86 | 8300.08 | 8312.62 | 7978.81 | 254579344 | 580421702888 | 2.56 |
| 2026-07-10 | 8312.49 | 8198.31 | 8438.19 | 8198.31 | 308503609 | 691814043744 | 3.11 |
| 2026-07-13 | 8124.36 | 7787.85 | 8171.50 | 7769.29 | 285286344 | 573788494518 | 2.87 |
| 2026-07-14 | 7799.81 | 7925.12 | 7934.10 | 7657.67 | 255892015 | 519230856494 | 2.58 |
| 2026-07-15 | 7959.37 | 7817.83 | 7979.08 | 7783.22 | 258433271 | 504268472800 | 2.60 |
| 2026-07-16 | 7713.14 | 7631.76 | 7836.39 | 7591.42 | 248226871 | 473090736173 | 2.50 |
| 2026-07-17 | 7599.39 | 7168.00 | 7605.61 | 7163.31 | 296242245 | 510907297887 | 2.98 |
| 2026-07-20 | 7256.27 | 6965.38 | 7298.12 | 6824.14 | 308186914 | 518121843932 | 3.10 |
| 2026-07-21 | 6975.89 | 7259.86 | 7264.34 | 6714.19 | 334989399 | 572869030333 | 3.37 |
| 2026-07-22 | 7196.86 | 7158.76 | 7302.45 | 7118.66 | 291582470 | 518357580391 | 2.94 |
| 2026-07-23 | 7169.54 | 7195.50 | 7247.14 | 7113.50 | 250502727 | 422221092352 | 2.52 |
| 2026-07-24 | 7109.25 | 6995.69 | 7174.55 | 6995.69 | 229026635 | 379813289830 | 2.31 |
| 2026-07-27 | 6981.16 | 7228.78 | 7228.78 | 6972.28 | 225960825 | 390089645452 | 2.27 |
| 2026-07-28 | 7135.73 | 7026.28 | 7189.18 | 6992.94 | 225776735 | 393766907544 | 2.27 |
| 2026-07-29 | 7020.22 | 7095.19 | 7132.35 | 6897.39 | 271374083 | 458880097395 | 2.73 |
| 2026-07-30 | 7053.09 | 6900.66 | 7121.52 | 6841.75 | 259507814 | 436231656989 | 2.61 |
| 2026-07-31 | 7082.75 | 7075.51 | 7218.06 | 7071.05 | 283219421 | 498602137176 | 2.85 |
| 2026-08-03 | 7055.27 | 7079.78 | 7118.10 | 7042.89 | 233392381 | 391183027570 | 2.35 |
| 2026-08-04 | 7128.49 | 7279.19 | 7307.17 | 7102.46 | 250083613 | 434310206456 | 2.52 |
| 2026-08-05 | 7253.22 | 7493.05 | 7523.50 | 7253.22 | 272396847 | 511649034532 | 2.74 |
| 2026-08-06 | 7440.01 | 7530.43 | 7564.69 | 7434.49 | 280402295 | 528647305598 | 2.82 |
| 2026-08-07 | 7534.24 | 7679.53 | 7685.57 | 7448.46 | 282600105 | 568415439330 | 2.84 |
| 2026-08-10 | 7723.38 | 7733.90 | 7736.10 | 7621.65 | 256496918 | 529904419097 | 2.58 |
| 2026-08-11 | 7686.04 | 7698.05 | 7789.21 | 7642.44 | 253137973 | 515282077802 | 2.55 |
| 2026-08-12 | 7704.96 | 7793.72 | 7805.27 | 7692.44 | 241881894 | 479805234397 | 2.43 |
| 2026-08-13 | 7847.24 | 7715.89 | 7880.22 | 7714.37 | 281525686 | 564757582833 | 2.83 |
| 2026-08-14 | 7750.99 | 7769.82 | 7784.38 | 7673.44 | 250317817 | 482267627398 | 2.52 |
| 2026-08-17 | 7797.18 | 7968.38 | 7968.38 | 7750.43 | 248445471 | 523862481012 | 2.50 |
| 2026-08-18 | 7969.37 | 7945.96 | 7995.50 | 7842.25 | 251232903 | 539221917794 | 2.53 |
| 2026-08-19 | 7795.26 | 7517.77 | 7821.18 | 7490.21 | 265195094 | 534762702043 | 2.67 |
| 2026-08-20 | 7602.50 | 7589.78 | 7656.61 | 7541.48 | 241047990 | 468735987615 | 2.43 |
| 2026-08-21 | 7555.55 | 7601.80 | 7634.08 | 7472.49 | 219518440 | 415934986591 | 2.21 |
